Pair_ID,SMILE_A,SMILE_B
Pair_1,[*]NC(C(N1CCCC1C(NCC(N2CC(CC2C(NC(C(NCC([*])=O)=O)CO)=O)O)=O)=O)=O)CCCCN,[*]NC(CCCCNC(C(C)=C)=O)C(N1CCCC1C(NCC(N2CC(O)CC2C(NC(COC(C(C)=C)=O)C(NCC([*])=O)=O)=O)=O)=O)=O
Pair_2,OCC(C(C(C1N)O)O[*])OC1OC2C(OC(C(C2O)N)[*])CO,[*]NC(C(N1CCCC1C(NCC(N2CC(CC2C(NC(C(NCC([*])=O)=O)CO)=O)O)=O)=O)=O)CCCCN
Pair_3,[*]C([H])([H])C(O)([H])[*],[*]NC(C(N1CCCC1C(NCC(N2CC(CC2C(NC(C(NCC([*])=O)=O)CO)=O)O)=O)=O)=O)CCCCN
Pair_4,[*]NC(C(N1CCCC1C(NCC(N2CC(CC2C(NC(C(NCC([*])=O)=O)CO)=O)O)=O)=O)=O)CCCCN,[H]N(C([H])([H])C(N([H])C(C)([H])C(N(C([H])([H])C([*])=O)[H])=O)=O)C(C(N([*])[H])(C)[H])=O
Pair_5,[*]NC(C(N1CCCC1C(NCC(N2CC(CC2C(NC(C(NCC([*])=O)=O)CO)=O)O)=O)=O)=O)CCCCN,[*]OC1C(C(O)=O)OC(OC2C(NC(C)=O)C([*])OC(CO)C2O)C(O)C1O
Pair_6,[*]NC(C(N1CCCC1C(NCC(N2CC(CC2C(NC(C(NCC([*])=O)=O)CO)=O)O)=O)=O)=O)CCCCN,[*]OCC[*]
Pair_7,[*]C1C(C(C(OC1C(O[Na])=O)OC2C(C(O[Na])=O)OC(O[*])C(O)C2O)O)O,[*]NC(C(N1CCCC1C(NCC(N2CC(CC2C(NC(C(NCC([*])=O)=O)CO)=O)O)=O)=O)=O)CCCCN
Pair_8,O=C(C(C[*])[*])N,[*]NC(C(N1CCCC1C(NCC(N2CC(CC2C(NC(C(NCC([*])=O)=O)CO)=O)O)=O)=O)=O)CCCCN
Pair_9,OC1C(OC(C(C1O)O)[*])CO[*],[*]NC(C(N1CCCC1C(NCC(N2CC(CC2C(NC(C(NCC([*])=O)=O)CO)=O)O)=O)=O)=O)CCCCN
Pair_10,OCC1OC(C(C(C1[*])O)O)OC2C(C(C(OC2CO)O[*])O)O,[*]NC(C(N1CCCC1C(NCC(N2CC(CC2C(NC(C(NCC([*])=O)=O)CO)=O)O)=O)=O)=O)CCCCN
Pair_11,[*]C1C(OC(C(C1O)O)OC2C(OC(C(C2O)O)OC3C(OC(C(C3O)O)O[*])CO)CO)CO,[*]NC(C(N1CCCC1C(NCC(N2CC(CC2C(NC(C(NCC([*])=O)=O)CO)=O)O)=O)=O)=O)CCCCN
Pair_12,[*]C([C@H](C)OC([C@H](C)O[*])=O)=O,[*]NC(C(N1CCCC1C(NCC(N2CC(CC2C(NC(C(NCC([*])=O)=O)CO)=O)O)=O)=O)=O)CCCCN
Pair_13,[*]NC(C(N1CCCC1C(NCC(N2CC(CC2C(NC(C(NCC([*])=O)=O)CO)=O)O)=O)=O)=O)CCCCN,[*]NC(C(O)=O)CCC([*])=O
Pair_14,[*]C(CCCCCO[*])=O,[*]NC(C(N1CCCC1C(NCC(N2CC(CC2C(NC(C(NCC([*])=O)=O)CO)=O)O)=O)=O)=O)CCCCN
Pair_15,[*]C(C)C(OCC(O[*])=O)=O,[*]NC(C(N1CCCC1C(NCC(N2CC(CC2C(NC(C(NCC([*])=O)=O)CO)=O)O)=O)=O)=O)CCCCN
Pair_16,O=C(N([*])C([*])=O)CC=C,[*]NC(C(N1CCCC1C(NCC(N2CC(CC2C(NC(C(NCC([*])=O)=O)CO)=O)O)=O)=O)=O)CCCCN
Pair_17,[*]C1=C(C=CN2)C2=C([*])C(O)=C1O,[*]NC(C(N1CCCC1C(NCC(N2CC(CC2C(NC(C(NCC([*])=O)=O)CO)=O)O)=O)=O)=O)CCCCN
Pair_18,OCC1OC(C(C(C1O[*])O)NC(C)=O)OC2C(O)C(C(OC2CO)[*])NC(C)=O,[*]NC(C(N1CCCC1C(NCC(N2CC(CC2C(NC(C(NCC([*])=O)=O)CO)=O)O)=O)=O)=O)CCCCN
Pair_19,O=C(N)C([*])C[*],[*]NC(C(N1CCCC1C(NCC(N2CC(CC2C(NC(C(NCC([*])=O)=O)CO)=O)O)=O)=O)=O)CCCCN
Pair_20,[*]CC(C1=CC=C(C=C1)S(O)(=O)=O)[*],[*]NC(C(N1CCCC1C(NCC(N2CC(CC2C(NC(C(NCC([*])=O)=O)CO)=O)O)=O)=O)=O)CCCCN
Pair_21,CC(NC1C(OC(C(C1OC2OC(C(C(C2OCC(COC(C(C)=C)=O)O)O)O[*])C([O-])=O)O)O)O[*])=O,[*]NC(C(N1CCCC1C(NCC(N2CC(CC2C(NC(C(NCC([*])=O)=O)CO)=O)O)=O)=O)=O)CCCCN
Pair_22,[*]NC(C(N1CCCC1C(NCC(N2CC(CC2C(NC(C(NCC([*])=O)=O)CO)=O)O)=O)=O)=O)CCCCN,[*]NC(CCC([*])=O)C(O)=O
Pair_23,[*]C(C)(C(OCCN(C)C)=O)C[*],[*]NC(C(N1CCCC1C(NCC(N2CC(CC2C(NC(C(NCC([*])=O)=O)CO)=O)O)=O)=O)=O)CCCCN
Pair_24,[*]NC(C(N1CCCC1C(NCC(N2CC(CC2C(NC(C(NCC([*])=O)=O)CO)=O)O)=O)=O)=O)CCCCN,[*]OC1C(C(C(OC1C)OC2C(C(OC(C2O)COC(C)=O)OC3C(C(C(OC3C(O)=O)OC4C(C(C(OC4CO)O[*])O)O)O)O)OC(C(O)CO)=O)O)O
Pair_25,CC(NC1C([C@@H](C(O[C@H]1O[*])CO)O[C@@H]2OC([C@H]([C@@H](C2NC(C)=O)O)[*])CO)O)=O,[*]NC(C(N1CCCC1C(NCC(N2CC(CC2C(NC(C(NCC([*])=O)=O)CO)=O)O)=O)=O)=O)CCCCN
Pair_26,O=C([*])C(C)O[*],[*]NC(C(N1CCCC1C(NCC(N2CC(CC2C(NC(C(NCC([*])=O)=O)CO)=O)O)=O)=O)=O)CCCCN
Pair_27,COCC1OC(OC2C(CO)OC(O[*])C(OC)C2OC)C(OC)C(O)C1O[*],[*]NC(C(N1CCCC1C(NCC(N2CC(CC2C(NC(C(NCC([*])=O)=O)CO)=O)O)=O)=O)=O)CCCCN
Pair_28,[*]NC(C(N1CCCC1C(NCC(N2CC(CC2C(NC(C(NCC([*])=O)=O)CO)=O)O)=O)=O)=O)CCCCN,[H]N(C(O[*])=O)CCCCCCN(C(OCCCCO[*])=O)[H]
Pair_29,COC(C(C[*])([*])C)=O,[*]NC(C(N1CCCC1C(NCC(N2CC(CC2C(NC(C(NCC([*])=O)=O)CO)=O)O)=O)=O)=O)CCCCN
Pair_30,[*]NC(C(N1CCCC1C(NCC(N2CC(CC2C(NC(C(NCC([*])=O)=O)CO)=O)O)=O)=O)=O)CCCCN,[*]OC1OC(CO)C(OC2C(O)C(O)C([*])C(CO)O2)C(O)C1O
Pair_31,[*]CC(C)(C(OCCO)=O)[*],[*]NC(C(N1CCCC1C(NCC(N2CC(CC2C(NC(C(NCC([*])=O)=O)CO)=O)O)=O)=O)=O)CCCCN
Pair_32,[*]C(N(CN(C(OCOC(N(CN(C(OCCO[*])=O)[H])[H])=O)=O)[H])[H])=O,[*]NC(C(N1CCCC1C(NCC(N2CC(CC2C(NC(C(NCC([*])=O)=O)CO)=O)O)=O)=O)=O)CCCCN
Pair_33,O=C([*])CCCCCO[*],[*]NC(C(N1CCCC1C(NCC(N2CC(CC2C(NC(C(NCC([*])=O)=O)CO)=O)O)=O)=O)=O)CCCCN
Pair_34,O=C(N1C(C([*])=O)CC(O)C1)CNC(C2CCCN2[*])=O,[*]NC(C(N1CCCC1C(NCC(N2CC(CC2C(NC(C(NCC([*])=O)=O)CO)=O)O)=O)=O)=O)CCCCN
Pair_35,O=C(C(OC(C=O)OC1C(C(C(OC1C(O[Na])=O)O[*])O)O)C(C=O)[*])O[Na],[*]NC(C(N1CCCC1C(NCC(N2CC(CC2C(NC(C(NCC([*])=O)=O)CO)=O)O)=O)=O)=O)CCCCN
Pair_37,OCC(C(C(C1N)O)O[*])OC1OC2C(OC(C(C2O)N)[*])CO,[*]NC(CCCCNC(C(C)=C)=O)C(N1CCCC1C(NCC(N2CC(O)CC2C(NC(COC(C(C)=C)=O)C(NCC([*])=O)=O)=O)=O)=O)=O
Pair_38,[*]C([H])([H])C(O)([H])[*],[*]NC(CCCCNC(C(C)=C)=O)C(N1CCCC1C(NCC(N2CC(O)CC2C(NC(COC(C(C)=C)=O)C(NCC([*])=O)=O)=O)=O)=O)=O
Pair_39,[*]NC(CCCCNC(C(C)=C)=O)C(N1CCCC1C(NCC(N2CC(O)CC2C(NC(COC(C(C)=C)=O)C(NCC([*])=O)=O)=O)=O)=O)=O,[H]N(C([H])([H])C(N([H])C(C)([H])C(N(C([H])([H])C([*])=O)[H])=O)=O)C(C(N([*])[H])(C)[H])=O
Pair_40,[*]NC(CCCCNC(C(C)=C)=O)C(N1CCCC1C(NCC(N2CC(O)CC2C(NC(COC(C(C)=C)=O)C(NCC([*])=O)=O)=O)=O)=O)=O,[*]OC1C(C(O)=O)OC(OC2C(NC(C)=O)C([*])OC(CO)C2O)C(O)C1O
Pair_41,[*]NC(CCCCNC(C(C)=C)=O)C(N1CCCC1C(NCC(N2CC(O)CC2C(NC(COC(C(C)=C)=O)C(NCC([*])=O)=O)=O)=O)=O)=O,[*]OCC[*]
Pair_42,[*]C1C(C(C(OC1C(O[Na])=O)OC2C(C(O[Na])=O)OC(O[*])C(O)C2O)O)O,[*]NC(CCCCNC(C(C)=C)=O)C(N1CCCC1C(NCC(N2CC(O)CC2C(NC(COC(C(C)=C)=O)C(NCC([*])=O)=O)=O)=O)=O)=O
Pair_43,O=C(C(C[*])[*])N,[*]NC(CCCCNC(C(C)=C)=O)C(N1CCCC1C(NCC(N2CC(O)CC2C(NC(COC(C(C)=C)=O)C(NCC([*])=O)=O)=O)=O)=O)=O
Pair_44,OC1C(OC(C(C1O)O)[*])CO[*],[*]NC(CCCCNC(C(C)=C)=O)C(N1CCCC1C(NCC(N2CC(O)CC2C(NC(COC(C(C)=C)=O)C(NCC([*])=O)=O)=O)=O)=O)=O
Pair_45,OCC1OC(C(C(C1[*])O)O)OC2C(C(C(OC2CO)O[*])O)O,[*]NC(CCCCNC(C(C)=C)=O)C(N1CCCC1C(NCC(N2CC(O)CC2C(NC(COC(C(C)=C)=O)C(NCC([*])=O)=O)=O)=O)=O)=O
Pair_46,[*]C1C(OC(C(C1O)O)OC2C(OC(C(C2O)O)OC3C(OC(C(C3O)O)O[*])CO)CO)CO,[*]NC(CCCCNC(C(C)=C)=O)C(N1CCCC1C(NCC(N2CC(O)CC2C(NC(COC(C(C)=C)=O)C(NCC([*])=O)=O)=O)=O)=O)=O
Pair_47,[*]C([C@H](C)OC([C@H](C)O[*])=O)=O,[*]NC(CCCCNC(C(C)=C)=O)C(N1CCCC1C(NCC(N2CC(O)CC2C(NC(COC(C(C)=C)=O)C(NCC([*])=O)=O)=O)=O)=O)=O
Pair_48,[*]NC(C(O)=O)CCC([*])=O,[*]NC(CCCCNC(C(C)=C)=O)C(N1CCCC1C(NCC(N2CC(O)CC2C(NC(COC(C(C)=C)=O)C(NCC([*])=O)=O)=O)=O)=O)=O
Pair_49,[*]C(CCCCCO[*])=O,[*]NC(CCCCNC(C(C)=C)=O)C(N1CCCC1C(NCC(N2CC(O)CC2C(NC(COC(C(C)=C)=O)C(NCC([*])=O)=O)=O)=O)=O)=O
Pair_50,[*]C(C)C(OCC(O[*])=O)=O,[*]NC(CCCCNC(C(C)=C)=O)C(N1CCCC1C(NCC(N2CC(O)CC2C(NC(COC(C(C)=C)=O)C(NCC([*])=O)=O)=O)=O)=O)=O
Pair_51,O=C(N([*])C([*])=O)CC=C,[*]NC(CCCCNC(C(C)=C)=O)C(N1CCCC1C(NCC(N2CC(O)CC2C(NC(COC(C(C)=C)=O)C(NCC([*])=O)=O)=O)=O)=O)=O
Pair_52,[*]C1=C(C=CN2)C2=C([*])C(O)=C1O,[*]NC(CCCCNC(C(C)=C)=O)C(N1CCCC1C(NCC(N2CC(O)CC2C(NC(COC(C(C)=C)=O)C(NCC([*])=O)=O)=O)=O)=O)=O
Pair_53,OCC1OC(C(C(C1O[*])O)NC(C)=O)OC2C(O)C(C(OC2CO)[*])NC(C)=O,[*]NC(CCCCNC(C(C)=C)=O)C(N1CCCC1C(NCC(N2CC(O)CC2C(NC(COC(C(C)=C)=O)C(NCC([*])=O)=O)=O)=O)=O)=O
Pair_54,O=C(N)C([*])C[*],[*]NC(CCCCNC(C(C)=C)=O)C(N1CCCC1C(NCC(N2CC(O)CC2C(NC(COC(C(C)=C)=O)C(NCC([*])=O)=O)=O)=O)=O)=O
Pair_55,[*]CC(C1=CC=C(C=C1)S(O)(=O)=O)[*],[*]NC(CCCCNC(C(C)=C)=O)C(N1CCCC1C(NCC(N2CC(O)CC2C(NC(COC(C(C)=C)=O)C(NCC([*])=O)=O)=O)=O)=O)=O
Pair_56,CC(NC1C(OC(C(C1OC2OC(C(C(C2OCC(COC(C(C)=C)=O)O)O)O[*])C([O-])=O)O)O)O[*])=O,[*]NC(CCCCNC(C(C)=C)=O)C(N1CCCC1C(NCC(N2CC(O)CC2C(NC(COC(C(C)=C)=O)C(NCC([*])=O)=O)=O)=O)=O)=O
Pair_57,[*]NC(CCC([*])=O)C(O)=O,[*]NC(CCCCNC(C(C)=C)=O)C(N1CCCC1C(NCC(N2CC(O)CC2C(NC(COC(C(C)=C)=O)C(NCC([*])=O)=O)=O)=O)=O)=O
Pair_58,[*]C(C)(C(OCCN(C)C)=O)C[*],[*]NC(CCCCNC(C(C)=C)=O)C(N1CCCC1C(NCC(N2CC(O)CC2C(NC(COC(C(C)=C)=O)C(NCC([*])=O)=O)=O)=O)=O)=O
Pair_59,[*]NC(CCCCNC(C(C)=C)=O)C(N1CCCC1C(NCC(N2CC(O)CC2C(NC(COC(C(C)=C)=O)C(NCC([*])=O)=O)=O)=O)=O)=O,[*]OC1C(C(C(OC1C)OC2C(C(OC(C2O)COC(C)=O)OC3C(C(C(OC3C(O)=O)OC4C(C(C(OC4CO)O[*])O)O)O)O)OC(C(O)CO)=O)O)O
Pair_60,CC(NC1C([C@@H](C(O[C@H]1O[*])CO)O[C@@H]2OC([C@H]([C@@H](C2NC(C)=O)O)[*])CO)O)=O,[*]NC(CCCCNC(C(C)=C)=O)C(N1CCCC1C(NCC(N2CC(O)CC2C(NC(COC(C(C)=C)=O)C(NCC([*])=O)=O)=O)=O)=O)=O
Pair_61,O=C([*])C(C)O[*],[*]NC(CCCCNC(C(C)=C)=O)C(N1CCCC1C(NCC(N2CC(O)CC2C(NC(COC(C(C)=C)=O)C(NCC([*])=O)=O)=O)=O)=O)=O
Pair_62,COCC1OC(OC2C(CO)OC(O[*])C(OC)C2OC)C(OC)C(O)C1O[*],[*]NC(CCCCNC(C(C)=C)=O)C(N1CCCC1C(NCC(N2CC(O)CC2C(NC(COC(C(C)=C)=O)C(NCC([*])=O)=O)=O)=O)=O)=O
Pair_63,[*]NC(CCCCNC(C(C)=C)=O)C(N1CCCC1C(NCC(N2CC(O)CC2C(NC(COC(C(C)=C)=O)C(NCC([*])=O)=O)=O)=O)=O)=O,[H]N(C(O[*])=O)CCCCCCN(C(OCCCCO[*])=O)[H]
Pair_64,COC(C(C[*])([*])C)=O,[*]NC(CCCCNC(C(C)=C)=O)C(N1CCCC1C(NCC(N2CC(O)CC2C(NC(COC(C(C)=C)=O)C(NCC([*])=O)=O)=O)=O)=O)=O
Pair_65,[*]NC(CCCCNC(C(C)=C)=O)C(N1CCCC1C(NCC(N2CC(O)CC2C(NC(COC(C(C)=C)=O)C(NCC([*])=O)=O)=O)=O)=O)=O,[*]OC1OC(CO)C(OC2C(O)C(O)C([*])C(CO)O2)C(O)C1O
Pair_66,[*]CC(C)(C(OCCO)=O)[*],[*]NC(CCCCNC(C(C)=C)=O)C(N1CCCC1C(NCC(N2CC(O)CC2C(NC(COC(C(C)=C)=O)C(NCC([*])=O)=O)=O)=O)=O)=O
Pair_67,[*]C(N(CN(C(OCOC(N(CN(C(OCCO[*])=O)[H])[H])=O)=O)[H])[H])=O,[*]NC(CCCCNC(C(C)=C)=O)C(N1CCCC1C(NCC(N2CC(O)CC2C(NC(COC(C(C)=C)=O)C(NCC([*])=O)=O)=O)=O)=O)=O
Pair_68,O=C([*])CCCCCO[*],[*]NC(CCCCNC(C(C)=C)=O)C(N1CCCC1C(NCC(N2CC(O)CC2C(NC(COC(C(C)=C)=O)C(NCC([*])=O)=O)=O)=O)=O)=O
Pair_69,O=C(N1C(C([*])=O)CC(O)C1)CNC(C2CCCN2[*])=O,[*]NC(CCCCNC(C(C)=C)=O)C(N1CCCC1C(NCC(N2CC(O)CC2C(NC(COC(C(C)=C)=O)C(NCC([*])=O)=O)=O)=O)=O)=O
Pair_70,O=C(C(OC(C=O)OC1C(C(C(OC1C(O[Na])=O)O[*])O)O)C(C=O)[*])O[Na],[*]NC(CCCCNC(C(C)=C)=O)C(N1CCCC1C(NCC(N2CC(O)CC2C(NC(COC(C(C)=C)=O)C(NCC([*])=O)=O)=O)=O)=O)=O
Pair_73,OCC(C(C(C1N)O)O[*])OC1OC2C(OC(C(C2O)N)[*])CO,[*]C([H])([H])C(O)([H])[*]
Pair_74,OCC(C(C(C1N)O)O[*])OC1OC2C(OC(C(C2O)N)[*])CO,[H]N(C([H])([H])C(N([H])C(C)([H])C(N(C([H])([H])C([*])=O)[H])=O)=O)C(C(N([*])[H])(C)[H])=O
Pair_75,OCC(C(C(C1N)O)O[*])OC1OC2C(OC(C(C2O)N)[*])CO,[*]OC1C(C(O)=O)OC(OC2C(NC(C)=O)C([*])OC(CO)C2O)C(O)C1O
Pair_76,OCC(C(C(C1N)O)O[*])OC1OC2C(OC(C(C2O)N)[*])CO,[*]OCC[*]
Pair_77,OCC(C(C(C1N)O)O[*])OC1OC2C(OC(C(C2O)N)[*])CO,[*]C1C(C(C(OC1C(O[Na])=O)OC2C(C(O[Na])=O)OC(O[*])C(O)C2O)O)O
Pair_78,O=C(C(C[*])[*])N,OCC(C(C(C1N)O)O[*])OC1OC2C(OC(C(C2O)N)[*])CO
Pair_79,OC1C(OC(C(C1O)O)[*])CO[*],OCC(C(C(C1N)O)O[*])OC1OC2C(OC(C(C2O)N)[*])CO
Pair_80,OCC(C(C(C1N)O)O[*])OC1OC2C(OC(C(C2O)N)[*])CO,OCC1OC(C(C(C1[*])O)O)OC2C(C(C(OC2CO)O[*])O)O
Pair_81,OCC(C(C(C1N)O)O[*])OC1OC2C(OC(C(C2O)N)[*])CO,[*]C1C(OC(C(C1O)O)OC2C(OC(C(C2O)O)OC3C(OC(C(C3O)O)O[*])CO)CO)CO
Pair_82,OCC(C(C(C1N)O)O[*])OC1OC2C(OC(C(C2O)N)[*])CO,[*]C([C@H](C)OC([C@H](C)O[*])=O)=O
Pair_83,OCC(C(C(C1N)O)O[*])OC1OC2C(OC(C(C2O)N)[*])CO,[*]NC(C(O)=O)CCC([*])=O
Pair_84,OCC(C(C(C1N)O)O[*])OC1OC2C(OC(C(C2O)N)[*])CO,[*]C(CCCCCO[*])=O
Pair_85,OCC(C(C(C1N)O)O[*])OC1OC2C(OC(C(C2O)N)[*])CO,[*]C(C)C(OCC(O[*])=O)=O
Pair_86,O=C(N([*])C([*])=O)CC=C,OCC(C(C(C1N)O)O[*])OC1OC2C(OC(C(C2O)N)[*])CO
Pair_87,OCC(C(C(C1N)O)O[*])OC1OC2C(OC(C(C2O)N)[*])CO,[*]C1=C(C=CN2)C2=C([*])C(O)=C1O
Pair_88,OCC(C(C(C1N)O)O[*])OC1OC2C(OC(C(C2O)N)[*])CO,OCC1OC(C(C(C1O[*])O)NC(C)=O)OC2C(O)C(C(OC2CO)[*])NC(C)=O
Pair_89,O=C(N)C([*])C[*],OCC(C(C(C1N)O)O[*])OC1OC2C(OC(C(C2O)N)[*])CO
Pair_90,OCC(C(C(C1N)O)O[*])OC1OC2C(OC(C(C2O)N)[*])CO,[*]CC(C1=CC=C(C=C1)S(O)(=O)=O)[*]
Pair_91,CC(NC1C(OC(C(C1OC2OC(C(C(C2OCC(COC(C(C)=C)=O)O)O)O[*])C([O-])=O)O)O)O[*])=O,OCC(C(C(C1N)O)O[*])OC1OC2C(OC(C(C2O)N)[*])CO
Pair_92,OCC(C(C(C1N)O)O[*])OC1OC2C(OC(C(C2O)N)[*])CO,[*]NC(CCC([*])=O)C(O)=O
Pair_93,OCC(C(C(C1N)O)O[*])OC1OC2C(OC(C(C2O)N)[*])CO,[*]C(C)(C(OCCN(C)C)=O)C[*]
Pair_94,OCC(C(C(C1N)O)O[*])OC1OC2C(OC(C(C2O)N)[*])CO,[*]OC1C(C(C(OC1C)OC2C(C(OC(C2O)COC(C)=O)OC3C(C(C(OC3C(O)=O)OC4C(C(C(OC4CO)O[*])O)O)O)O)OC(C(O)CO)=O)O)O
Pair_95,CC(NC1C([C@@H](C(O[C@H]1O[*])CO)O[C@@H]2OC([C@H]([C@@H](C2NC(C)=O)O)[*])CO)O)=O,OCC(C(C(C1N)O)O[*])OC1OC2C(OC(C(C2O)N)[*])CO
Pair_96,O=C([*])C(C)O[*],OCC(C(C(C1N)O)O[*])OC1OC2C(OC(C(C2O)N)[*])CO
Pair_97,COCC1OC(OC2C(CO)OC(O[*])C(OC)C2OC)C(OC)C(O)C1O[*],OCC(C(C(C1N)O)O[*])OC1OC2C(OC(C(C2O)N)[*])CO
Pair_98,OCC(C(C(C1N)O)O[*])OC1OC2C(OC(C(C2O)N)[*])CO,[H]N(C(O[*])=O)CCCCCCN(C(OCCCCO[*])=O)[H]
Pair_99,COC(C(C[*])([*])C)=O,OCC(C(C(C1N)O)O[*])OC1OC2C(OC(C(C2O)N)[*])CO
Pair_100,OCC(C(C(C1N)O)O[*])OC1OC2C(OC(C(C2O)N)[*])CO,[*]OC1OC(CO)C(OC2C(O)C(O)C([*])C(CO)O2)C(O)C1O
Pair_101,OCC(C(C(C1N)O)O[*])OC1OC2C(OC(C(C2O)N)[*])CO,[*]CC(C)(C(OCCO)=O)[*]
Pair_102,OCC(C(C(C1N)O)O[*])OC1OC2C(OC(C(C2O)N)[*])CO,[*]C(N(CN(C(OCOC(N(CN(C(OCCO[*])=O)[H])[H])=O)=O)[H])[H])=O
Pair_103,O=C([*])CCCCCO[*],OCC(C(C(C1N)O)O[*])OC1OC2C(OC(C(C2O)N)[*])CO
Pair_104,O=C(N1C(C([*])=O)CC(O)C1)CNC(C2CCCN2[*])=O,OCC(C(C(C1N)O)O[*])OC1OC2C(OC(C(C2O)N)[*])CO
Pair_105,O=C(C(OC(C=O)OC1C(C(C(OC1C(O[Na])=O)O[*])O)O)C(C=O)[*])O[Na],OCC(C(C(C1N)O)O[*])OC1OC2C(OC(C(C2O)N)[*])CO
Pair_109,[*]C([H])([H])C(O)([H])[*],[H]N(C([H])([H])C(N([H])C(C)([H])C(N(C([H])([H])C([*])=O)[H])=O)=O)C(C(N([*])[H])(C)[H])=O
Pair_110,[*]C([H])([H])C(O)([H])[*],[*]OC1C(C(O)=O)OC(OC2C(NC(C)=O)C([*])OC(CO)C2O)C(O)C1O
Pair_111,[*]C([H])([H])C(O)([H])[*],[*]OCC[*]
Pair_112,[*]C([H])([H])C(O)([H])[*],[*]C1C(C(C(OC1C(O[Na])=O)OC2C(C(O[Na])=O)OC(O[*])C(O)C2O)O)O
Pair_113,O=C(C(C[*])[*])N,[*]C([H])([H])C(O)([H])[*]
Pair_114,OC1C(OC(C(C1O)O)[*])CO[*],[*]C([H])([H])C(O)([H])[*]
Pair_115,OCC1OC(C(C(C1[*])O)O)OC2C(C(C(OC2CO)O[*])O)O,[*]C([H])([H])C(O)([H])[*]
Pair_116,[*]C([H])([H])C(O)([H])[*],[*]C1C(OC(C(C1O)O)OC2C(OC(C(C2O)O)OC3C(OC(C(C3O)O)O[*])CO)CO)CO
Pair_117,[*]C([C@H](C)OC([C@H](C)O[*])=O)=O,[*]C([H])([H])C(O)([H])[*]
Pair_118,[*]C([H])([H])C(O)([H])[*],[*]NC(C(O)=O)CCC([*])=O
Pair_119,[*]C(CCCCCO[*])=O,[*]C([H])([H])C(O)([H])[*]
Pair_120,[*]C(C)C(OCC(O[*])=O)=O,[*]C([H])([H])C(O)([H])[*]
Pair_121,O=C(N([*])C([*])=O)CC=C,[*]C([H])([H])C(O)([H])[*]
Pair_122,[*]C([H])([H])C(O)([H])[*],[*]C1=C(C=CN2)C2=C([*])C(O)=C1O
Pair_123,OCC1OC(C(C(C1O[*])O)NC(C)=O)OC2C(O)C(C(OC2CO)[*])NC(C)=O,[*]C([H])([H])C(O)([H])[*]
Pair_124,O=C(N)C([*])C[*],[*]C([H])([H])C(O)([H])[*]
Pair_125,[*]C([H])([H])C(O)([H])[*],[*]CC(C1=CC=C(C=C1)S(O)(=O)=O)[*]
Pair_126,CC(NC1C(OC(C(C1OC2OC(C(C(C2OCC(COC(C(C)=C)=O)O)O)O[*])C([O-])=O)O)O)O[*])=O,[*]C([H])([H])C(O)([H])[*]
Pair_127,[*]C([H])([H])C(O)([H])[*],[*]NC(CCC([*])=O)C(O)=O
Pair_128,[*]C(C)(C(OCCN(C)C)=O)C[*],[*]C([H])([H])C(O)([H])[*]
Pair_129,[*]C([H])([H])C(O)([H])[*],[*]OC1C(C(C(OC1C)OC2C(C(OC(C2O)COC(C)=O)OC3C(C(C(OC3C(O)=O)OC4C(C(C(OC4CO)O[*])O)O)O)O)OC(C(O)CO)=O)O)O
Pair_130,CC(NC1C([C@@H](C(O[C@H]1O[*])CO)O[C@@H]2OC([C@H]([C@@H](C2NC(C)=O)O)[*])CO)O)=O,[*]C([H])([H])C(O)([H])[*]
Pair_131,O=C([*])C(C)O[*],[*]C([H])([H])C(O)([H])[*]
Pair_132,COCC1OC(OC2C(CO)OC(O[*])C(OC)C2OC)C(OC)C(O)C1O[*],[*]C([H])([H])C(O)([H])[*]
Pair_133,[*]C([H])([H])C(O)([H])[*],[H]N(C(O[*])=O)CCCCCCN(C(OCCCCO[*])=O)[H]
Pair_134,COC(C(C[*])([*])C)=O,[*]C([H])([H])C(O)([H])[*]
Pair_135,[*]C([H])([H])C(O)([H])[*],[*]OC1OC(CO)C(OC2C(O)C(O)C([*])C(CO)O2)C(O)C1O
Pair_136,[*]C([H])([H])C(O)([H])[*],[*]CC(C)(C(OCCO)=O)[*]
Pair_137,[*]C(N(CN(C(OCOC(N(CN(C(OCCO[*])=O)[H])[H])=O)=O)[H])[H])=O,[*]C([H])([H])C(O)([H])[*]
Pair_138,O=C([*])CCCCCO[*],[*]C([H])([H])C(O)([H])[*]
Pair_139,O=C(N1C(C([*])=O)CC(O)C1)CNC(C2CCCN2[*])=O,[*]C([H])([H])C(O)([H])[*]
Pair_140,O=C(C(OC(C=O)OC1C(C(C(OC1C(O[Na])=O)O[*])O)O)C(C=O)[*])O[Na],[*]C([H])([H])C(O)([H])[*]
Pair_145,[*]OC1C(C(O)=O)OC(OC2C(NC(C)=O)C([*])OC(CO)C2O)C(O)C1O,[H]N(C([H])([H])C(N([H])C(C)([H])C(N(C([H])([H])C([*])=O)[H])=O)=O)C(C(N([*])[H])(C)[H])=O
Pair_146,[*]OCC[*],[H]N(C([H])([H])C(N([H])C(C)([H])C(N(C([H])([H])C([*])=O)[H])=O)=O)C(C(N([*])[H])(C)[H])=O
Pair_147,[*]C1C(C(C(OC1C(O[Na])=O)OC2C(C(O[Na])=O)OC(O[*])C(O)C2O)O)O,[H]N(C([H])([H])C(N([H])C(C)([H])C(N(C([H])([H])C([*])=O)[H])=O)=O)C(C(N([*])[H])(C)[H])=O
Pair_148,O=C(C(C[*])[*])N,[H]N(C([H])([H])C(N([H])C(C)([H])C(N(C([H])([H])C([*])=O)[H])=O)=O)C(C(N([*])[H])(C)[H])=O
Pair_149,OC1C(OC(C(C1O)O)[*])CO[*],[H]N(C([H])([H])C(N([H])C(C)([H])C(N(C([H])([H])C([*])=O)[H])=O)=O)C(C(N([*])[H])(C)[H])=O
Pair_150,OCC1OC(C(C(C1[*])O)O)OC2C(C(C(OC2CO)O[*])O)O,[H]N(C([H])([H])C(N([H])C(C)([H])C(N(C([H])([H])C([*])=O)[H])=O)=O)C(C(N([*])[H])(C)[H])=O
Pair_151,[*]C1C(OC(C(C1O)O)OC2C(OC(C(C2O)O)OC3C(OC(C(C3O)O)O[*])CO)CO)CO,[H]N(C([H])([H])C(N([H])C(C)([H])C(N(C([H])([H])C([*])=O)[H])=O)=O)C(C(N([*])[H])(C)[H])=O
Pair_152,[*]C([C@H](C)OC([C@H](C)O[*])=O)=O,[H]N(C([H])([H])C(N([H])C(C)([H])C(N(C([H])([H])C([*])=O)[H])=O)=O)C(C(N([*])[H])(C)[H])=O
Pair_153,[*]NC(C(O)=O)CCC([*])=O,[H]N(C([H])([H])C(N([H])C(C)([H])C(N(C([H])([H])C([*])=O)[H])=O)=O)C(C(N([*])[H])(C)[H])=O
Pair_154,[*]C(CCCCCO[*])=O,[H]N(C([H])([H])C(N([H])C(C)([H])C(N(C([H])([H])C([*])=O)[H])=O)=O)C(C(N([*])[H])(C)[H])=O
Pair_155,[*]C(C)C(OCC(O[*])=O)=O,[H]N(C([H])([H])C(N([H])C(C)([H])C(N(C([H])([H])C([*])=O)[H])=O)=O)C(C(N([*])[H])(C)[H])=O
Pair_156,O=C(N([*])C([*])=O)CC=C,[H]N(C([H])([H])C(N([H])C(C)([H])C(N(C([H])([H])C([*])=O)[H])=O)=O)C(C(N([*])[H])(C)[H])=O
Pair_157,[*]C1=C(C=CN2)C2=C([*])C(O)=C1O,[H]N(C([H])([H])C(N([H])C(C)([H])C(N(C([H])([H])C([*])=O)[H])=O)=O)C(C(N([*])[H])(C)[H])=O
Pair_158,OCC1OC(C(C(C1O[*])O)NC(C)=O)OC2C(O)C(C(OC2CO)[*])NC(C)=O,[H]N(C([H])([H])C(N([H])C(C)([H])C(N(C([H])([H])C([*])=O)[H])=O)=O)C(C(N([*])[H])(C)[H])=O
Pair_159,O=C(N)C([*])C[*],[H]N(C([H])([H])C(N([H])C(C)([H])C(N(C([H])([H])C([*])=O)[H])=O)=O)C(C(N([*])[H])(C)[H])=O
Pair_160,[*]CC(C1=CC=C(C=C1)S(O)(=O)=O)[*],[H]N(C([H])([H])C(N([H])C(C)([H])C(N(C([H])([H])C([*])=O)[H])=O)=O)C(C(N([*])[H])(C)[H])=O
Pair_161,CC(NC1C(OC(C(C1OC2OC(C(C(C2OCC(COC(C(C)=C)=O)O)O)O[*])C([O-])=O)O)O)O[*])=O,[H]N(C([H])([H])C(N([H])C(C)([H])C(N(C([H])([H])C([*])=O)[H])=O)=O)C(C(N([*])[H])(C)[H])=O
Pair_162,[*]NC(CCC([*])=O)C(O)=O,[H]N(C([H])([H])C(N([H])C(C)([H])C(N(C([H])([H])C([*])=O)[H])=O)=O)C(C(N([*])[H])(C)[H])=O
Pair_163,[*]C(C)(C(OCCN(C)C)=O)C[*],[H]N(C([H])([H])C(N([H])C(C)([H])C(N(C([H])([H])C([*])=O)[H])=O)=O)C(C(N([*])[H])(C)[H])=O
Pair_164,[*]OC1C(C(C(OC1C)OC2C(C(OC(C2O)COC(C)=O)OC3C(C(C(OC3C(O)=O)OC4C(C(C(OC4CO)O[*])O)O)O)O)OC(C(O)CO)=O)O)O,[H]N(C([H])([H])C(N([H])C(C)([H])C(N(C([H])([H])C([*])=O)[H])=O)=O)C(C(N([*])[H])(C)[H])=O
Pair_165,CC(NC1C([C@@H](C(O[C@H]1O[*])CO)O[C@@H]2OC([C@H]([C@@H](C2NC(C)=O)O)[*])CO)O)=O,[H]N(C([H])([H])C(N([H])C(C)([H])C(N(C([H])([H])C([*])=O)[H])=O)=O)C(C(N([*])[H])(C)[H])=O
Pair_166,O=C([*])C(C)O[*],[H]N(C([H])([H])C(N([H])C(C)([H])C(N(C([H])([H])C([*])=O)[H])=O)=O)C(C(N([*])[H])(C)[H])=O
Pair_167,COCC1OC(OC2C(CO)OC(O[*])C(OC)C2OC)C(OC)C(O)C1O[*],[H]N(C([H])([H])C(N([H])C(C)([H])C(N(C([H])([H])C([*])=O)[H])=O)=O)C(C(N([*])[H])(C)[H])=O
Pair_168,[H]N(C(O[*])=O)CCCCCCN(C(OCCCCO[*])=O)[H],[H]N(C([H])([H])C(N([H])C(C)([H])C(N(C([H])([H])C([*])=O)[H])=O)=O)C(C(N([*])[H])(C)[H])=O
Pair_169,COC(C(C[*])([*])C)=O,[H]N(C([H])([H])C(N([H])C(C)([H])C(N(C([H])([H])C([*])=O)[H])=O)=O)C(C(N([*])[H])(C)[H])=O
Pair_170,[*]OC1OC(CO)C(OC2C(O)C(O)C([*])C(CO)O2)C(O)C1O,[H]N(C([H])([H])C(N([H])C(C)([H])C(N(C([H])([H])C([*])=O)[H])=O)=O)C(C(N([*])[H])(C)[H])=O
Pair_171,[*]CC(C)(C(OCCO)=O)[*],[H]N(C([H])([H])C(N([H])C(C)([H])C(N(C([H])([H])C([*])=O)[H])=O)=O)C(C(N([*])[H])(C)[H])=O
Pair_172,[*]C(N(CN(C(OCOC(N(CN(C(OCCO[*])=O)[H])[H])=O)=O)[H])[H])=O,[H]N(C([H])([H])C(N([H])C(C)([H])C(N(C([H])([H])C([*])=O)[H])=O)=O)C(C(N([*])[H])(C)[H])=O
Pair_173,O=C([*])CCCCCO[*],[H]N(C([H])([H])C(N([H])C(C)([H])C(N(C([H])([H])C([*])=O)[H])=O)=O)C(C(N([*])[H])(C)[H])=O
Pair_174,O=C(N1C(C([*])=O)CC(O)C1)CNC(C2CCCN2[*])=O,[H]N(C([H])([H])C(N([H])C(C)([H])C(N(C([H])([H])C([*])=O)[H])=O)=O)C(C(N([*])[H])(C)[H])=O
Pair_175,O=C(C(OC(C=O)OC1C(C(C(OC1C(O[Na])=O)O[*])O)O)C(C=O)[*])O[Na],[H]N(C([H])([H])C(N([H])C(C)([H])C(N(C([H])([H])C([*])=O)[H])=O)=O)C(C(N([*])[H])(C)[H])=O
Pair_181,[*]OC1C(C(O)=O)OC(OC2C(NC(C)=O)C([*])OC(CO)C2O)C(O)C1O,[*]OCC[*]
Pair_182,[*]C1C(C(C(OC1C(O[Na])=O)OC2C(C(O[Na])=O)OC(O[*])C(O)C2O)O)O,[*]OC1C(C(O)=O)OC(OC2C(NC(C)=O)C([*])OC(CO)C2O)C(O)C1O
Pair_183,O=C(C(C[*])[*])N,[*]OC1C(C(O)=O)OC(OC2C(NC(C)=O)C([*])OC(CO)C2O)C(O)C1O
Pair_184,OC1C(OC(C(C1O)O)[*])CO[*],[*]OC1C(C(O)=O)OC(OC2C(NC(C)=O)C([*])OC(CO)C2O)C(O)C1O
Pair_185,OCC1OC(C(C(C1[*])O)O)OC2C(C(C(OC2CO)O[*])O)O,[*]OC1C(C(O)=O)OC(OC2C(NC(C)=O)C([*])OC(CO)C2O)C(O)C1O
Pair_186,[*]C1C(OC(C(C1O)O)OC2C(OC(C(C2O)O)OC3C(OC(C(C3O)O)O[*])CO)CO)CO,[*]OC1C(C(O)=O)OC(OC2C(NC(C)=O)C([*])OC(CO)C2O)C(O)C1O
Pair_187,[*]C([C@H](C)OC([C@H](C)O[*])=O)=O,[*]OC1C(C(O)=O)OC(OC2C(NC(C)=O)C([*])OC(CO)C2O)C(O)C1O
Pair_188,[*]NC(C(O)=O)CCC([*])=O,[*]OC1C(C(O)=O)OC(OC2C(NC(C)=O)C([*])OC(CO)C2O)C(O)C1O
Pair_189,[*]C(CCCCCO[*])=O,[*]OC1C(C(O)=O)OC(OC2C(NC(C)=O)C([*])OC(CO)C2O)C(O)C1O
Pair_190,[*]C(C)C(OCC(O[*])=O)=O,[*]OC1C(C(O)=O)OC(OC2C(NC(C)=O)C([*])OC(CO)C2O)C(O)C1O
Pair_191,O=C(N([*])C([*])=O)CC=C,[*]OC1C(C(O)=O)OC(OC2C(NC(C)=O)C([*])OC(CO)C2O)C(O)C1O
Pair_192,[*]C1=C(C=CN2)C2=C([*])C(O)=C1O,[*]OC1C(C(O)=O)OC(OC2C(NC(C)=O)C([*])OC(CO)C2O)C(O)C1O
Pair_193,OCC1OC(C(C(C1O[*])O)NC(C)=O)OC2C(O)C(C(OC2CO)[*])NC(C)=O,[*]OC1C(C(O)=O)OC(OC2C(NC(C)=O)C([*])OC(CO)C2O)C(O)C1O
Pair_194,O=C(N)C([*])C[*],[*]OC1C(C(O)=O)OC(OC2C(NC(C)=O)C([*])OC(CO)C2O)C(O)C1O
Pair_195,[*]CC(C1=CC=C(C=C1)S(O)(=O)=O)[*],[*]OC1C(C(O)=O)OC(OC2C(NC(C)=O)C([*])OC(CO)C2O)C(O)C1O
Pair_196,CC(NC1C(OC(C(C1OC2OC(C(C(C2OCC(COC(C(C)=C)=O)O)O)O[*])C([O-])=O)O)O)O[*])=O,[*]OC1C(C(O)=O)OC(OC2C(NC(C)=O)C([*])OC(CO)C2O)C(O)C1O
Pair_197,[*]NC(CCC([*])=O)C(O)=O,[*]OC1C(C(O)=O)OC(OC2C(NC(C)=O)C([*])OC(CO)C2O)C(O)C1O
Pair_198,[*]C(C)(C(OCCN(C)C)=O)C[*],[*]OC1C(C(O)=O)OC(OC2C(NC(C)=O)C([*])OC(CO)C2O)C(O)C1O
Pair_199,[*]OC1C(C(C(OC1C)OC2C(C(OC(C2O)COC(C)=O)OC3C(C(C(OC3C(O)=O)OC4C(C(C(OC4CO)O[*])O)O)O)O)OC(C(O)CO)=O)O)O,[*]OC1C(C(O)=O)OC(OC2C(NC(C)=O)C([*])OC(CO)C2O)C(O)C1O
Pair_200,CC(NC1C([C@@H](C(O[C@H]1O[*])CO)O[C@@H]2OC([C@H]([C@@H](C2NC(C)=O)O)[*])CO)O)=O,[*]OC1C(C(O)=O)OC(OC2C(NC(C)=O)C([*])OC(CO)C2O)C(O)C1O
Pair_201,O=C([*])C(C)O[*],[*]OC1C(C(O)=O)OC(OC2C(NC(C)=O)C([*])OC(CO)C2O)C(O)C1O
Pair_202,COCC1OC(OC2C(CO)OC(O[*])C(OC)C2OC)C(OC)C(O)C1O[*],[*]OC1C(C(O)=O)OC(OC2C(NC(C)=O)C([*])OC(CO)C2O)C(O)C1O
Pair_203,[*]OC1C(C(O)=O)OC(OC2C(NC(C)=O)C([*])OC(CO)C2O)C(O)C1O,[H]N(C(O[*])=O)CCCCCCN(C(OCCCCO[*])=O)[H]
Pair_204,COC(C(C[*])([*])C)=O,[*]OC1C(C(O)=O)OC(OC2C(NC(C)=O)C([*])OC(CO)C2O)C(O)C1O
Pair_205,[*]OC1C(C(O)=O)OC(OC2C(NC(C)=O)C([*])OC(CO)C2O)C(O)C1O,[*]OC1OC(CO)C(OC2C(O)C(O)C([*])C(CO)O2)C(O)C1O
Pair_206,[*]CC(C)(C(OCCO)=O)[*],[*]OC1C(C(O)=O)OC(OC2C(NC(C)=O)C([*])OC(CO)C2O)C(O)C1O
Pair_207,[*]C(N(CN(C(OCOC(N(CN(C(OCCO[*])=O)[H])[H])=O)=O)[H])[H])=O,[*]OC1C(C(O)=O)OC(OC2C(NC(C)=O)C([*])OC(CO)C2O)C(O)C1O
Pair_208,O=C([*])CCCCCO[*],[*]OC1C(C(O)=O)OC(OC2C(NC(C)=O)C([*])OC(CO)C2O)C(O)C1O
Pair_209,O=C(N1C(C([*])=O)CC(O)C1)CNC(C2CCCN2[*])=O,[*]OC1C(C(O)=O)OC(OC2C(NC(C)=O)C([*])OC(CO)C2O)C(O)C1O
Pair_210,O=C(C(OC(C=O)OC1C(C(C(OC1C(O[Na])=O)O[*])O)O)C(C=O)[*])O[Na],[*]OC1C(C(O)=O)OC(OC2C(NC(C)=O)C([*])OC(CO)C2O)C(O)C1O
Pair_217,[*]C1C(C(C(OC1C(O[Na])=O)OC2C(C(O[Na])=O)OC(O[*])C(O)C2O)O)O,[*]OCC[*]
Pair_218,O=C(C(C[*])[*])N,[*]OCC[*]
Pair_219,OC1C(OC(C(C1O)O)[*])CO[*],[*]OCC[*]
Pair_220,OCC1OC(C(C(C1[*])O)O)OC2C(C(C(OC2CO)O[*])O)O,[*]OCC[*]
Pair_221,[*]C1C(OC(C(C1O)O)OC2C(OC(C(C2O)O)OC3C(OC(C(C3O)O)O[*])CO)CO)CO,[*]OCC[*]
Pair_222,[*]C([C@H](C)OC([C@H](C)O[*])=O)=O,[*]OCC[*]
Pair_223,[*]NC(C(O)=O)CCC([*])=O,[*]OCC[*]
Pair_224,[*]C(CCCCCO[*])=O,[*]OCC[*]
Pair_225,[*]C(C)C(OCC(O[*])=O)=O,[*]OCC[*]
Pair_226,O=C(N([*])C([*])=O)CC=C,[*]OCC[*]
Pair_227,[*]C1=C(C=CN2)C2=C([*])C(O)=C1O,[*]OCC[*]
Pair_228,OCC1OC(C(C(C1O[*])O)NC(C)=O)OC2C(O)C(C(OC2CO)[*])NC(C)=O,[*]OCC[*]
Pair_229,O=C(N)C([*])C[*],[*]OCC[*]
Pair_230,[*]CC(C1=CC=C(C=C1)S(O)(=O)=O)[*],[*]OCC[*]
Pair_231,CC(NC1C(OC(C(C1OC2OC(C(C(C2OCC(COC(C(C)=C)=O)O)O)O[*])C([O-])=O)O)O)O[*])=O,[*]OCC[*]
Pair_232,[*]NC(CCC([*])=O)C(O)=O,[*]OCC[*]
Pair_233,[*]C(C)(C(OCCN(C)C)=O)C[*],[*]OCC[*]
Pair_234,[*]OC1C(C(C(OC1C)OC2C(C(OC(C2O)COC(C)=O)OC3C(C(C(OC3C(O)=O)OC4C(C(C(OC4CO)O[*])O)O)O)O)OC(C(O)CO)=O)O)O,[*]OCC[*]
Pair_235,CC(NC1C([C@@H](C(O[C@H]1O[*])CO)O[C@@H]2OC([C@H]([C@@H](C2NC(C)=O)O)[*])CO)O)=O,[*]OCC[*]
Pair_236,O=C([*])C(C)O[*],[*]OCC[*]
Pair_237,COCC1OC(OC2C(CO)OC(O[*])C(OC)C2OC)C(OC)C(O)C1O[*],[*]OCC[*]
Pair_238,[*]OCC[*],[H]N(C(O[*])=O)CCCCCCN(C(OCCCCO[*])=O)[H]
Pair_239,COC(C(C[*])([*])C)=O,[*]OCC[*]
Pair_240,[*]OC1OC(CO)C(OC2C(O)C(O)C([*])C(CO)O2)C(O)C1O,[*]OCC[*]
Pair_241,[*]CC(C)(C(OCCO)=O)[*],[*]OCC[*]
Pair_242,[*]C(N(CN(C(OCOC(N(CN(C(OCCO[*])=O)[H])[H])=O)=O)[H])[H])=O,[*]OCC[*]
Pair_243,O=C([*])CCCCCO[*],[*]OCC[*]
Pair_244,O=C(N1C(C([*])=O)CC(O)C1)CNC(C2CCCN2[*])=O,[*]OCC[*]
Pair_245,O=C(C(OC(C=O)OC1C(C(C(OC1C(O[Na])=O)O[*])O)O)C(C=O)[*])O[Na],[*]OCC[*]
Pair_253,O=C(C(C[*])[*])N,[*]C1C(C(C(OC1C(O[Na])=O)OC2C(C(O[Na])=O)OC(O[*])C(O)C2O)O)O
Pair_254,OC1C(OC(C(C1O)O)[*])CO[*],[*]C1C(C(C(OC1C(O[Na])=O)OC2C(C(O[Na])=O)OC(O[*])C(O)C2O)O)O
Pair_255,OCC1OC(C(C(C1[*])O)O)OC2C(C(C(OC2CO)O[*])O)O,[*]C1C(C(C(OC1C(O[Na])=O)OC2C(C(O[Na])=O)OC(O[*])C(O)C2O)O)O
Pair_256,[*]C1C(C(C(OC1C(O[Na])=O)OC2C(C(O[Na])=O)OC(O[*])C(O)C2O)O)O,[*]C1C(OC(C(C1O)O)OC2C(OC(C(C2O)O)OC3C(OC(C(C3O)O)O[*])CO)CO)CO
Pair_257,[*]C([C@H](C)OC([C@H](C)O[*])=O)=O,[*]C1C(C(C(OC1C(O[Na])=O)OC2C(C(O[Na])=O)OC(O[*])C(O)C2O)O)O
Pair_258,[*]C1C(C(C(OC1C(O[Na])=O)OC2C(C(O[Na])=O)OC(O[*])C(O)C2O)O)O,[*]NC(C(O)=O)CCC([*])=O
Pair_259,[*]C(CCCCCO[*])=O,[*]C1C(C(C(OC1C(O[Na])=O)OC2C(C(O[Na])=O)OC(O[*])C(O)C2O)O)O
Pair_260,[*]C(C)C(OCC(O[*])=O)=O,[*]C1C(C(C(OC1C(O[Na])=O)OC2C(C(O[Na])=O)OC(O[*])C(O)C2O)O)O
Pair_261,O=C(N([*])C([*])=O)CC=C,[*]C1C(C(C(OC1C(O[Na])=O)OC2C(C(O[Na])=O)OC(O[*])C(O)C2O)O)O
Pair_262,[*]C1=C(C=CN2)C2=C([*])C(O)=C1O,[*]C1C(C(C(OC1C(O[Na])=O)OC2C(C(O[Na])=O)OC(O[*])C(O)C2O)O)O
Pair_263,OCC1OC(C(C(C1O[*])O)NC(C)=O)OC2C(O)C(C(OC2CO)[*])NC(C)=O,[*]C1C(C(C(OC1C(O[Na])=O)OC2C(C(O[Na])=O)OC(O[*])C(O)C2O)O)O
Pair_264,O=C(N)C([*])C[*],[*]C1C(C(C(OC1C(O[Na])=O)OC2C(C(O[Na])=O)OC(O[*])C(O)C2O)O)O
Pair_265,[*]C1C(C(C(OC1C(O[Na])=O)OC2C(C(O[Na])=O)OC(O[*])C(O)C2O)O)O,[*]CC(C1=CC=C(C=C1)S(O)(=O)=O)[*]
Pair_266,CC(NC1C(OC(C(C1OC2OC(C(C(C2OCC(COC(C(C)=C)=O)O)O)O[*])C([O-])=O)O)O)O[*])=O,[*]C1C(C(C(OC1C(O[Na])=O)OC2C(C(O[Na])=O)OC(O[*])C(O)C2O)O)O
Pair_267,[*]C1C(C(C(OC1C(O[Na])=O)OC2C(C(O[Na])=O)OC(O[*])C(O)C2O)O)O,[*]NC(CCC([*])=O)C(O)=O
Pair_268,[*]C(C)(C(OCCN(C)C)=O)C[*],[*]C1C(C(C(OC1C(O[Na])=O)OC2C(C(O[Na])=O)OC(O[*])C(O)C2O)O)O
Pair_269,[*]C1C(C(C(OC1C(O[Na])=O)OC2C(C(O[Na])=O)OC(O[*])C(O)C2O)O)O,[*]OC1C(C(C(OC1C)OC2C(C(OC(C2O)COC(C)=O)OC3C(C(C(OC3C(O)=O)OC4C(C(C(OC4CO)O[*])O)O)O)O)OC(C(O)CO)=O)O)O
Pair_270,CC(NC1C([C@@H](C(O[C@H]1O[*])CO)O[C@@H]2OC([C@H]([C@@H](C2NC(C)=O)O)[*])CO)O)=O,[*]C1C(C(C(OC1C(O[Na])=O)OC2C(C(O[Na])=O)OC(O[*])C(O)C2O)O)O
Pair_271,O=C([*])C(C)O[*],[*]C1C(C(C(OC1C(O[Na])=O)OC2C(C(O[Na])=O)OC(O[*])C(O)C2O)O)O
Pair_272,COCC1OC(OC2C(CO)OC(O[*])C(OC)C2OC)C(OC)C(O)C1O[*],[*]C1C(C(C(OC1C(O[Na])=O)OC2C(C(O[Na])=O)OC(O[*])C(O)C2O)O)O
Pair_273,[*]C1C(C(C(OC1C(O[Na])=O)OC2C(C(O[Na])=O)OC(O[*])C(O)C2O)O)O,[H]N(C(O[*])=O)CCCCCCN(C(OCCCCO[*])=O)[H]
Pair_274,COC(C(C[*])([*])C)=O,[*]C1C(C(C(OC1C(O[Na])=O)OC2C(C(O[Na])=O)OC(O[*])C(O)C2O)O)O
Pair_275,[*]C1C(C(C(OC1C(O[Na])=O)OC2C(C(O[Na])=O)OC(O[*])C(O)C2O)O)O,[*]OC1OC(CO)C(OC2C(O)C(O)C([*])C(CO)O2)C(O)C1O
Pair_276,[*]C1C(C(C(OC1C(O[Na])=O)OC2C(C(O[Na])=O)OC(O[*])C(O)C2O)O)O,[*]CC(C)(C(OCCO)=O)[*]
Pair_277,[*]C(N(CN(C(OCOC(N(CN(C(OCCO[*])=O)[H])[H])=O)=O)[H])[H])=O,[*]C1C(C(C(OC1C(O[Na])=O)OC2C(C(O[Na])=O)OC(O[*])C(O)C2O)O)O
Pair_278,O=C([*])CCCCCO[*],[*]C1C(C(C(OC1C(O[Na])=O)OC2C(C(O[Na])=O)OC(O[*])C(O)C2O)O)O
Pair_279,O=C(N1C(C([*])=O)CC(O)C1)CNC(C2CCCN2[*])=O,[*]C1C(C(C(OC1C(O[Na])=O)OC2C(C(O[Na])=O)OC(O[*])C(O)C2O)O)O
Pair_280,O=C(C(OC(C=O)OC1C(C(C(OC1C(O[Na])=O)O[*])O)O)C(C=O)[*])O[Na],[*]C1C(C(C(OC1C(O[Na])=O)OC2C(C(O[Na])=O)OC(O[*])C(O)C2O)O)O
Pair_289,O=C(C(C[*])[*])N,OC1C(OC(C(C1O)O)[*])CO[*]
Pair_290,O=C(C(C[*])[*])N,OCC1OC(C(C(C1[*])O)O)OC2C(C(C(OC2CO)O[*])O)O
Pair_291,O=C(C(C[*])[*])N,[*]C1C(OC(C(C1O)O)OC2C(OC(C(C2O)O)OC3C(OC(C(C3O)O)O[*])CO)CO)CO
Pair_292,O=C(C(C[*])[*])N,[*]C([C@H](C)OC([C@H](C)O[*])=O)=O
Pair_293,O=C(C(C[*])[*])N,[*]NC(C(O)=O)CCC([*])=O
Pair_294,O=C(C(C[*])[*])N,[*]C(CCCCCO[*])=O
Pair_295,O=C(C(C[*])[*])N,[*]C(C)C(OCC(O[*])=O)=O
Pair_296,O=C(C(C[*])[*])N,O=C(N([*])C([*])=O)CC=C
Pair_297,O=C(C(C[*])[*])N,[*]C1=C(C=CN2)C2=C([*])C(O)=C1O
Pair_298,O=C(C(C[*])[*])N,OCC1OC(C(C(C1O[*])O)NC(C)=O)OC2C(O)C(C(OC2CO)[*])NC(C)=O
Pair_299,O=C(C(C[*])[*])N,O=C(N)C([*])C[*]
Pair_300,O=C(C(C[*])[*])N,[*]CC(C1=CC=C(C=C1)S(O)(=O)=O)[*]
Pair_301,CC(NC1C(OC(C(C1OC2OC(C(C(C2OCC(COC(C(C)=C)=O)O)O)O[*])C([O-])=O)O)O)O[*])=O,O=C(C(C[*])[*])N
Pair_302,O=C(C(C[*])[*])N,[*]NC(CCC([*])=O)C(O)=O
Pair_303,O=C(C(C[*])[*])N,[*]C(C)(C(OCCN(C)C)=O)C[*]
Pair_304,O=C(C(C[*])[*])N,[*]OC1C(C(C(OC1C)OC2C(C(OC(C2O)COC(C)=O)OC3C(C(C(OC3C(O)=O)OC4C(C(C(OC4CO)O[*])O)O)O)O)OC(C(O)CO)=O)O)O
Pair_305,CC(NC1C([C@@H](C(O[C@H]1O[*])CO)O[C@@H]2OC([C@H]([C@@H](C2NC(C)=O)O)[*])CO)O)=O,O=C(C(C[*])[*])N
Pair_306,O=C(C(C[*])[*])N,O=C([*])C(C)O[*]
Pair_307,COCC1OC(OC2C(CO)OC(O[*])C(OC)C2OC)C(OC)C(O)C1O[*],O=C(C(C[*])[*])N
Pair_308,O=C(C(C[*])[*])N,[H]N(C(O[*])=O)CCCCCCN(C(OCCCCO[*])=O)[H]
Pair_309,COC(C(C[*])([*])C)=O,O=C(C(C[*])[*])N
Pair_310,O=C(C(C[*])[*])N,[*]OC1OC(CO)C(OC2C(O)C(O)C([*])C(CO)O2)C(O)C1O
Pair_311,O=C(C(C[*])[*])N,[*]CC(C)(C(OCCO)=O)[*]
Pair_312,O=C(C(C[*])[*])N,[*]C(N(CN(C(OCOC(N(CN(C(OCCO[*])=O)[H])[H])=O)=O)[H])[H])=O
Pair_313,O=C(C(C[*])[*])N,O=C([*])CCCCCO[*]
Pair_314,O=C(C(C[*])[*])N,O=C(N1C(C([*])=O)CC(O)C1)CNC(C2CCCN2[*])=O
Pair_315,O=C(C(C[*])[*])N,O=C(C(OC(C=O)OC1C(C(C(OC1C(O[Na])=O)O[*])O)O)C(C=O)[*])O[Na]
Pair_325,OC1C(OC(C(C1O)O)[*])CO[*],OCC1OC(C(C(C1[*])O)O)OC2C(C(C(OC2CO)O[*])O)O
Pair_326,OC1C(OC(C(C1O)O)[*])CO[*],[*]C1C(OC(C(C1O)O)OC2C(OC(C(C2O)O)OC3C(OC(C(C3O)O)O[*])CO)CO)CO
Pair_327,OC1C(OC(C(C1O)O)[*])CO[*],[*]C([C@H](C)OC([C@H](C)O[*])=O)=O
Pair_328,OC1C(OC(C(C1O)O)[*])CO[*],[*]NC(C(O)=O)CCC([*])=O
Pair_329,OC1C(OC(C(C1O)O)[*])CO[*],[*]C(CCCCCO[*])=O
Pair_330,OC1C(OC(C(C1O)O)[*])CO[*],[*]C(C)C(OCC(O[*])=O)=O
Pair_331,O=C(N([*])C([*])=O)CC=C,OC1C(OC(C(C1O)O)[*])CO[*]
Pair_332,OC1C(OC(C(C1O)O)[*])CO[*],[*]C1=C(C=CN2)C2=C([*])C(O)=C1O
Pair_333,OC1C(OC(C(C1O)O)[*])CO[*],OCC1OC(C(C(C1O[*])O)NC(C)=O)OC2C(O)C(C(OC2CO)[*])NC(C)=O
Pair_334,O=C(N)C([*])C[*],OC1C(OC(C(C1O)O)[*])CO[*]
Pair_335,OC1C(OC(C(C1O)O)[*])CO[*],[*]CC(C1=CC=C(C=C1)S(O)(=O)=O)[*]
Pair_336,CC(NC1C(OC(C(C1OC2OC(C(C(C2OCC(COC(C(C)=C)=O)O)O)O[*])C([O-])=O)O)O)O[*])=O,OC1C(OC(C(C1O)O)[*])CO[*]
Pair_337,OC1C(OC(C(C1O)O)[*])CO[*],[*]NC(CCC([*])=O)C(O)=O
Pair_338,OC1C(OC(C(C1O)O)[*])CO[*],[*]C(C)(C(OCCN(C)C)=O)C[*]
Pair_339,OC1C(OC(C(C1O)O)[*])CO[*],[*]OC1C(C(C(OC1C)OC2C(C(OC(C2O)COC(C)=O)OC3C(C(C(OC3C(O)=O)OC4C(C(C(OC4CO)O[*])O)O)O)O)OC(C(O)CO)=O)O)O
Pair_340,CC(NC1C([C@@H](C(O[C@H]1O[*])CO)O[C@@H]2OC([C@H]([C@@H](C2NC(C)=O)O)[*])CO)O)=O,OC1C(OC(C(C1O)O)[*])CO[*]
Pair_341,O=C([*])C(C)O[*],OC1C(OC(C(C1O)O)[*])CO[*]
Pair_342,COCC1OC(OC2C(CO)OC(O[*])C(OC)C2OC)C(OC)C(O)C1O[*],OC1C(OC(C(C1O)O)[*])CO[*]
Pair_343,OC1C(OC(C(C1O)O)[*])CO[*],[H]N(C(O[*])=O)CCCCCCN(C(OCCCCO[*])=O)[H]
Pair_344,COC(C(C[*])([*])C)=O,OC1C(OC(C(C1O)O)[*])CO[*]
Pair_345,OC1C(OC(C(C1O)O)[*])CO[*],[*]OC1OC(CO)C(OC2C(O)C(O)C([*])C(CO)O2)C(O)C1O
Pair_346,OC1C(OC(C(C1O)O)[*])CO[*],[*]CC(C)(C(OCCO)=O)[*]
Pair_347,OC1C(OC(C(C1O)O)[*])CO[*],[*]C(N(CN(C(OCOC(N(CN(C(OCCO[*])=O)[H])[H])=O)=O)[H])[H])=O
Pair_348,O=C([*])CCCCCO[*],OC1C(OC(C(C1O)O)[*])CO[*]
Pair_349,O=C(N1C(C([*])=O)CC(O)C1)CNC(C2CCCN2[*])=O,OC1C(OC(C(C1O)O)[*])CO[*]
Pair_350,O=C(C(OC(C=O)OC1C(C(C(OC1C(O[Na])=O)O[*])O)O)C(C=O)[*])O[Na],OC1C(OC(C(C1O)O)[*])CO[*]
Pair_361,OCC1OC(C(C(C1[*])O)O)OC2C(C(C(OC2CO)O[*])O)O,[*]C1C(OC(C(C1O)O)OC2C(OC(C(C2O)O)OC3C(OC(C(C3O)O)O[*])CO)CO)CO
Pair_362,OCC1OC(C(C(C1[*])O)O)OC2C(C(C(OC2CO)O[*])O)O,[*]C([C@H](C)OC([C@H](C)O[*])=O)=O
Pair_363,OCC1OC(C(C(C1[*])O)O)OC2C(C(C(OC2CO)O[*])O)O,[*]NC(C(O)=O)CCC([*])=O
Pair_364,OCC1OC(C(C(C1[*])O)O)OC2C(C(C(OC2CO)O[*])O)O,[*]C(CCCCCO[*])=O
Pair_365,OCC1OC(C(C(C1[*])O)O)OC2C(C(C(OC2CO)O[*])O)O,[*]C(C)C(OCC(O[*])=O)=O
Pair_366,O=C(N([*])C([*])=O)CC=C,OCC1OC(C(C(C1[*])O)O)OC2C(C(C(OC2CO)O[*])O)O
Pair_367,OCC1OC(C(C(C1[*])O)O)OC2C(C(C(OC2CO)O[*])O)O,[*]C1=C(C=CN2)C2=C([*])C(O)=C1O
Pair_368,OCC1OC(C(C(C1O[*])O)NC(C)=O)OC2C(O)C(C(OC2CO)[*])NC(C)=O,OCC1OC(C(C(C1[*])O)O)OC2C(C(C(OC2CO)O[*])O)O
Pair_369,O=C(N)C([*])C[*],OCC1OC(C(C(C1[*])O)O)OC2C(C(C(OC2CO)O[*])O)O
Pair_370,OCC1OC(C(C(C1[*])O)O)OC2C(C(C(OC2CO)O[*])O)O,[*]CC(C1=CC=C(C=C1)S(O)(=O)=O)[*]
Pair_371,CC(NC1C(OC(C(C1OC2OC(C(C(C2OCC(COC(C(C)=C)=O)O)O)O[*])C([O-])=O)O)O)O[*])=O,OCC1OC(C(C(C1[*])O)O)OC2C(C(C(OC2CO)O[*])O)O
Pair_372,OCC1OC(C(C(C1[*])O)O)OC2C(C(C(OC2CO)O[*])O)O,[*]NC(CCC([*])=O)C(O)=O
Pair_373,OCC1OC(C(C(C1[*])O)O)OC2C(C(C(OC2CO)O[*])O)O,[*]C(C)(C(OCCN(C)C)=O)C[*]
Pair_374,OCC1OC(C(C(C1[*])O)O)OC2C(C(C(OC2CO)O[*])O)O,[*]OC1C(C(C(OC1C)OC2C(C(OC(C2O)COC(C)=O)OC3C(C(C(OC3C(O)=O)OC4C(C(C(OC4CO)O[*])O)O)O)O)OC(C(O)CO)=O)O)O
Pair_375,CC(NC1C([C@@H](C(O[C@H]1O[*])CO)O[C@@H]2OC([C@H]([C@@H](C2NC(C)=O)O)[*])CO)O)=O,OCC1OC(C(C(C1[*])O)O)OC2C(C(C(OC2CO)O[*])O)O
Pair_376,O=C([*])C(C)O[*],OCC1OC(C(C(C1[*])O)O)OC2C(C(C(OC2CO)O[*])O)O
Pair_377,COCC1OC(OC2C(CO)OC(O[*])C(OC)C2OC)C(OC)C(O)C1O[*],OCC1OC(C(C(C1[*])O)O)OC2C(C(C(OC2CO)O[*])O)O
Pair_378,OCC1OC(C(C(C1[*])O)O)OC2C(C(C(OC2CO)O[*])O)O,[H]N(C(O[*])=O)CCCCCCN(C(OCCCCO[*])=O)[H]
Pair_379,COC(C(C[*])([*])C)=O,OCC1OC(C(C(C1[*])O)O)OC2C(C(C(OC2CO)O[*])O)O
Pair_380,OCC1OC(C(C(C1[*])O)O)OC2C(C(C(OC2CO)O[*])O)O,[*]OC1OC(CO)C(OC2C(O)C(O)C([*])C(CO)O2)C(O)C1O
Pair_381,OCC1OC(C(C(C1[*])O)O)OC2C(C(C(OC2CO)O[*])O)O,[*]CC(C)(C(OCCO)=O)[*]
Pair_382,OCC1OC(C(C(C1[*])O)O)OC2C(C(C(OC2CO)O[*])O)O,[*]C(N(CN(C(OCOC(N(CN(C(OCCO[*])=O)[H])[H])=O)=O)[H])[H])=O
Pair_383,O=C([*])CCCCCO[*],OCC1OC(C(C(C1[*])O)O)OC2C(C(C(OC2CO)O[*])O)O
Pair_384,O=C(N1C(C([*])=O)CC(O)C1)CNC(C2CCCN2[*])=O,OCC1OC(C(C(C1[*])O)O)OC2C(C(C(OC2CO)O[*])O)O
Pair_385,O=C(C(OC(C=O)OC1C(C(C(OC1C(O[Na])=O)O[*])O)O)C(C=O)[*])O[Na],OCC1OC(C(C(C1[*])O)O)OC2C(C(C(OC2CO)O[*])O)O
Pair_397,[*]C([C@H](C)OC([C@H](C)O[*])=O)=O,[*]C1C(OC(C(C1O)O)OC2C(OC(C(C2O)O)OC3C(OC(C(C3O)O)O[*])CO)CO)CO
Pair_398,[*]C1C(OC(C(C1O)O)OC2C(OC(C(C2O)O)OC3C(OC(C(C3O)O)O[*])CO)CO)CO,[*]NC(C(O)=O)CCC([*])=O
Pair_399,[*]C(CCCCCO[*])=O,[*]C1C(OC(C(C1O)O)OC2C(OC(C(C2O)O)OC3C(OC(C(C3O)O)O[*])CO)CO)CO
Pair_400,[*]C(C)C(OCC(O[*])=O)=O,[*]C1C(OC(C(C1O)O)OC2C(OC(C(C2O)O)OC3C(OC(C(C3O)O)O[*])CO)CO)CO
Pair_401,O=C(N([*])C([*])=O)CC=C,[*]C1C(OC(C(C1O)O)OC2C(OC(C(C2O)O)OC3C(OC(C(C3O)O)O[*])CO)CO)CO
Pair_402,[*]C1=C(C=CN2)C2=C([*])C(O)=C1O,[*]C1C(OC(C(C1O)O)OC2C(OC(C(C2O)O)OC3C(OC(C(C3O)O)O[*])CO)CO)CO
Pair_403,OCC1OC(C(C(C1O[*])O)NC(C)=O)OC2C(O)C(C(OC2CO)[*])NC(C)=O,[*]C1C(OC(C(C1O)O)OC2C(OC(C(C2O)O)OC3C(OC(C(C3O)O)O[*])CO)CO)CO
Pair_404,O=C(N)C([*])C[*],[*]C1C(OC(C(C1O)O)OC2C(OC(C(C2O)O)OC3C(OC(C(C3O)O)O[*])CO)CO)CO
Pair_405,[*]C1C(OC(C(C1O)O)OC2C(OC(C(C2O)O)OC3C(OC(C(C3O)O)O[*])CO)CO)CO,[*]CC(C1=CC=C(C=C1)S(O)(=O)=O)[*]
Pair_406,CC(NC1C(OC(C(C1OC2OC(C(C(C2OCC(COC(C(C)=C)=O)O)O)O[*])C([O-])=O)O)O)O[*])=O,[*]C1C(OC(C(C1O)O)OC2C(OC(C(C2O)O)OC3C(OC(C(C3O)O)O[*])CO)CO)CO
Pair_407,[*]C1C(OC(C(C1O)O)OC2C(OC(C(C2O)O)OC3C(OC(C(C3O)O)O[*])CO)CO)CO,[*]NC(CCC([*])=O)C(O)=O
Pair_408,[*]C(C)(C(OCCN(C)C)=O)C[*],[*]C1C(OC(C(C1O)O)OC2C(OC(C(C2O)O)OC3C(OC(C(C3O)O)O[*])CO)CO)CO
Pair_409,[*]C1C(OC(C(C1O)O)OC2C(OC(C(C2O)O)OC3C(OC(C(C3O)O)O[*])CO)CO)CO,[*]OC1C(C(C(OC1C)OC2C(C(OC(C2O)COC(C)=O)OC3C(C(C(OC3C(O)=O)OC4C(C(C(OC4CO)O[*])O)O)O)O)OC(C(O)CO)=O)O)O
Pair_410,CC(NC1C([C@@H](C(O[C@H]1O[*])CO)O[C@@H]2OC([C@H]([C@@H](C2NC(C)=O)O)[*])CO)O)=O,[*]C1C(OC(C(C1O)O)OC2C(OC(C(C2O)O)OC3C(OC(C(C3O)O)O[*])CO)CO)CO
Pair_411,O=C([*])C(C)O[*],[*]C1C(OC(C(C1O)O)OC2C(OC(C(C2O)O)OC3C(OC(C(C3O)O)O[*])CO)CO)CO
Pair_412,COCC1OC(OC2C(CO)OC(O[*])C(OC)C2OC)C(OC)C(O)C1O[*],[*]C1C(OC(C(C1O)O)OC2C(OC(C(C2O)O)OC3C(OC(C(C3O)O)O[*])CO)CO)CO
Pair_413,[*]C1C(OC(C(C1O)O)OC2C(OC(C(C2O)O)OC3C(OC(C(C3O)O)O[*])CO)CO)CO,[H]N(C(O[*])=O)CCCCCCN(C(OCCCCO[*])=O)[H]
Pair_414,COC(C(C[*])([*])C)=O,[*]C1C(OC(C(C1O)O)OC2C(OC(C(C2O)O)OC3C(OC(C(C3O)O)O[*])CO)CO)CO
Pair_415,[*]C1C(OC(C(C1O)O)OC2C(OC(C(C2O)O)OC3C(OC(C(C3O)O)O[*])CO)CO)CO,[*]OC1OC(CO)C(OC2C(O)C(O)C([*])C(CO)O2)C(O)C1O
Pair_416,[*]C1C(OC(C(C1O)O)OC2C(OC(C(C2O)O)OC3C(OC(C(C3O)O)O[*])CO)CO)CO,[*]CC(C)(C(OCCO)=O)[*]
Pair_417,[*]C(N(CN(C(OCOC(N(CN(C(OCCO[*])=O)[H])[H])=O)=O)[H])[H])=O,[*]C1C(OC(C(C1O)O)OC2C(OC(C(C2O)O)OC3C(OC(C(C3O)O)O[*])CO)CO)CO
Pair_418,O=C([*])CCCCCO[*],[*]C1C(OC(C(C1O)O)OC2C(OC(C(C2O)O)OC3C(OC(C(C3O)O)O[*])CO)CO)CO
Pair_419,O=C(N1C(C([*])=O)CC(O)C1)CNC(C2CCCN2[*])=O,[*]C1C(OC(C(C1O)O)OC2C(OC(C(C2O)O)OC3C(OC(C(C3O)O)O[*])CO)CO)CO
Pair_420,O=C(C(OC(C=O)OC1C(C(C(OC1C(O[Na])=O)O[*])O)O)C(C=O)[*])O[Na],[*]C1C(OC(C(C1O)O)OC2C(OC(C(C2O)O)OC3C(OC(C(C3O)O)O[*])CO)CO)CO
Pair_433,[*]C([C@H](C)OC([C@H](C)O[*])=O)=O,[*]NC(C(O)=O)CCC([*])=O
Pair_434,[*]C(CCCCCO[*])=O,[*]C([C@H](C)OC([C@H](C)O[*])=O)=O
Pair_435,[*]C(C)C(OCC(O[*])=O)=O,[*]C([C@H](C)OC([C@H](C)O[*])=O)=O
Pair_436,O=C(N([*])C([*])=O)CC=C,[*]C([C@H](C)OC([C@H](C)O[*])=O)=O
Pair_437,[*]C([C@H](C)OC([C@H](C)O[*])=O)=O,[*]C1=C(C=CN2)C2=C([*])C(O)=C1O
Pair_438,OCC1OC(C(C(C1O[*])O)NC(C)=O)OC2C(O)C(C(OC2CO)[*])NC(C)=O,[*]C([C@H](C)OC([C@H](C)O[*])=O)=O
Pair_439,O=C(N)C([*])C[*],[*]C([C@H](C)OC([C@H](C)O[*])=O)=O
Pair_440,[*]C([C@H](C)OC([C@H](C)O[*])=O)=O,[*]CC(C1=CC=C(C=C1)S(O)(=O)=O)[*]
Pair_441,CC(NC1C(OC(C(C1OC2OC(C(C(C2OCC(COC(C(C)=C)=O)O)O)O[*])C([O-])=O)O)O)O[*])=O,[*]C([C@H](C)OC([C@H](C)O[*])=O)=O
Pair_442,[*]C([C@H](C)OC([C@H](C)O[*])=O)=O,[*]NC(CCC([*])=O)C(O)=O
Pair_443,[*]C(C)(C(OCCN(C)C)=O)C[*],[*]C([C@H](C)OC([C@H](C)O[*])=O)=O
Pair_444,[*]C([C@H](C)OC([C@H](C)O[*])=O)=O,[*]OC1C(C(C(OC1C)OC2C(C(OC(C2O)COC(C)=O)OC3C(C(C(OC3C(O)=O)OC4C(C(C(OC4CO)O[*])O)O)O)O)OC(C(O)CO)=O)O)O
Pair_445,CC(NC1C([C@@H](C(O[C@H]1O[*])CO)O[C@@H]2OC([C@H]([C@@H](C2NC(C)=O)O)[*])CO)O)=O,[*]C([C@H](C)OC([C@H](C)O[*])=O)=O
Pair_446,O=C([*])C(C)O[*],[*]C([C@H](C)OC([C@H](C)O[*])=O)=O
Pair_447,COCC1OC(OC2C(CO)OC(O[*])C(OC)C2OC)C(OC)C(O)C1O[*],[*]C([C@H](C)OC([C@H](C)O[*])=O)=O
Pair_448,[*]C([C@H](C)OC([C@H](C)O[*])=O)=O,[H]N(C(O[*])=O)CCCCCCN(C(OCCCCO[*])=O)[H]
Pair_449,COC(C(C[*])([*])C)=O,[*]C([C@H](C)OC([C@H](C)O[*])=O)=O
Pair_450,[*]C([C@H](C)OC([C@H](C)O[*])=O)=O,[*]OC1OC(CO)C(OC2C(O)C(O)C([*])C(CO)O2)C(O)C1O
Pair_451,[*]C([C@H](C)OC([C@H](C)O[*])=O)=O,[*]CC(C)(C(OCCO)=O)[*]
Pair_452,[*]C(N(CN(C(OCOC(N(CN(C(OCCO[*])=O)[H])[H])=O)=O)[H])[H])=O,[*]C([C@H](C)OC([C@H](C)O[*])=O)=O
Pair_453,O=C([*])CCCCCO[*],[*]C([C@H](C)OC([C@H](C)O[*])=O)=O
Pair_454,O=C(N1C(C([*])=O)CC(O)C1)CNC(C2CCCN2[*])=O,[*]C([C@H](C)OC([C@H](C)O[*])=O)=O
Pair_455,O=C(C(OC(C=O)OC1C(C(C(OC1C(O[Na])=O)O[*])O)O)C(C=O)[*])O[Na],[*]C([C@H](C)OC([C@H](C)O[*])=O)=O
Pair_469,[*]C(CCCCCO[*])=O,[*]NC(C(O)=O)CCC([*])=O
Pair_470,[*]C(C)C(OCC(O[*])=O)=O,[*]NC(C(O)=O)CCC([*])=O
Pair_471,O=C(N([*])C([*])=O)CC=C,[*]NC(C(O)=O)CCC([*])=O
Pair_472,[*]C1=C(C=CN2)C2=C([*])C(O)=C1O,[*]NC(C(O)=O)CCC([*])=O
Pair_473,OCC1OC(C(C(C1O[*])O)NC(C)=O)OC2C(O)C(C(OC2CO)[*])NC(C)=O,[*]NC(C(O)=O)CCC([*])=O
Pair_474,O=C(N)C([*])C[*],[*]NC(C(O)=O)CCC([*])=O
Pair_475,[*]CC(C1=CC=C(C=C1)S(O)(=O)=O)[*],[*]NC(C(O)=O)CCC([*])=O
Pair_476,CC(NC1C(OC(C(C1OC2OC(C(C(C2OCC(COC(C(C)=C)=O)O)O)O[*])C([O-])=O)O)O)O[*])=O,[*]NC(C(O)=O)CCC([*])=O
Pair_477,[*]NC(C(O)=O)CCC([*])=O,[*]NC(CCC([*])=O)C(O)=O
Pair_478,[*]C(C)(C(OCCN(C)C)=O)C[*],[*]NC(C(O)=O)CCC([*])=O
Pair_479,[*]NC(C(O)=O)CCC([*])=O,[*]OC1C(C(C(OC1C)OC2C(C(OC(C2O)COC(C)=O)OC3C(C(C(OC3C(O)=O)OC4C(C(C(OC4CO)O[*])O)O)O)O)OC(C(O)CO)=O)O)O
Pair_480,CC(NC1C([C@@H](C(O[C@H]1O[*])CO)O[C@@H]2OC([C@H]([C@@H](C2NC(C)=O)O)[*])CO)O)=O,[*]NC(C(O)=O)CCC([*])=O
Pair_481,O=C([*])C(C)O[*],[*]NC(C(O)=O)CCC([*])=O
Pair_482,COCC1OC(OC2C(CO)OC(O[*])C(OC)C2OC)C(OC)C(O)C1O[*],[*]NC(C(O)=O)CCC([*])=O
Pair_483,[*]NC(C(O)=O)CCC([*])=O,[H]N(C(O[*])=O)CCCCCCN(C(OCCCCO[*])=O)[H]
Pair_484,COC(C(C[*])([*])C)=O,[*]NC(C(O)=O)CCC([*])=O
Pair_485,[*]NC(C(O)=O)CCC([*])=O,[*]OC1OC(CO)C(OC2C(O)C(O)C([*])C(CO)O2)C(O)C1O
Pair_486,[*]CC(C)(C(OCCO)=O)[*],[*]NC(C(O)=O)CCC([*])=O
Pair_487,[*]C(N(CN(C(OCOC(N(CN(C(OCCO[*])=O)[H])[H])=O)=O)[H])[H])=O,[*]NC(C(O)=O)CCC([*])=O
Pair_488,O=C([*])CCCCCO[*],[*]NC(C(O)=O)CCC([*])=O
Pair_489,O=C(N1C(C([*])=O)CC(O)C1)CNC(C2CCCN2[*])=O,[*]NC(C(O)=O)CCC([*])=O
Pair_490,O=C(C(OC(C=O)OC1C(C(C(OC1C(O[Na])=O)O[*])O)O)C(C=O)[*])O[Na],[*]NC(C(O)=O)CCC([*])=O
Pair_505,[*]C(C)C(OCC(O[*])=O)=O,[*]C(CCCCCO[*])=O
Pair_506,O=C(N([*])C([*])=O)CC=C,[*]C(CCCCCO[*])=O
Pair_507,[*]C(CCCCCO[*])=O,[*]C1=C(C=CN2)C2=C([*])C(O)=C1O
Pair_508,OCC1OC(C(C(C1O[*])O)NC(C)=O)OC2C(O)C(C(OC2CO)[*])NC(C)=O,[*]C(CCCCCO[*])=O
Pair_509,O=C(N)C([*])C[*],[*]C(CCCCCO[*])=O
Pair_510,[*]C(CCCCCO[*])=O,[*]CC(C1=CC=C(C=C1)S(O)(=O)=O)[*]
Pair_511,CC(NC1C(OC(C(C1OC2OC(C(C(C2OCC(COC(C(C)=C)=O)O)O)O[*])C([O-])=O)O)O)O[*])=O,[*]C(CCCCCO[*])=O
Pair_512,[*]C(CCCCCO[*])=O,[*]NC(CCC([*])=O)C(O)=O
Pair_513,[*]C(C)(C(OCCN(C)C)=O)C[*],[*]C(CCCCCO[*])=O
Pair_514,[*]C(CCCCCO[*])=O,[*]OC1C(C(C(OC1C)OC2C(C(OC(C2O)COC(C)=O)OC3C(C(C(OC3C(O)=O)OC4C(C(C(OC4CO)O[*])O)O)O)O)OC(C(O)CO)=O)O)O
Pair_515,CC(NC1C([C@@H](C(O[C@H]1O[*])CO)O[C@@H]2OC([C@H]([C@@H](C2NC(C)=O)O)[*])CO)O)=O,[*]C(CCCCCO[*])=O
Pair_516,O=C([*])C(C)O[*],[*]C(CCCCCO[*])=O
Pair_517,COCC1OC(OC2C(CO)OC(O[*])C(OC)C2OC)C(OC)C(O)C1O[*],[*]C(CCCCCO[*])=O
Pair_518,[*]C(CCCCCO[*])=O,[H]N(C(O[*])=O)CCCCCCN(C(OCCCCO[*])=O)[H]
Pair_519,COC(C(C[*])([*])C)=O,[*]C(CCCCCO[*])=O
Pair_520,[*]C(CCCCCO[*])=O,[*]OC1OC(CO)C(OC2C(O)C(O)C([*])C(CO)O2)C(O)C1O
Pair_521,[*]C(CCCCCO[*])=O,[*]CC(C)(C(OCCO)=O)[*]
Pair_522,[*]C(CCCCCO[*])=O,[*]C(N(CN(C(OCOC(N(CN(C(OCCO[*])=O)[H])[H])=O)=O)[H])[H])=O
Pair_523,O=C([*])CCCCCO[*],[*]C(CCCCCO[*])=O
Pair_524,O=C(N1C(C([*])=O)CC(O)C1)CNC(C2CCCN2[*])=O,[*]C(CCCCCO[*])=O
Pair_525,O=C(C(OC(C=O)OC1C(C(C(OC1C(O[Na])=O)O[*])O)O)C(C=O)[*])O[Na],[*]C(CCCCCO[*])=O
Pair_541,O=C(N([*])C([*])=O)CC=C,[*]C(C)C(OCC(O[*])=O)=O
Pair_542,[*]C(C)C(OCC(O[*])=O)=O,[*]C1=C(C=CN2)C2=C([*])C(O)=C1O
Pair_543,OCC1OC(C(C(C1O[*])O)NC(C)=O)OC2C(O)C(C(OC2CO)[*])NC(C)=O,[*]C(C)C(OCC(O[*])=O)=O
Pair_544,O=C(N)C([*])C[*],[*]C(C)C(OCC(O[*])=O)=O
Pair_545,[*]C(C)C(OCC(O[*])=O)=O,[*]CC(C1=CC=C(C=C1)S(O)(=O)=O)[*]
Pair_546,CC(NC1C(OC(C(C1OC2OC(C(C(C2OCC(COC(C(C)=C)=O)O)O)O[*])C([O-])=O)O)O)O[*])=O,[*]C(C)C(OCC(O[*])=O)=O
Pair_547,[*]C(C)C(OCC(O[*])=O)=O,[*]NC(CCC([*])=O)C(O)=O
Pair_548,[*]C(C)(C(OCCN(C)C)=O)C[*],[*]C(C)C(OCC(O[*])=O)=O
Pair_549,[*]C(C)C(OCC(O[*])=O)=O,[*]OC1C(C(C(OC1C)OC2C(C(OC(C2O)COC(C)=O)OC3C(C(C(OC3C(O)=O)OC4C(C(C(OC4CO)O[*])O)O)O)O)OC(C(O)CO)=O)O)O
Pair_550,CC(NC1C([C@@H](C(O[C@H]1O[*])CO)O[C@@H]2OC([C@H]([C@@H](C2NC(C)=O)O)[*])CO)O)=O,[*]C(C)C(OCC(O[*])=O)=O
Pair_551,O=C([*])C(C)O[*],[*]C(C)C(OCC(O[*])=O)=O
Pair_552,COCC1OC(OC2C(CO)OC(O[*])C(OC)C2OC)C(OC)C(O)C1O[*],[*]C(C)C(OCC(O[*])=O)=O
Pair_553,[*]C(C)C(OCC(O[*])=O)=O,[H]N(C(O[*])=O)CCCCCCN(C(OCCCCO[*])=O)[H]
Pair_554,COC(C(C[*])([*])C)=O,[*]C(C)C(OCC(O[*])=O)=O
Pair_555,[*]C(C)C(OCC(O[*])=O)=O,[*]OC1OC(CO)C(OC2C(O)C(O)C([*])C(CO)O2)C(O)C1O
Pair_556,[*]C(C)C(OCC(O[*])=O)=O,[*]CC(C)(C(OCCO)=O)[*]
Pair_557,[*]C(C)C(OCC(O[*])=O)=O,[*]C(N(CN(C(OCOC(N(CN(C(OCCO[*])=O)[H])[H])=O)=O)[H])[H])=O
Pair_558,O=C([*])CCCCCO[*],[*]C(C)C(OCC(O[*])=O)=O
Pair_559,O=C(N1C(C([*])=O)CC(O)C1)CNC(C2CCCN2[*])=O,[*]C(C)C(OCC(O[*])=O)=O
Pair_560,O=C(C(OC(C=O)OC1C(C(C(OC1C(O[Na])=O)O[*])O)O)C(C=O)[*])O[Na],[*]C(C)C(OCC(O[*])=O)=O
Pair_577,O=C(N([*])C([*])=O)CC=C,[*]C1=C(C=CN2)C2=C([*])C(O)=C1O
Pair_578,O=C(N([*])C([*])=O)CC=C,OCC1OC(C(C(C1O[*])O)NC(C)=O)OC2C(O)C(C(OC2CO)[*])NC(C)=O
Pair_579,O=C(N([*])C([*])=O)CC=C,O=C(N)C([*])C[*]
Pair_580,O=C(N([*])C([*])=O)CC=C,[*]CC(C1=CC=C(C=C1)S(O)(=O)=O)[*]
Pair_581,CC(NC1C(OC(C(C1OC2OC(C(C(C2OCC(COC(C(C)=C)=O)O)O)O[*])C([O-])=O)O)O)O[*])=O,O=C(N([*])C([*])=O)CC=C
Pair_582,O=C(N([*])C([*])=O)CC=C,[*]NC(CCC([*])=O)C(O)=O
Pair_583,O=C(N([*])C([*])=O)CC=C,[*]C(C)(C(OCCN(C)C)=O)C[*]
Pair_584,O=C(N([*])C([*])=O)CC=C,[*]OC1C(C(C(OC1C)OC2C(C(OC(C2O)COC(C)=O)OC3C(C(C(OC3C(O)=O)OC4C(C(C(OC4CO)O[*])O)O)O)O)OC(C(O)CO)=O)O)O
Pair_585,CC(NC1C([C@@H](C(O[C@H]1O[*])CO)O[C@@H]2OC([C@H]([C@@H](C2NC(C)=O)O)[*])CO)O)=O,O=C(N([*])C([*])=O)CC=C
Pair_586,O=C(N([*])C([*])=O)CC=C,O=C([*])C(C)O[*]
Pair_587,COCC1OC(OC2C(CO)OC(O[*])C(OC)C2OC)C(OC)C(O)C1O[*],O=C(N([*])C([*])=O)CC=C
Pair_588,O=C(N([*])C([*])=O)CC=C,[H]N(C(O[*])=O)CCCCCCN(C(OCCCCO[*])=O)[H]
Pair_589,COC(C(C[*])([*])C)=O,O=C(N([*])C([*])=O)CC=C
Pair_590,O=C(N([*])C([*])=O)CC=C,[*]OC1OC(CO)C(OC2C(O)C(O)C([*])C(CO)O2)C(O)C1O
Pair_591,O=C(N([*])C([*])=O)CC=C,[*]CC(C)(C(OCCO)=O)[*]
Pair_592,O=C(N([*])C([*])=O)CC=C,[*]C(N(CN(C(OCOC(N(CN(C(OCCO[*])=O)[H])[H])=O)=O)[H])[H])=O
Pair_593,O=C(N([*])C([*])=O)CC=C,O=C([*])CCCCCO[*]
Pair_594,O=C(N([*])C([*])=O)CC=C,O=C(N1C(C([*])=O)CC(O)C1)CNC(C2CCCN2[*])=O
Pair_595,O=C(C(OC(C=O)OC1C(C(C(OC1C(O[Na])=O)O[*])O)O)C(C=O)[*])O[Na],O=C(N([*])C([*])=O)CC=C
Pair_613,OCC1OC(C(C(C1O[*])O)NC(C)=O)OC2C(O)C(C(OC2CO)[*])NC(C)=O,[*]C1=C(C=CN2)C2=C([*])C(O)=C1O
Pair_614,O=C(N)C([*])C[*],[*]C1=C(C=CN2)C2=C([*])C(O)=C1O
Pair_615,[*]C1=C(C=CN2)C2=C([*])C(O)=C1O,[*]CC(C1=CC=C(C=C1)S(O)(=O)=O)[*]
Pair_616,CC(NC1C(OC(C(C1OC2OC(C(C(C2OCC(COC(C(C)=C)=O)O)O)O[*])C([O-])=O)O)O)O[*])=O,[*]C1=C(C=CN2)C2=C([*])C(O)=C1O
Pair_617,[*]C1=C(C=CN2)C2=C([*])C(O)=C1O,[*]NC(CCC([*])=O)C(O)=O
Pair_618,[*]C(C)(C(OCCN(C)C)=O)C[*],[*]C1=C(C=CN2)C2=C([*])C(O)=C1O
Pair_619,[*]C1=C(C=CN2)C2=C([*])C(O)=C1O,[*]OC1C(C(C(OC1C)OC2C(C(OC(C2O)COC(C)=O)OC3C(C(C(OC3C(O)=O)OC4C(C(C(OC4CO)O[*])O)O)O)O)OC(C(O)CO)=O)O)O
Pair_620,CC(NC1C([C@@H](C(O[C@H]1O[*])CO)O[C@@H]2OC([C@H]([C@@H](C2NC(C)=O)O)[*])CO)O)=O,[*]C1=C(C=CN2)C2=C([*])C(O)=C1O
Pair_621,O=C([*])C(C)O[*],[*]C1=C(C=CN2)C2=C([*])C(O)=C1O
Pair_622,COCC1OC(OC2C(CO)OC(O[*])C(OC)C2OC)C(OC)C(O)C1O[*],[*]C1=C(C=CN2)C2=C([*])C(O)=C1O
Pair_623,[*]C1=C(C=CN2)C2=C([*])C(O)=C1O,[H]N(C(O[*])=O)CCCCCCN(C(OCCCCO[*])=O)[H]
Pair_624,COC(C(C[*])([*])C)=O,[*]C1=C(C=CN2)C2=C([*])C(O)=C1O
Pair_625,[*]C1=C(C=CN2)C2=C([*])C(O)=C1O,[*]OC1OC(CO)C(OC2C(O)C(O)C([*])C(CO)O2)C(O)C1O
Pair_626,[*]C1=C(C=CN2)C2=C([*])C(O)=C1O,[*]CC(C)(C(OCCO)=O)[*]
Pair_627,[*]C(N(CN(C(OCOC(N(CN(C(OCCO[*])=O)[H])[H])=O)=O)[H])[H])=O,[*]C1=C(C=CN2)C2=C([*])C(O)=C1O
Pair_628,O=C([*])CCCCCO[*],[*]C1=C(C=CN2)C2=C([*])C(O)=C1O
Pair_629,O=C(N1C(C([*])=O)CC(O)C1)CNC(C2CCCN2[*])=O,[*]C1=C(C=CN2)C2=C([*])C(O)=C1O
Pair_630,O=C(C(OC(C=O)OC1C(C(C(OC1C(O[Na])=O)O[*])O)O)C(C=O)[*])O[Na],[*]C1=C(C=CN2)C2=C([*])C(O)=C1O
Pair_649,O=C(N)C([*])C[*],OCC1OC(C(C(C1O[*])O)NC(C)=O)OC2C(O)C(C(OC2CO)[*])NC(C)=O
Pair_650,OCC1OC(C(C(C1O[*])O)NC(C)=O)OC2C(O)C(C(OC2CO)[*])NC(C)=O,[*]CC(C1=CC=C(C=C1)S(O)(=O)=O)[*]
Pair_651,CC(NC1C(OC(C(C1OC2OC(C(C(C2OCC(COC(C(C)=C)=O)O)O)O[*])C([O-])=O)O)O)O[*])=O,OCC1OC(C(C(C1O[*])O)NC(C)=O)OC2C(O)C(C(OC2CO)[*])NC(C)=O
Pair_652,OCC1OC(C(C(C1O[*])O)NC(C)=O)OC2C(O)C(C(OC2CO)[*])NC(C)=O,[*]NC(CCC([*])=O)C(O)=O
Pair_653,OCC1OC(C(C(C1O[*])O)NC(C)=O)OC2C(O)C(C(OC2CO)[*])NC(C)=O,[*]C(C)(C(OCCN(C)C)=O)C[*]
Pair_654,OCC1OC(C(C(C1O[*])O)NC(C)=O)OC2C(O)C(C(OC2CO)[*])NC(C)=O,[*]OC1C(C(C(OC1C)OC2C(C(OC(C2O)COC(C)=O)OC3C(C(C(OC3C(O)=O)OC4C(C(C(OC4CO)O[*])O)O)O)O)OC(C(O)CO)=O)O)O
Pair_655,CC(NC1C([C@@H](C(O[C@H]1O[*])CO)O[C@@H]2OC([C@H]([C@@H](C2NC(C)=O)O)[*])CO)O)=O,OCC1OC(C(C(C1O[*])O)NC(C)=O)OC2C(O)C(C(OC2CO)[*])NC(C)=O
Pair_656,O=C([*])C(C)O[*],OCC1OC(C(C(C1O[*])O)NC(C)=O)OC2C(O)C(C(OC2CO)[*])NC(C)=O
Pair_657,COCC1OC(OC2C(CO)OC(O[*])C(OC)C2OC)C(OC)C(O)C1O[*],OCC1OC(C(C(C1O[*])O)NC(C)=O)OC2C(O)C(C(OC2CO)[*])NC(C)=O
Pair_658,OCC1OC(C(C(C1O[*])O)NC(C)=O)OC2C(O)C(C(OC2CO)[*])NC(C)=O,[H]N(C(O[*])=O)CCCCCCN(C(OCCCCO[*])=O)[H]
Pair_659,COC(C(C[*])([*])C)=O,OCC1OC(C(C(C1O[*])O)NC(C)=O)OC2C(O)C(C(OC2CO)[*])NC(C)=O
Pair_660,OCC1OC(C(C(C1O[*])O)NC(C)=O)OC2C(O)C(C(OC2CO)[*])NC(C)=O,[*]OC1OC(CO)C(OC2C(O)C(O)C([*])C(CO)O2)C(O)C1O
Pair_661,OCC1OC(C(C(C1O[*])O)NC(C)=O)OC2C(O)C(C(OC2CO)[*])NC(C)=O,[*]CC(C)(C(OCCO)=O)[*]
Pair_662,OCC1OC(C(C(C1O[*])O)NC(C)=O)OC2C(O)C(C(OC2CO)[*])NC(C)=O,[*]C(N(CN(C(OCOC(N(CN(C(OCCO[*])=O)[H])[H])=O)=O)[H])[H])=O
Pair_663,O=C([*])CCCCCO[*],OCC1OC(C(C(C1O[*])O)NC(C)=O)OC2C(O)C(C(OC2CO)[*])NC(C)=O
Pair_664,O=C(N1C(C([*])=O)CC(O)C1)CNC(C2CCCN2[*])=O,OCC1OC(C(C(C1O[*])O)NC(C)=O)OC2C(O)C(C(OC2CO)[*])NC(C)=O
Pair_665,O=C(C(OC(C=O)OC1C(C(C(OC1C(O[Na])=O)O[*])O)O)C(C=O)[*])O[Na],OCC1OC(C(C(C1O[*])O)NC(C)=O)OC2C(O)C(C(OC2CO)[*])NC(C)=O
Pair_685,O=C(N)C([*])C[*],[*]CC(C1=CC=C(C=C1)S(O)(=O)=O)[*]
Pair_686,CC(NC1C(OC(C(C1OC2OC(C(C(C2OCC(COC(C(C)=C)=O)O)O)O[*])C([O-])=O)O)O)O[*])=O,O=C(N)C([*])C[*]
Pair_687,O=C(N)C([*])C[*],[*]NC(CCC([*])=O)C(O)=O
Pair_688,O=C(N)C([*])C[*],[*]C(C)(C(OCCN(C)C)=O)C[*]
Pair_689,O=C(N)C([*])C[*],[*]OC1C(C(C(OC1C)OC2C(C(OC(C2O)COC(C)=O)OC3C(C(C(OC3C(O)=O)OC4C(C(C(OC4CO)O[*])O)O)O)O)OC(C(O)CO)=O)O)O
Pair_690,CC(NC1C([C@@H](C(O[C@H]1O[*])CO)O[C@@H]2OC([C@H]([C@@H](C2NC(C)=O)O)[*])CO)O)=O,O=C(N)C([*])C[*]
Pair_691,O=C(N)C([*])C[*],O=C([*])C(C)O[*]
Pair_692,COCC1OC(OC2C(CO)OC(O[*])C(OC)C2OC)C(OC)C(O)C1O[*],O=C(N)C([*])C[*]
Pair_693,O=C(N)C([*])C[*],[H]N(C(O[*])=O)CCCCCCN(C(OCCCCO[*])=O)[H]
Pair_694,COC(C(C[*])([*])C)=O,O=C(N)C([*])C[*]
Pair_695,O=C(N)C([*])C[*],[*]OC1OC(CO)C(OC2C(O)C(O)C([*])C(CO)O2)C(O)C1O
Pair_696,O=C(N)C([*])C[*],[*]CC(C)(C(OCCO)=O)[*]
Pair_697,O=C(N)C([*])C[*],[*]C(N(CN(C(OCOC(N(CN(C(OCCO[*])=O)[H])[H])=O)=O)[H])[H])=O
Pair_698,O=C(N)C([*])C[*],O=C([*])CCCCCO[*]
Pair_699,O=C(N)C([*])C[*],O=C(N1C(C([*])=O)CC(O)C1)CNC(C2CCCN2[*])=O
Pair_700,O=C(C(OC(C=O)OC1C(C(C(OC1C(O[Na])=O)O[*])O)O)C(C=O)[*])O[Na],O=C(N)C([*])C[*]
Pair_721,CC(NC1C(OC(C(C1OC2OC(C(C(C2OCC(COC(C(C)=C)=O)O)O)O[*])C([O-])=O)O)O)O[*])=O,[*]CC(C1=CC=C(C=C1)S(O)(=O)=O)[*]
Pair_722,[*]CC(C1=CC=C(C=C1)S(O)(=O)=O)[*],[*]NC(CCC([*])=O)C(O)=O
Pair_723,[*]C(C)(C(OCCN(C)C)=O)C[*],[*]CC(C1=CC=C(C=C1)S(O)(=O)=O)[*]
Pair_724,[*]CC(C1=CC=C(C=C1)S(O)(=O)=O)[*],[*]OC1C(C(C(OC1C)OC2C(C(OC(C2O)COC(C)=O)OC3C(C(C(OC3C(O)=O)OC4C(C(C(OC4CO)O[*])O)O)O)O)OC(C(O)CO)=O)O)O
Pair_725,CC(NC1C([C@@H](C(O[C@H]1O[*])CO)O[C@@H]2OC([C@H]([C@@H](C2NC(C)=O)O)[*])CO)O)=O,[*]CC(C1=CC=C(C=C1)S(O)(=O)=O)[*]
Pair_726,O=C([*])C(C)O[*],[*]CC(C1=CC=C(C=C1)S(O)(=O)=O)[*]
Pair_727,COCC1OC(OC2C(CO)OC(O[*])C(OC)C2OC)C(OC)C(O)C1O[*],[*]CC(C1=CC=C(C=C1)S(O)(=O)=O)[*]
Pair_728,[*]CC(C1=CC=C(C=C1)S(O)(=O)=O)[*],[H]N(C(O[*])=O)CCCCCCN(C(OCCCCO[*])=O)[H]
Pair_729,COC(C(C[*])([*])C)=O,[*]CC(C1=CC=C(C=C1)S(O)(=O)=O)[*]
Pair_730,[*]CC(C1=CC=C(C=C1)S(O)(=O)=O)[*],[*]OC1OC(CO)C(OC2C(O)C(O)C([*])C(CO)O2)C(O)C1O
Pair_731,[*]CC(C)(C(OCCO)=O)[*],[*]CC(C1=CC=C(C=C1)S(O)(=O)=O)[*]
Pair_732,[*]C(N(CN(C(OCOC(N(CN(C(OCCO[*])=O)[H])[H])=O)=O)[H])[H])=O,[*]CC(C1=CC=C(C=C1)S(O)(=O)=O)[*]
Pair_733,O=C([*])CCCCCO[*],[*]CC(C1=CC=C(C=C1)S(O)(=O)=O)[*]
Pair_734,O=C(N1C(C([*])=O)CC(O)C1)CNC(C2CCCN2[*])=O,[*]CC(C1=CC=C(C=C1)S(O)(=O)=O)[*]
Pair_735,O=C(C(OC(C=O)OC1C(C(C(OC1C(O[Na])=O)O[*])O)O)C(C=O)[*])O[Na],[*]CC(C1=CC=C(C=C1)S(O)(=O)=O)[*]
Pair_757,CC(NC1C(OC(C(C1OC2OC(C(C(C2OCC(COC(C(C)=C)=O)O)O)O[*])C([O-])=O)O)O)O[*])=O,[*]NC(CCC([*])=O)C(O)=O
Pair_758,CC(NC1C(OC(C(C1OC2OC(C(C(C2OCC(COC(C(C)=C)=O)O)O)O[*])C([O-])=O)O)O)O[*])=O,[*]C(C)(C(OCCN(C)C)=O)C[*]
Pair_759,CC(NC1C(OC(C(C1OC2OC(C(C(C2OCC(COC(C(C)=C)=O)O)O)O[*])C([O-])=O)O)O)O[*])=O,[*]OC1C(C(C(OC1C)OC2C(C(OC(C2O)COC(C)=O)OC3C(C(C(OC3C(O)=O)OC4C(C(C(OC4CO)O[*])O)O)O)O)OC(C(O)CO)=O)O)O
Pair_760,CC(NC1C(OC(C(C1OC2OC(C(C(C2OCC(COC(C(C)=C)=O)O)O)O[*])C([O-])=O)O)O)O[*])=O,CC(NC1C([C@@H](C(O[C@H]1O[*])CO)O[C@@H]2OC([C@H]([C@@H](C2NC(C)=O)O)[*])CO)O)=O
Pair_761,CC(NC1C(OC(C(C1OC2OC(C(C(C2OCC(COC(C(C)=C)=O)O)O)O[*])C([O-])=O)O)O)O[*])=O,O=C([*])C(C)O[*]
Pair_762,CC(NC1C(OC(C(C1OC2OC(C(C(C2OCC(COC(C(C)=C)=O)O)O)O[*])C([O-])=O)O)O)O[*])=O,COCC1OC(OC2C(CO)OC(O[*])C(OC)C2OC)C(OC)C(O)C1O[*]
Pair_763,CC(NC1C(OC(C(C1OC2OC(C(C(C2OCC(COC(C(C)=C)=O)O)O)O[*])C([O-])=O)O)O)O[*])=O,[H]N(C(O[*])=O)CCCCCCN(C(OCCCCO[*])=O)[H]
Pair_764,CC(NC1C(OC(C(C1OC2OC(C(C(C2OCC(COC(C(C)=C)=O)O)O)O[*])C([O-])=O)O)O)O[*])=O,COC(C(C[*])([*])C)=O
Pair_765,CC(NC1C(OC(C(C1OC2OC(C(C(C2OCC(COC(C(C)=C)=O)O)O)O[*])C([O-])=O)O)O)O[*])=O,[*]OC1OC(CO)C(OC2C(O)C(O)C([*])C(CO)O2)C(O)C1O
Pair_766,CC(NC1C(OC(C(C1OC2OC(C(C(C2OCC(COC(C(C)=C)=O)O)O)O[*])C([O-])=O)O)O)O[*])=O,[*]CC(C)(C(OCCO)=O)[*]
Pair_767,CC(NC1C(OC(C(C1OC2OC(C(C(C2OCC(COC(C(C)=C)=O)O)O)O[*])C([O-])=O)O)O)O[*])=O,[*]C(N(CN(C(OCOC(N(CN(C(OCCO[*])=O)[H])[H])=O)=O)[H])[H])=O
Pair_768,CC(NC1C(OC(C(C1OC2OC(C(C(C2OCC(COC(C(C)=C)=O)O)O)O[*])C([O-])=O)O)O)O[*])=O,O=C([*])CCCCCO[*]
Pair_769,CC(NC1C(OC(C(C1OC2OC(C(C(C2OCC(COC(C(C)=C)=O)O)O)O[*])C([O-])=O)O)O)O[*])=O,O=C(N1C(C([*])=O)CC(O)C1)CNC(C2CCCN2[*])=O
Pair_770,CC(NC1C(OC(C(C1OC2OC(C(C(C2OCC(COC(C(C)=C)=O)O)O)O[*])C([O-])=O)O)O)O[*])=O,O=C(C(OC(C=O)OC1C(C(C(OC1C(O[Na])=O)O[*])O)O)C(C=O)[*])O[Na]
Pair_793,[*]C(C)(C(OCCN(C)C)=O)C[*],[*]NC(CCC([*])=O)C(O)=O
Pair_794,[*]NC(CCC([*])=O)C(O)=O,[*]OC1C(C(C(OC1C)OC2C(C(OC(C2O)COC(C)=O)OC3C(C(C(OC3C(O)=O)OC4C(C(C(OC4CO)O[*])O)O)O)O)OC(C(O)CO)=O)O)O
Pair_795,CC(NC1C([C@@H](C(O[C@H]1O[*])CO)O[C@@H]2OC([C@H]([C@@H](C2NC(C)=O)O)[*])CO)O)=O,[*]NC(CCC([*])=O)C(O)=O
Pair_796,O=C([*])C(C)O[*],[*]NC(CCC([*])=O)C(O)=O
Pair_797,COCC1OC(OC2C(CO)OC(O[*])C(OC)C2OC)C(OC)C(O)C1O[*],[*]NC(CCC([*])=O)C(O)=O
Pair_798,[*]NC(CCC([*])=O)C(O)=O,[H]N(C(O[*])=O)CCCCCCN(C(OCCCCO[*])=O)[H]
Pair_799,COC(C(C[*])([*])C)=O,[*]NC(CCC([*])=O)C(O)=O
Pair_800,[*]NC(CCC([*])=O)C(O)=O,[*]OC1OC(CO)C(OC2C(O)C(O)C([*])C(CO)O2)C(O)C1O
Pair_801,[*]CC(C)(C(OCCO)=O)[*],[*]NC(CCC([*])=O)C(O)=O
Pair_802,[*]C(N(CN(C(OCOC(N(CN(C(OCCO[*])=O)[H])[H])=O)=O)[H])[H])=O,[*]NC(CCC([*])=O)C(O)=O
Pair_803,O=C([*])CCCCCO[*],[*]NC(CCC([*])=O)C(O)=O
Pair_804,O=C(N1C(C([*])=O)CC(O)C1)CNC(C2CCCN2[*])=O,[*]NC(CCC([*])=O)C(O)=O
Pair_805,O=C(C(OC(C=O)OC1C(C(C(OC1C(O[Na])=O)O[*])O)O)C(C=O)[*])O[Na],[*]NC(CCC([*])=O)C(O)=O
Pair_829,[*]C(C)(C(OCCN(C)C)=O)C[*],[*]OC1C(C(C(OC1C)OC2C(C(OC(C2O)COC(C)=O)OC3C(C(C(OC3C(O)=O)OC4C(C(C(OC4CO)O[*])O)O)O)O)OC(C(O)CO)=O)O)O
Pair_830,CC(NC1C([C@@H](C(O[C@H]1O[*])CO)O[C@@H]2OC([C@H]([C@@H](C2NC(C)=O)O)[*])CO)O)=O,[*]C(C)(C(OCCN(C)C)=O)C[*]
Pair_831,O=C([*])C(C)O[*],[*]C(C)(C(OCCN(C)C)=O)C[*]
Pair_832,COCC1OC(OC2C(CO)OC(O[*])C(OC)C2OC)C(OC)C(O)C1O[*],[*]C(C)(C(OCCN(C)C)=O)C[*]
Pair_833,[*]C(C)(C(OCCN(C)C)=O)C[*],[H]N(C(O[*])=O)CCCCCCN(C(OCCCCO[*])=O)[H]
Pair_834,COC(C(C[*])([*])C)=O,[*]C(C)(C(OCCN(C)C)=O)C[*]
Pair_835,[*]C(C)(C(OCCN(C)C)=O)C[*],[*]OC1OC(CO)C(OC2C(O)C(O)C([*])C(CO)O2)C(O)C1O
Pair_836,[*]C(C)(C(OCCN(C)C)=O)C[*],[*]CC(C)(C(OCCO)=O)[*]
Pair_837,[*]C(C)(C(OCCN(C)C)=O)C[*],[*]C(N(CN(C(OCOC(N(CN(C(OCCO[*])=O)[H])[H])=O)=O)[H])[H])=O
Pair_838,O=C([*])CCCCCO[*],[*]C(C)(C(OCCN(C)C)=O)C[*]
Pair_839,O=C(N1C(C([*])=O)CC(O)C1)CNC(C2CCCN2[*])=O,[*]C(C)(C(OCCN(C)C)=O)C[*]
Pair_840,O=C(C(OC(C=O)OC1C(C(C(OC1C(O[Na])=O)O[*])O)O)C(C=O)[*])O[Na],[*]C(C)(C(OCCN(C)C)=O)C[*]
Pair_865,CC(NC1C([C@@H](C(O[C@H]1O[*])CO)O[C@@H]2OC([C@H]([C@@H](C2NC(C)=O)O)[*])CO)O)=O,[*]OC1C(C(C(OC1C)OC2C(C(OC(C2O)COC(C)=O)OC3C(C(C(OC3C(O)=O)OC4C(C(C(OC4CO)O[*])O)O)O)O)OC(C(O)CO)=O)O)O
Pair_866,O=C([*])C(C)O[*],[*]OC1C(C(C(OC1C)OC2C(C(OC(C2O)COC(C)=O)OC3C(C(C(OC3C(O)=O)OC4C(C(C(OC4CO)O[*])O)O)O)O)OC(C(O)CO)=O)O)O
Pair_867,COCC1OC(OC2C(CO)OC(O[*])C(OC)C2OC)C(OC)C(O)C1O[*],[*]OC1C(C(C(OC1C)OC2C(C(OC(C2O)COC(C)=O)OC3C(C(C(OC3C(O)=O)OC4C(C(C(OC4CO)O[*])O)O)O)O)OC(C(O)CO)=O)O)O
Pair_868,[*]OC1C(C(C(OC1C)OC2C(C(OC(C2O)COC(C)=O)OC3C(C(C(OC3C(O)=O)OC4C(C(C(OC4CO)O[*])O)O)O)O)OC(C(O)CO)=O)O)O,[H]N(C(O[*])=O)CCCCCCN(C(OCCCCO[*])=O)[H]
Pair_869,COC(C(C[*])([*])C)=O,[*]OC1C(C(C(OC1C)OC2C(C(OC(C2O)COC(C)=O)OC3C(C(C(OC3C(O)=O)OC4C(C(C(OC4CO)O[*])O)O)O)O)OC(C(O)CO)=O)O)O
Pair_870,[*]OC1C(C(C(OC1C)OC2C(C(OC(C2O)COC(C)=O)OC3C(C(C(OC3C(O)=O)OC4C(C(C(OC4CO)O[*])O)O)O)O)OC(C(O)CO)=O)O)O,[*]OC1OC(CO)C(OC2C(O)C(O)C([*])C(CO)O2)C(O)C1O
Pair_871,[*]CC(C)(C(OCCO)=O)[*],[*]OC1C(C(C(OC1C)OC2C(C(OC(C2O)COC(C)=O)OC3C(C(C(OC3C(O)=O)OC4C(C(C(OC4CO)O[*])O)O)O)O)OC(C(O)CO)=O)O)O
Pair_872,[*]C(N(CN(C(OCOC(N(CN(C(OCCO[*])=O)[H])[H])=O)=O)[H])[H])=O,[*]OC1C(C(C(OC1C)OC2C(C(OC(C2O)COC(C)=O)OC3C(C(C(OC3C(O)=O)OC4C(C(C(OC4CO)O[*])O)O)O)O)OC(C(O)CO)=O)O)O
Pair_873,O=C([*])CCCCCO[*],[*]OC1C(C(C(OC1C)OC2C(C(OC(C2O)COC(C)=O)OC3C(C(C(OC3C(O)=O)OC4C(C(C(OC4CO)O[*])O)O)O)O)OC(C(O)CO)=O)O)O
Pair_874,O=C(N1C(C([*])=O)CC(O)C1)CNC(C2CCCN2[*])=O,[*]OC1C(C(C(OC1C)OC2C(C(OC(C2O)COC(C)=O)OC3C(C(C(OC3C(O)=O)OC4C(C(C(OC4CO)O[*])O)O)O)O)OC(C(O)CO)=O)O)O
Pair_875,O=C(C(OC(C=O)OC1C(C(C(OC1C(O[Na])=O)O[*])O)O)C(C=O)[*])O[Na],[*]OC1C(C(C(OC1C)OC2C(C(OC(C2O)COC(C)=O)OC3C(C(C(OC3C(O)=O)OC4C(C(C(OC4CO)O[*])O)O)O)O)OC(C(O)CO)=O)O)O
Pair_901,CC(NC1C([C@@H](C(O[C@H]1O[*])CO)O[C@@H]2OC([C@H]([C@@H](C2NC(C)=O)O)[*])CO)O)=O,O=C([*])C(C)O[*]
Pair_902,CC(NC1C([C@@H](C(O[C@H]1O[*])CO)O[C@@H]2OC([C@H]([C@@H](C2NC(C)=O)O)[*])CO)O)=O,COCC1OC(OC2C(CO)OC(O[*])C(OC)C2OC)C(OC)C(O)C1O[*]
Pair_903,CC(NC1C([C@@H](C(O[C@H]1O[*])CO)O[C@@H]2OC([C@H]([C@@H](C2NC(C)=O)O)[*])CO)O)=O,[H]N(C(O[*])=O)CCCCCCN(C(OCCCCO[*])=O)[H]
Pair_904,CC(NC1C([C@@H](C(O[C@H]1O[*])CO)O[C@@H]2OC([C@H]([C@@H](C2NC(C)=O)O)[*])CO)O)=O,COC(C(C[*])([*])C)=O
Pair_905,CC(NC1C([C@@H](C(O[C@H]1O[*])CO)O[C@@H]2OC([C@H]([C@@H](C2NC(C)=O)O)[*])CO)O)=O,[*]OC1OC(CO)C(OC2C(O)C(O)C([*])C(CO)O2)C(O)C1O
Pair_906,CC(NC1C([C@@H](C(O[C@H]1O[*])CO)O[C@@H]2OC([C@H]([C@@H](C2NC(C)=O)O)[*])CO)O)=O,[*]CC(C)(C(OCCO)=O)[*]
Pair_907,CC(NC1C([C@@H](C(O[C@H]1O[*])CO)O[C@@H]2OC([C@H]([C@@H](C2NC(C)=O)O)[*])CO)O)=O,[*]C(N(CN(C(OCOC(N(CN(C(OCCO[*])=O)[H])[H])=O)=O)[H])[H])=O
Pair_908,CC(NC1C([C@@H](C(O[C@H]1O[*])CO)O[C@@H]2OC([C@H]([C@@H](C2NC(C)=O)O)[*])CO)O)=O,O=C([*])CCCCCO[*]
Pair_909,CC(NC1C([C@@H](C(O[C@H]1O[*])CO)O[C@@H]2OC([C@H]([C@@H](C2NC(C)=O)O)[*])CO)O)=O,O=C(N1C(C([*])=O)CC(O)C1)CNC(C2CCCN2[*])=O
Pair_910,CC(NC1C([C@@H](C(O[C@H]1O[*])CO)O[C@@H]2OC([C@H]([C@@H](C2NC(C)=O)O)[*])CO)O)=O,O=C(C(OC(C=O)OC1C(C(C(OC1C(O[Na])=O)O[*])O)O)C(C=O)[*])O[Na]
Pair_937,COCC1OC(OC2C(CO)OC(O[*])C(OC)C2OC)C(OC)C(O)C1O[*],O=C([*])C(C)O[*]
Pair_938,O=C([*])C(C)O[*],[H]N(C(O[*])=O)CCCCCCN(C(OCCCCO[*])=O)[H]
Pair_939,COC(C(C[*])([*])C)=O,O=C([*])C(C)O[*]
Pair_940,O=C([*])C(C)O[*],[*]OC1OC(CO)C(OC2C(O)C(O)C([*])C(CO)O2)C(O)C1O
Pair_941,O=C([*])C(C)O[*],[*]CC(C)(C(OCCO)=O)[*]
Pair_942,O=C([*])C(C)O[*],[*]C(N(CN(C(OCOC(N(CN(C(OCCO[*])=O)[H])[H])=O)=O)[H])[H])=O
Pair_943,O=C([*])C(C)O[*],O=C([*])CCCCCO[*]
Pair_944,O=C(N1C(C([*])=O)CC(O)C1)CNC(C2CCCN2[*])=O,O=C([*])C(C)O[*]
Pair_945,O=C(C(OC(C=O)OC1C(C(C(OC1C(O[Na])=O)O[*])O)O)C(C=O)[*])O[Na],O=C([*])C(C)O[*]
Pair_973,COCC1OC(OC2C(CO)OC(O[*])C(OC)C2OC)C(OC)C(O)C1O[*],[H]N(C(O[*])=O)CCCCCCN(C(OCCCCO[*])=O)[H]
Pair_974,COC(C(C[*])([*])C)=O,COCC1OC(OC2C(CO)OC(O[*])C(OC)C2OC)C(OC)C(O)C1O[*]
Pair_975,COCC1OC(OC2C(CO)OC(O[*])C(OC)C2OC)C(OC)C(O)C1O[*],[*]OC1OC(CO)C(OC2C(O)C(O)C([*])C(CO)O2)C(O)C1O
Pair_976,COCC1OC(OC2C(CO)OC(O[*])C(OC)C2OC)C(OC)C(O)C1O[*],[*]CC(C)(C(OCCO)=O)[*]
Pair_977,COCC1OC(OC2C(CO)OC(O[*])C(OC)C2OC)C(OC)C(O)C1O[*],[*]C(N(CN(C(OCOC(N(CN(C(OCCO[*])=O)[H])[H])=O)=O)[H])[H])=O
Pair_978,COCC1OC(OC2C(CO)OC(O[*])C(OC)C2OC)C(OC)C(O)C1O[*],O=C([*])CCCCCO[*]
Pair_979,COCC1OC(OC2C(CO)OC(O[*])C(OC)C2OC)C(OC)C(O)C1O[*],O=C(N1C(C([*])=O)CC(O)C1)CNC(C2CCCN2[*])=O
Pair_980,COCC1OC(OC2C(CO)OC(O[*])C(OC)C2OC)C(OC)C(O)C1O[*],O=C(C(OC(C=O)OC1C(C(C(OC1C(O[Na])=O)O[*])O)O)C(C=O)[*])O[Na]
Pair_1009,COC(C(C[*])([*])C)=O,[H]N(C(O[*])=O)CCCCCCN(C(OCCCCO[*])=O)[H]
Pair_1010,[*]OC1OC(CO)C(OC2C(O)C(O)C([*])C(CO)O2)C(O)C1O,[H]N(C(O[*])=O)CCCCCCN(C(OCCCCO[*])=O)[H]
Pair_1011,[*]CC(C)(C(OCCO)=O)[*],[H]N(C(O[*])=O)CCCCCCN(C(OCCCCO[*])=O)[H]
Pair_1012,[*]C(N(CN(C(OCOC(N(CN(C(OCCO[*])=O)[H])[H])=O)=O)[H])[H])=O,[H]N(C(O[*])=O)CCCCCCN(C(OCCCCO[*])=O)[H]
Pair_1013,O=C([*])CCCCCO[*],[H]N(C(O[*])=O)CCCCCCN(C(OCCCCO[*])=O)[H]
Pair_1014,O=C(N1C(C([*])=O)CC(O)C1)CNC(C2CCCN2[*])=O,[H]N(C(O[*])=O)CCCCCCN(C(OCCCCO[*])=O)[H]
Pair_1015,O=C(C(OC(C=O)OC1C(C(C(OC1C(O[Na])=O)O[*])O)O)C(C=O)[*])O[Na],[H]N(C(O[*])=O)CCCCCCN(C(OCCCCO[*])=O)[H]
Pair_1045,COC(C(C[*])([*])C)=O,[*]OC1OC(CO)C(OC2C(O)C(O)C([*])C(CO)O2)C(O)C1O
Pair_1046,COC(C(C[*])([*])C)=O,[*]CC(C)(C(OCCO)=O)[*]
Pair_1047,COC(C(C[*])([*])C)=O,[*]C(N(CN(C(OCOC(N(CN(C(OCCO[*])=O)[H])[H])=O)=O)[H])[H])=O
Pair_1048,COC(C(C[*])([*])C)=O,O=C([*])CCCCCO[*]
Pair_1049,COC(C(C[*])([*])C)=O,O=C(N1C(C([*])=O)CC(O)C1)CNC(C2CCCN2[*])=O
Pair_1050,COC(C(C[*])([*])C)=O,O=C(C(OC(C=O)OC1C(C(C(OC1C(O[Na])=O)O[*])O)O)C(C=O)[*])O[Na]
Pair_1081,[*]CC(C)(C(OCCO)=O)[*],[*]OC1OC(CO)C(OC2C(O)C(O)C([*])C(CO)O2)C(O)C1O
Pair_1082,[*]C(N(CN(C(OCOC(N(CN(C(OCCO[*])=O)[H])[H])=O)=O)[H])[H])=O,[*]OC1OC(CO)C(OC2C(O)C(O)C([*])C(CO)O2)C(O)C1O
Pair_1083,O=C([*])CCCCCO[*],[*]OC1OC(CO)C(OC2C(O)C(O)C([*])C(CO)O2)C(O)C1O
Pair_1084,O=C(N1C(C([*])=O)CC(O)C1)CNC(C2CCCN2[*])=O,[*]OC1OC(CO)C(OC2C(O)C(O)C([*])C(CO)O2)C(O)C1O
Pair_1085,O=C(C(OC(C=O)OC1C(C(C(OC1C(O[Na])=O)O[*])O)O)C(C=O)[*])O[Na],[*]OC1OC(CO)C(OC2C(O)C(O)C([*])C(CO)O2)C(O)C1O
Pair_1117,[*]C(N(CN(C(OCOC(N(CN(C(OCCO[*])=O)[H])[H])=O)=O)[H])[H])=O,[*]CC(C)(C(OCCO)=O)[*]
Pair_1118,O=C([*])CCCCCO[*],[*]CC(C)(C(OCCO)=O)[*]
Pair_1119,O=C(N1C(C([*])=O)CC(O)C1)CNC(C2CCCN2[*])=O,[*]CC(C)(C(OCCO)=O)[*]
Pair_1120,O=C(C(OC(C=O)OC1C(C(C(OC1C(O[Na])=O)O[*])O)O)C(C=O)[*])O[Na],[*]CC(C)(C(OCCO)=O)[*]
Pair_1153,O=C([*])CCCCCO[*],[*]C(N(CN(C(OCOC(N(CN(C(OCCO[*])=O)[H])[H])=O)=O)[H])[H])=O
Pair_1154,O=C(N1C(C([*])=O)CC(O)C1)CNC(C2CCCN2[*])=O,[*]C(N(CN(C(OCOC(N(CN(C(OCCO[*])=O)[H])[H])=O)=O)[H])[H])=O
Pair_1155,O=C(C(OC(C=O)OC1C(C(C(OC1C(O[Na])=O)O[*])O)O)C(C=O)[*])O[Na],[*]C(N(CN(C(OCOC(N(CN(C(OCCO[*])=O)[H])[H])=O)=O)[H])[H])=O
Pair_1189,O=C(N1C(C([*])=O)CC(O)C1)CNC(C2CCCN2[*])=O,O=C([*])CCCCCO[*]
Pair_1190,O=C(C(OC(C=O)OC1C(C(C(OC1C(O[Na])=O)O[*])O)O)C(C=O)[*])O[Na],O=C([*])CCCCCO[*]
Pair_1225,O=C(C(OC(C=O)OC1C(C(C(OC1C(O[Na])=O)O[*])O)O)C(C=O)[*])O[Na],O=C(N1C(C([*])=O)CC(O)C1)CNC(C2CCCN2[*])=O
