material,n_rows,existing,pca64_kmeans,hdbscan_umap2d
Polyacrylamide(PAM),29,"*[0, 1, 2, 3, 5]","*[1, 2, 5]","*[0, 1, 2, 3, 5](n3)"
Chitosan(CS),81,"*[0, 1, 3]","*[0, 1, 4, 5]","*[0, 1, 2](n2)"
Chitin,5,"*[1, 3]","*[1, 4, 5]","*[0, 1, 2]"
Polyvinyl_Alcohol(PVA),93,"*[0, 1, 2, 3, 4, 5]","*[0, 1, 2, 3, 4, 5]","*[0, 1, 2, 3, 4, 5, 6, 7](n10)"
Starch,43,"*[1, 3, 5]"," [1, 4]","*[0, 1, 2](n1)"
Gelatin(Gel),61,"*[1, 3]","*[4, 5]","*[0, 2]"
Gelatin_methacrylate(GelMA),9,*[3],*[5],*[0]
Cellulose,10,"*[0, 1, 3]","*[1, 5]","*[0, 1](n3)"
Polyethylene_glycol(PEG),75,"*[0, 1, 2, 3, 4, 5]","*[0, 1, 2, 3, 4, 5]","*[0, 1, 2, 3, 4, 5, 6, 7](n6)"
Silk_Fibroin(SK),57,"*[0, 1, 3, 4, 5]","*[0, 1, 2, 3, 5]","*[0, 1, 7](n37)"
