SMILE A,SMILE B,SMILE C,Young's Modulus (kPa) log10,Swelling Ratio (times),Source,Young's Modulus (kPa)
O=C(C1=CC=C(C=C1)C(OCC[*])=O)O[*],O=C(CCCCC(N(CCCCCCN([*])[H])[H])=O)[*],,7.021189299069938,,10.1590_1516-1439.281914_part_2.txt_段1_Material2,10500000.000000006
O=C(C1=CC=C(C=C1)C(OCC[*])=O)O[*],O=C([*])CCCCCN[*],,6.431363764158987,,10.1016_j.compositesb.2021.108928_part_1.txt_段1_Material1,2699999.9999999977
O=C(C1=CC=C(C=C1)C(OCC[*])=O)O[*],[*]C(CCCCC(OCCCCO[*])=O)=O,,5.00902574208691,,10.1016_j.matpr.2017.06.173_part_2.txt_段1_Material1,102100.00000000004
O=C(C1=CC=C(C=C1)C(OCC[*])=O)O[*],[*]C(CCCCCO[*])=O,,5.37383114507383,,10.1016_j.polymer.2020.122573_part_2.txt_段1_Material2,236500.0
O=C(C1=CC=C(C=C1)C(OCC[*])=O)O[*],[H]N(C(O[*])=O)CCCCCCN(C(OCCCCO[*])=O)[H],,6.0,,10.1002_app.41246_part_1.txt_段1_Material1,1000000.0
O=C(O[*])CCCCCCCCCCN[*],[*]CC(CCCC(CC)CC([*])C1=CC=CC=C1)C2=CC=CC=C2,,5.993876914941211,,10.1016_j.eurpolymj.2017.03.008_part_4.txt_段1_Material3,985999.9999999997
O=C([*])CCCCCN[*],OC(C(C)(CC(C1=CC=CC=C1)[*])CC(C[*])(C(OCC2CO2)=O)C)=O,,6.32221929473392,,10.1016_j.compositesb.2018.08.106_part_1.txt_段1_Material1,2100000.0000000056
[*]C(C1=CC=C(C(OCCCCO[*])=O)C=C1)=O,[*]CCC(CCCC(CCCC(C[*])C)C)C,,6.633468455579586,,10.1016_j.compscitech.2016.01.015_part_2.txt_段1_Material1,4299999.999999997
[*]C(C1=CC=C(C(OCCCCO[*])=O)C=C1)=O,[*]CCC(CCCCCC)C[*],,6.243038048686294,,10.1002_app.40660_part_2.txt_段1_Material1,1750000.0
[*]C(C1=CC=C(C(OCCCCO[*])=O)C=C1)=O,[*]CCCCO[*],,6.176091259055681,,10.1002_pen.24792_part_1.txt_段1_Material1,1500000.0000000005
[*]C(C1=CC=C(C(OCCCCO[*])=O)C=C1)=O,[*]OCCCCOC(CCC([*])=O)=O,,4.770852011642144,,10.1016_j.matchemphys.2020.124183_part_1.txt_段1_Material1,58999.99999999994
[*]C(CCCCCO[*])=O,O=C(C1=CC=C(C=C1)C(OCC[*])=O)O[*],,4.468347330412158,,10.1007_s00289-020-03473-0_part_5.txt_段1_Material1,29400.00000000003
[*]CC(CC(C#N)[*])C1=CC=CC=C1,[*]C(CCCCC(OCCCCO[*])=O)=O,,6.301029995663981,,10.1002_pen.24935_part_1.txt_段1_Material1,2000000.0
[*]CCC(CCCCCC)C[*],OC(C(C)(CC(C1=CC=CC=C1)[*])CC(C[*])(C(OCC2CO2)=O)C)=O,,6.230448921378274,,10.3390_polym10030291_part_2.txt_段1_Material3,1700000.0000000007
[*]OCCCCOC(CCC([*])=O)=O,O=C(C1=CC=C(C=C1)C(OCC[*])=O)O[*],,6.045322978786658,,10.1021_ie101798n_part_2.txt_段1_Material1,1110000.0000000005
[*]OCCCOC(C1=CC=C(C([*])=O)C=C1)=O,[*]C(CCCCC(OCCCCO[*])=O)=O,,4.413634997198556,,10.1002_pat.3752_part_1.txt_段1_Material1,25920.000000000004
[*]OCCCOC(C1=CC=C(C([*])=O)C=C1)=O,[*]CCC(CCCCCC)C[*],,5.949390006644912,,10.1080_00222341003648763_part_2.txt_段1_Material3,889999.9999999991
[H]N(C(O[*])=O)CCCCCCN(C(OCCCCO[*])=O)[H],O=C(C1=CC=C(C=C1)C(OCC[*])=O)O[*],,6.57978359661681,,10.1016_j.polymer.2012.12.077_part_2.txt_段1_Material1,3800000.0
C/C(C[*])=C/C[*],O=C(CCCCC(N(CCCCCCN([*])[H])[H])=O)[*],,3.90848501887865,,10.1080_00218464.2019.1707674_part_2.txt_段1_Material1,8100.000000000004
CCCCCCC1=C(SC([*])=C1)[*],[H]N(C(O[*])=O)CCCCCCN(C(OCCCCO[*])=O)[H],,5.342422680822207,,10.3390_polym11071195_part_2.txt_段1_Material2,220000.0000000002
COC(C(C[*])([*])C)=O,[*]OCCOC(CC(C([*])=O)C(C1CCCCC1)CC(CC(O)=O)C(OCCO)=O)=O,,6.447158031342219,,10.1002_app.51237_part_2.txt_段1_Material2,2800000.0000000014
COC(C(C[*])([*])C)=O,[H]N(C(O[*])=O)CCCCCCN(C(OCCCCO[*])=O)[H],,7.267171728403014,,10.32434_0321-4095-2020-133-6-83-90_OA_part_2.txt_段1_Material3,18500000.0
C[Si](O[*])(C)[*],[*]OCCOC(CC(C([*])=O)C(C1CCCCC1)CC(CC(O)=O)C(OCCO)=O)=O,,3.1583624920952498,,10.1039_d0tb02465a_part_2.txt_段1_Material1,1440.0000000000005
C[Si](O[*])(C)[*],[H]N(C(O[*])=O)CCCCCCN(C(OCCCCO[*])=O)[H],,3.6232492903979,,10.1016_j.apsusc.2012.10.043_part_1.txt_段1_Material1,4199.9999999999945
O=C(C1=CC=C(C=C1)C(OCC[*])=O)O[*],[*]CCCCOCCCCOCCCCOCCCCO[*],,6.079181246047625,,10.1177_0954008315613423_part_2.txt_段1_Material1,1200000.0000000007
O=C(C1=CC=C(C=C1)C(OCC[*])=O)O[*],[*]OCCOC(CC(C([*])=O)C(C1CCCCC1)CC(CC(O)=O)C(OCCO)=O)=O,,5.643551368562945,,10.1016_j.sciaf.2021.e00755_part_2.txt_段1_Material2,440100.0
O=C(CCCCC(N(CCCCCCN([*])[H])[H])=O)[*],C[Si](C)(C[*])O[*],,6.113943352306837,,10.1002_app.50170_part_3.txt_段1_Material1,1300000.0000000005
O=C(CCCCC(N(CCCCCCN([*])[H])[H])=O)[*],O=C(CCCCC(N(CCCCCCN([*])[H])[H])=O)[*],,6.201397124320452,,10.1038_srep37010_part_1.txt_段1_Material1,1590000.000000001
O=C(CCCCC(N(CCCCCCN([*])[H])[H])=O)[*],O=C([*])CCCCCN[*],,6.986771734266245,,10.1088_1742-6596_1765_1_012003_part_1.txt_段1_Material1,9700000.000000007
O=C(CCCCC(N(CCCCCCN([*])[H])[H])=O)[*],[*]C(C)C[*],,6.004136436761356,,10.1016_j.matdes.2009.10.031_part_1.txt_段1_Material1,1009570.0000000008
O=C(CCCCC(N(CCCCCCN([*])[H])[H])=O)[*],[*]C(F)(C(F)([*])F)F,,6.434888120867316,,10.1177_0954008312446765_part_1.txt_段1_Material1,2722000.0000000014
O=C(CCCCC(N(CCCCCCN([*])[H])[H])=O)[*],[*]CC[*],,6.281033367247727,,10.1016_j.matpr.2020.04.463_part_2.txt_段1_Material1,1909999.9999999984
O=C(CCCCC(N(CCCCCCN([*])[H])[H])=O)[*],[*]OC1=C(C([*])=CC=C1C)C,,5.953421399681036,,10.1002_pen.24484_part_2.txt_段1_Material1,898300.0000000024
O=C(CCCCC(N(CCCCCCN([*])[H])[H])=O)[*],[H]N(C(O[*])=O)CCCCCCN(C(OCCCCO[*])=O)[H],,6.518513939877887,,10.1080_15685543.2013.813185_part_1.txt_段1_Material1,3299999.9999999967
O=C(N1C(C([*])=O)CC(O)C1)CNC(C2CCCN2[*])=O,O=C([*])CCCCCO[*],,3.247973266361807,,10.2147_ijn.s61375_part_2.txt_段1_Material2,1770.000000000001
O=C(N1C(C([*])=O)CC(O)C1)CNC(C2CCCN2[*])=O,[*]C(CCCCCO[*])=O,,5.782472624166286,,10.1093_rb_rby020_part_1.txt_段1_Material1,605999.9999999998
O=C(N1C(C([*])=O)CC(O)C1)CNC(C2CCCN2[*])=O,[H]N(C(O[*])=O)CCCCCCN(C(OCCCCO[*])=O)[H],,3.4800069429571505,,10.1016_j.actbio.2017.11.017_part_4.txt_段1_Material1,3019.999999999999
O=C(O)C([*])C[*],[*]C(CCCCC(OCCCCO[*])=O)=O,,3.0,,10.1016_j.polymer.2016.12.043_part_2.txt_段1_Material4,1000.0
O=C(O[*])CCCCCCCCCCN[*],O=C(CCCCC(N(CCCCCCN([*])[H])[H])=O)[*],,6.176091259055681,,10.1177_0967391111019002-301_part_1.txt_段1_Material1,1500000.0000000005
O=C(O[*])CCCCCCCCCCN[*],O=C(CCCCC(NCCCCCCCCCCN[*])=O)[*],,6.113943352306837,,10.1016_j.polymer.2013.10.013_part_2.txt_段1_Material1,1300000.0000000005
O=C(O[*])CCCCCCCCCCN[*],[*]CC(C1=CC=CC=C1)[*],,6.544068044350276,,10.1016_j.polymer.2019.121667_part_2.txt_段1_Material3,3500000.0000000005
O=C(O[*])CCCCCCCCCCN[*],[*]CC([*])Cl,,6.544068044350276,,10.1016_j.polymer.2019.121667_part_2.txt_段1_Material2,3500000.0000000005
O=C(O[*])CCCCCCCCCCN[*],[*]NCCCCCCCCCCCC([*])=O,,6.187520720836463,,10.1177_0021998310369580_part_2.txt_段1_Material1,1539999.9999999986
O=C(O[*])CCCCCCCCCCN[*],[*]OC1=C(C([*])=CC=C1C)C,,6.526985068559996,,10.14314_polimery.2021.7.3_OA_part_1.txt_段1_Material1,3365000.0000000005
O=C([*])C(C)O[*],O=C(CCCCC(NCCCCCCCCCCN[*])=O)[*],,6.539076098792776,,10.1177_0095244318825286_part_3.txt_段1_Material1,3459999.9999999977
O=C([*])C(C)O[*],O=C(O[*])CCCCCCCCCCN[*],,6.409764104266346,,10.3144_expresspolymlett.2015.67_part_2.txt_段1_Material1,2568999.9999999977
O=C([*])C(C)O[*],[*]C(CCCCC(OCCCCO[*])=O)=O,,5.802773725291976,,10.3390_polym12091904_part_2.txt_段1_Material1,635000.0000000005
O=C([*])C(C)O[*],[*]CC(O)COC(CCCCCCCCC(O[*])=O)=O,,4.5820633629117085,,10.1002_pi.5071_part_1.txt_段1_Material1,38199.99999999998
O=C([*])C(C)O[*],[H]N(C(O[*])=O)CCCCCCN(C(OCCCCO[*])=O)[H],,6.227115082589125,,10.1016_j.msec.2017.11.008_part_1.txt_段1_Material1,1687000.0000000002
O=C([*])CCCCC(NCCCCN[*])=O,[*]C(F)(C(F)([*])F)F,,6.6349808000512285,,10.4028_www.scientific.net_kem.728.264_part_1.txt_段1_Material3,4315000.000000001
O=C([*])CCCCCN[*],O=C(CCCCC(N(CCCCCCN([*])[H])[H])=O)[*],,6.024895960107485,,10.1016_j.polymertesting.2018.07.010_part_2.txt_段1_Material1,1059000.0
O=C([*])CCCCCN[*],O=C([*])CCCCC(NCCCCN[*])=O,,6.501059262217751,,10.1007_s12221-019-9098-2_part_1.txt_段1_Material1,3169999.999999998
O=C([*])CCCCCN[*],O=C([*])CCCCCN[*],,6.7160033436348,,10.1002_pen.21890_part_2.txt_段1_Material1,5200000.000000014
O=C([*])CCCCCN[*],[*]C(CCCCCO[*])=O,,6.079181246047625,,10.1088_1748-605x_aa6306_part_2.txt_段1_Material1,1200000.0000000007
O=C([*])CCCCCN[*],[*]CCC(CCCCCC)C[*],,6.57978359661681,,10.1016_j.compscitech.2010.07.023_part_2.txt_段1_Material3,3800000.0
O=C([*])CCCCCN[*],[*]CCCC([*])OC(C)=O,,6.32221929473392,,10.4028_www.scientific.net_amm.735.61_part_1.txt_段1_Material1,2100000.0000000056
[*]C(C)C(OCC(O[*])=O)=O,[H]N(C(O[*])=O)CCCCCCN(C(OCCCCO[*])=O)[H],,6.3979400086720375,,10.2478_s11696-013-0438-1_part_1.txt_段1_Material1,2499999.9999999995
[*]C(C)C[*],O=C(CCCCC(N(CCCCCCN([*])[H])[H])=O)[*],,6.301029995663981,,10.1016_j.compositesb.2015.05.046_part_4.txt_段1_Material1,2000000.0
[*]C(C)C[*],[*]C(CCCCC(OCCCCO[*])=O)=O,,5.599883072073688,,10.1016_j.polymer.2020.122758_part_5.txt_段1_Material4,397999.9999999998
[*]C(C)C[*],[*]NCCCCCCCCCCCC([*])=O,,6.278753600952829,,10.1002_pc.24376_part_1.txt_段1_Material1,1899999.9999999995
[*]C(C)C[*],[H]N(C(O[*])=O)CCCCCCN(C(OCCCCO[*])=O)[H],,6.332236415491443,,10.1002_app.33611_part_1.txt_段1_Material1,2148999.9999999986
[*]C(C1=CC=C(C(OCCCCO[*])=O)C=C1)=O,[*]OCCOC(CC(C([*])=O)C(C1CCCCC1)CC(CC(O)=O)C(OCCO)=O)=O,,6.3979400086720375,,10.1016_j.compositesb.2018.04.023_part_1.txt_段1_Material1,2499999.9999999995
[*]C(C1=CC=C(C(OCCCCO[*])=O)C=C1)=O,[H]N(C([H])([H])C(N([H])C(C)([H])C(N(C([H])([H])C([*])=O)[H])=O)=O)C(C(N([*])[H])(C)[H])=O,,6.419955748489758,,10.1007_s00289-011-0509-9_part_2.txt_段1_Material2,2630000.000000001
[*]C(CCCCC(OCCCCO[*])=O)=O,COC(C(C[*])([*])C)=O,,4.728028954420519,,10.1016_j.ijbiomac.2019.02.159_part_1.txt_段1_Material1,53460.00000000004
[*]C(CCCCC(OCCCCO[*])=O)=O,O=C([*])C(C)O[*],,4.0,,10.3390_ma13214897_part_3.txt_段1_Material1,10000.0
[*]C(CCCCC(OCCCCO[*])=O)=O,[*]C(CCCCCO[*])=O,,5.760422483423212,,10.1016_j.eurpolymj.2018.09.036_part_3.txt_段1_Material2,575999.9999999998
[*]C(CCCCC(OCCCCO[*])=O)=O,[*]CC(OC(O[*])=O)C,,5.041392685158225,,10.1007_s11814-017-0066-5_part_2.txt_段1_Material1,110000.00000000007
[*]C(CCCCC(OCCCCO[*])=O)=O,[*]CC([*])Cl,,5.61066016308988,,10.1007_s00289-014-1137-y_part_4.txt_段1_Material2,407999.9999999997
[*]C(CCCCC(OCCCCO[*])=O)=O,[*]OCC[*],,5.045322978786658,,10.1002_app.44498_part_2.txt_段1_Material1,111000.00000000004
[*]C(CCCCCO[*])=O,O=C(CCCCC(N(CCCCCCN([*])[H])[H])=O)[*],,5.748188027006201,,10.1002_pc.25539_part_4.txt_段1_Material2,560000.0000000003
[*]C(CCCCCO[*])=O,O=C(N1C(C([*])=O)CC(O)C1)CNC(C2CCCN2[*])=O,,4.389095173354185,,10.1021_acsabm.0c01084_part_1.txt_段1_Material1,24495.99999999997
[*]C(CCCCCO[*])=O,O=C([*])CCCCCO[*],,4.0,,10.1016_j.actbio.2016.12.008_part_2.txt_段1_Material1,10000.0
[*]C(CCCCCO[*])=O,[*]C(CCCCC(OCCCCO[*])=O)=O,,3.4771212547196626,,10.1016_j.polymertesting.2019.05.004_part_2.txt_段1_Material1,3000.000000000001
[*]C(CCCCCO[*])=O,[*]C(CCCCCO[*])=O,,5.285557309007774,,10.1016_j.ijbiomac.2021.05.163_part_2.txt_段1_Material1,193000.0000000001
[*]C(CCCCCO[*])=O,[*]CC(O)COC(CCCCCCCCC(O[*])=O)=O,,4.994317152669637,,10.1039_c7qm00600d_part_4.txt_段1_Material1,98699.99999999996
[*]C(CCCCCO[*])=O,[*]NC(C(O)=O)CCC([*])=O,,4.704853744566289,,10.1177_0040517518775923_part_2.txt_段1_Material2,50682.0
[*]C(CCCCCO[*])=O,[*]OCCOC(CC(C([*])=O)C(C1CCCCC1)CC(CC(O)=O)C(OCCO)=O)=O,,4.792391689498253,,10.1016_j.polymer.2018.06.024_part_2.txt_段1_Material1,61999.99999999981
[*]C(CCCCCO[*])=O,[H]N(C(O[*])=O)CCCCCCN(C(OCCCCO[*])=O)[H],,4.683947130751513,,10.1002_pc.22191_part_1.txt_段1_Material1,48300.00000000005
[*]C(CCCCCO[*])=O,[H]N(C([H])([H])C(N([H])C(C)([H])C(N(C([H])([H])C([*])=O)[H])=O)=O)C(C(N([*])[H])(C)[H])=O,,5.903089986991944,,10.1002_bip.22016_part_1.txt_段1_Material1,800000.0000000003
[*]C(OCCCO[*])=O,[*]C(CCCCCO[*])=O,,6.778151250383644,,10.1002_smll.201800821_part_3.txt_段1_Material1,6000000.000000003
[*]C([C@H](C)OC([C@H](C)O[*])=O)=O,O=C(O[*])CCCCCCCCCCN[*],,5.982271233039568,,10.1002_pi.4618_part_1.txt_段1_Material1,959999.9999999992
[*]C([C@H](C)OC([C@H](C)O[*])=O)=O,[*]C(CCCCC(OCCCCO[*])=O)=O,,6.204119982655925,,10.1016_j.eurpolymj.2018.01.037_part_3.txt_段1_Material2,1600000.000000001
[*]C([C@H](C)OC([C@H](C)O[*])=O)=O,[*]OCCCCOC(CCC([*])=O)=O,,5.414973347970818,,10.1021_ie403623f_part_2.txt_段1_Material2,260000.0000000001
[*]C([C@H](C)OC([C@H](C)O[*])=O)=O,[H]N(C(O[*])=O)CCCCCCN(C(OCCCCO[*])=O)[H],,6.301029995663981,,10.1021_acsomega.0c02765_part_2.txt_段1_Material1,2000000.0
[*]C([H])([H])C(O)([H])[*],[*]OCCOC(CC(C([*])=O)C(C1CCCCC1)CC(CC(O)=O)C(OCCO)=O)=O,,7.434568904034199,,10.1177_1528083719894737_part_1.txt_段1_Material1,27200000.000000022
[*]C([H])([H])C(O)([H])[*],[H]N(C(O[*])=O)CCCCCCN(C(OCCCCO[*])=O)[H],,5.604118006192035,,10.1016_j.compositesb.2014.10.013_part_1.txt_段1_Material1,401900.0000000002
[*]CC(C#N)[*],[H]N(C(O[*])=O)CCCCCCN(C(OCCCCO[*])=O)[H],,5.2552725051033065,,10.1002_pen.24798_part_1.txt_段1_Material1,180000.00000000015
[*]CC(C)(C(OCCO)=O)[*],[H]N(C(O[*])=O)CCCCCCN(C(OCCCCO[*])=O)[H],,2.419955748489758,,10.1039_c9tb00080a_part_1.txt_段1_Material1,263.0000000000001
[*]CC(CC=CCC([*])C1=CC=CC=C1)C#N,[H]N(C(O[*])=O)CCCCCCN(C(OCCCCO[*])=O)[H],,5.419955748489758,,10.1016_j.jenvman.2017.04.026_part_2.txt_段1_Material1,263000.0000000001
[*]CC(O)COC(CCCCCCCCC(O[*])=O)=O,[*]OCCCCOC(CCC([*])=O)=O,,4.041392685158225,,10.1016_j.matlet.2018.03.051_part_1.txt_段1_Material1,11000.000000000007
[*]CC([*])Cl,[H]N(C(O[*])=O)CCCCCCN(C(OCCCCO[*])=O)[H],,3.89209460269048,,10.1007_s12221-020-9665-6_part_1.txt_段1_Material1,7799.999999999991
[*]CC=CCCC(C#N)[*],[*]NCCCCCCCCCCCC([*])=O,,3.770852011642144,,10.1016_j.radphyschem.2018.02.024_part_6.txt_段1_Material1,5899.9999999999945
[*]CC=CCCC(C#N)[*],[H]N(C(O[*])=O)CCCCCCN(C(OCCCCO[*])=O)[H],,3.6020599913279625,,10.1016_j.wear.2009.08.037_part_1.txt_段1_Material1,4000.000000000001
[*]CC=CCCC(C1=CC=CC=C1)[*],[H]N(C(O[*])=O)CCCCCCN(C(OCCCCO[*])=O)[H],,4.035829825252828,,10.1002_app.43699_part_2.txt_段1_Material1,10860.000000000007
[*]CCC(CCCC(CCCC(C[*])C)C)C,[H]N(C(O[*])=O)CCCCCCN(C(OCCCCO[*])=O)[H],,6.32221929473392,,10.1016_j.mechmat.2019.103154_part_2.txt_段1_Material1,2100000.0000000056
[*]CCC(CCCCCC)C[*],[*]NCCCCCCCCCCCC([*])=O,,4.26150077319828,,10.1002_app.41511_part_2.txt_段1_Material1,18260.00000000001
[*]CCCC([*])OC(C)=O,[*]C(CCCCCO[*])=O,,5.311753861055754,,10.1007_s10973-013-3004-8_part_1.txt_段1_Material1,205000.0
[*]CCCCOCCCCOCCCCOCCCCO[*],[*]C(CCCCCO[*])=O,,6.0,,10.1016_j.polymer.2015.08.047_part_1.txt_段1_Material1,1000000.0
[*]CCCCOCCCCOCCCCOCCCCO[*],[*]CC(C(OCC)=O)[*],,3.824125833916549,,10.1016_j.polymer.2020.122228_part_2.txt_段1_Material1,6670.000000000003
[*]CCN[*],[*]NCCCCCCCCCCCC([*])=O,,5.847572659142112,,10.1007_s10118-017-1954-1_part_2.txt_段1_Material2,703999.9999999997
[*]CC[*],[*]C(CCCCC(OCCCCO[*])=O)=O,,5.093421685162235,,10.1088_1757-899x_965_1_012020_part_1.txt_段1_Material2,123999.9999999999
[*]CC[*],[*]NCCCCCCCCCCCC([*])=O,,5.342422680822207,,10.1016_j.polymertesting.2016.12.020_part_3.txt_段1_Material2,220000.0000000002
[*]CC[*],[H]N(C(O[*])=O)CCCCCCN(C(OCCCCO[*])=O)[H],,7.429752280002408,,10.1016_j.ijimpeng.2014.07.004_part_1.txt_段1_Material1,26899999.999999978
[*]NC(C(O)=O)CCC([*])=O,[*]C(CCCCCO[*])=O,,5.773069340485962,,10.1007_s12221-019-1060-9_part_1.txt_段1_Material1,593019.9999999997
[*]NCCCCCCCCCCCC([*])=O,C/C(C[*])=C/C[*],,5.926856708949693,,10.1007_s10965-016-0985-6_part_2.txt_段1_Material1,845000.0000000006
[*]NCCCCCCCCCCCC([*])=O,C[Si](C)(C[*])O[*],,5.8750612633917,,10.1002_polb.24613_part_2.txt_段1_Material1,750000.0000000001
[*]NCCCCCCCCCCCC([*])=O,O=C(CCCCC(N(CCCCCCN([*])[H])[H])=O)[*],,6.237040791379191,,10.1002_pc.21100_part_2.txt_段1_Material1,1726000.0000000007
[*]NCCCCCCCCCCCC([*])=O,[*]C(C)C[*],,5.990782691803138,,10.1115_1.4032977_part_1.txt_段1_Material1,978999.9999999998
[*]NCCCCCCCCCCCC([*])=O,[*]C(C1=CC=C(C(OCCCCO[*])=O)C=C1)=O,,6.447158031342219,,10.1016_j.procir.2018.08.105_part_1.txt_段1_Material2,2800000.0000000014
[*]OC(CC(OC(CC([*])=O)CC)=O)C,[*]C(CCCCC(OCCCCO[*])=O)=O,,6.301029995663981,,10.1007_s00396-015-3700-y_part_1.txt_段1_Material1,2000000.0
[*]OC(CC(OC(CC([*])=O)CC)=O)C,[*]C(CCCCCO[*])=O,,4.352182518111363,,10.1088_2053-1591_ab0eaa_part_5.txt_段1_Material4,22500.00000000001
[*]OC1=C(C([*])=CC=C1C)C,O=C(O[*])CCCCCCCCCCN[*],,6.091315159697223,,10.7569_jrm.2018.634114_part_2.txt_段1_Material3,1234000.0000000012
[*]OCCCCOC(CCC([*])=O)=O,[*]C(CCCCCO[*])=O,,5.000867721531227,,10.1007_s00289-016-1833-x_part_2.txt_段1_Material1,100200.00000000006
[*]OCCCCOC(CCC([*])=O)=O,[*]OCCCCOC(CCC([*])=O)=O,,6.355068206348851,,10.1007_s12649-019-00591-3_part_2.txt_段1_Material1,2265000.000000002
[*]OCCOC(CC(C([*])=O)C(C1CCCCC1)CC(CC(O)=O)C(OCCO)=O)=O,C/C(C[*])=C/C[*],,5.698970004336019,,10.3390_buildings11010020_part_2.txt_段1_Material1,500000.0
[*]OCCOC(CC(C([*])=O)C(C1CCCCC1)CC(CC(O)=O)C(OCCO)=O)=O,COC(C(C[*])([*])C)=O,,6.937016107464814,,10.1002_app.49825_part_3.txt_段1_Material1,8649999.99999999
[*]OCCOC(CC(C([*])=O)C(C1CCCCC1)CC(CC(O)=O)C(OCCO)=O)=O,O=C(C1=CC=C(C=C1)C(OCC[*])=O)O[*],,6.240798771117332,,10.22146_ajche.82419_OA_part_2.txt_段1_Material1,1741000.0000000016
[*]OCCOC(CC(C([*])=O)C(C1CCCCC1)CC(CC(O)=O)C(OCCO)=O)=O,[*]C(CCCCCO[*])=O,,6.580468783951002,,10.1002_pc.22726_part_2.txt_段1_Material1,3806000.0
[*]OCCOC(CC(C([*])=O)C(C1CCCCC1)CC(CC(O)=O)C(OCCO)=O)=O,[*]C([H])([H])C(O)([H])[*],,5.778151250383644,,10.1155_2016_3042392_part_2.txt_段1_Material1,600000.0000000003
[*]OCCOC(CC(C([*])=O)C(C1CCCCC1)CC(CC(O)=O)C(OCCO)=O)=O,[*]C1=C(C(C[*])=CC=C1)O,,5.732393759822968,,10.1007_s12221-016-5888-y_part_2.txt_段1_Material1,539999.9999999995
[*]OCCOC(CC(C([*])=O)C(C1CCCCC1)CC(CC(O)=O)C(OCCO)=O)=O,[H]N(C(O[*])=O)CCCCCCN(C(OCCCCO[*])=O)[H],,6.277090960334402,,10.1177_0967391119852882_part_2.txt_段1_Material2,1892739.999999998
[*]OCC[*],[*]CCCCOCCCCOCCCCOCCCCO[*],,4.685741738602264,,10.1038_pj.2013.39_part_1.txt_段1_Material1,48500.00000000004
[*]O[C@H](C)CC([*])=O,[*]OCCCCOC(CCC([*])=O)=O,,6.653212513775344,,10.1002_pi.6282_part_3.txt_段1_Material2,4500000.000000003
[H]N(C(O[*])=O)CCCCCCN(C(OCCCCO[*])=O)[H],CCCCCCC1=C(SC([*])=C1)[*],,4.184691430817598,,10.1016_j.jiec.2017.03.036_part_18.txt_段1_Material2,15299.999999999987
[H]N(C(O[*])=O)CCCCCCN(C(OCCCCO[*])=O)[H],COC(C(C[*])([*])C)=O,,4.933993163831242,,10.1007_s11998-021-00476-y_part_1.txt_段1_Material1,85899.99999999994
[H]N(C(O[*])=O)CCCCCCN(C(OCCCCO[*])=O)[H],C[Si](C)(C[*])O[*],,5.3979400086720375,,10.5301_jabfm.5000192_part_1.txt_段1_Material1,250000.0
[H]N(C(O[*])=O)CCCCCCN(C(OCCCCO[*])=O)[H],O=C(O)C(C[*])CC(CC(C(C(O)=O)[*])C(O)=O)C(O)=O,,6.0,,10.1080_10601325.2018.1561151_part_2.txt_段1_Material1,1000000.0
[H]N(C(O[*])=O)CCCCCCN(C(OCCCCO[*])=O)[H],O=C(O)C([*])C[*],,4.469365398766434,,10.1002_polb.23639_part_1.txt_段1_Material1,29469.0
[H]N(C(O[*])=O)CCCCCCN(C(OCCCCO[*])=O)[H],O=C([*])C(C)O[*],,6.041392685158225,,10.1007_s10856-017-5999-z_part_2.txt_段1_Material1,1100000.0000000007
[H]N(C(O[*])=O)CCCCCCN(C(OCCCCO[*])=O)[H],OC(C(C)(CC(C1=CC=CC=C1)[*])CC(C[*])(C(OCC2CO2)=O)C)=O,,5.079181246047625,,10.1021_acs.biomac.9b01255_part_8.txt_段1_Material1,120000.00000000007
[H]N(C(O[*])=O)CCCCCCN(C(OCCCCO[*])=O)[H],[*]C(CCCCC(OCCCCO[*])=O)=O,,3.892651033877301,,10.1039_c9py00261h_part_1.txt_段1_Material1,7810.000000000009
[H]N(C(O[*])=O)CCCCCCN(C(OCCCCO[*])=O)[H],[*]C(CCCCCO[*])=O,,5.079181246047625,,10.4236_ojpchem.2018.81002_OA_part_1.txt_段1_Material1,120000.00000000007
[H]N(C(O[*])=O)CCCCCCN(C(OCCCCO[*])=O)[H],[*]C([H])([H])C(O)([H])[*],,5.575187844927661,,10.1016_j.carbon.2017.04.002_part_1.txt_段1_Material1,375999.9999999998
[H]N(C(O[*])=O)CCCCCCN(C(OCCCCO[*])=O)[H],[*]C1=C(C=CN2)C2=C([*])C(O)=C1O,,4.56157836830096,,10.1016_j.compositesb.2021.109273_part_1.txt_段1_Material1,36439.99999999997
[H]N(C(O[*])=O)CCCCCCN(C(OCCCCO[*])=O)[H],[*]C1=CC=C([*])N1,,7.133858125203335,,10.1016_j.compositesa.2020.105810_part_1.txt_段1_Material1,13610000.000000006
[H]N(C(O[*])=O)CCCCCCN(C(OCCCCO[*])=O)[H],[*]CC(C#N)[*],,3.964730921053629,,10.1016_j.polymer.2020.122855_part_5.txt_段1_Material1,9219.999999999987
[H]N(C(O[*])=O)CCCCCCN(C(OCCCCO[*])=O)[H],[*]CC(C)(C(OCCO)=O)[*],,3.6972293427597176,,10.1007_s11998-016-9906-1_part_2.txt_段1_Material1,4980.000000000001
[H]N(C(O[*])=O)CCCCCCN(C(OCCCCO[*])=O)[H],[*]CC(C1=CC=CC=C1)[*],,6.0,,10.1002_bkcs.11696_part_1.txt_段1_Material1,1000000.0
[H]N(C(O[*])=O)CCCCCCN(C(OCCCCO[*])=O)[H],[*]CC([*])Cl,,6.690196080028514,,10.1016_j.pnsc.2017.06.001_part_1.txt_段1_Material1,4900000.000000002
[H]N(C(O[*])=O)CCCCCCN(C(OCCCCO[*])=O)[H],[*]CCC(CCCC(CCCC(C[*])C)C)C,,6.079181246047625,,10.1016_j.triboint.2018.11.010_part_2.txt_段1_Material1,1200000.0000000007
[H]N(C(O[*])=O)CCCCCCN(C(OCCCCO[*])=O)[H],[*]CCCCOCCCCOCCCCOCCCCO[*],,4.064457989226918,,10.1016_j.porgcoat.2020.105545_part_2.txt_段1_Material1,11599.99999999999
[H]N(C(O[*])=O)CCCCCCN(C(OCCCCO[*])=O)[H],[*]CCCCO[*],,3.686636269262293,,10.4236_ojopm.2016.61005_OA_part_2.txt_段1_Material1,4859.9999999999945
[H]N(C(O[*])=O)CCCCCCN(C(OCCCCO[*])=O)[H],[*]CC[*],,5.168939213835978,,10.5267_j.esm.2018.3.005_part_2.txt_段1_Material1,147549.99999999997
[H]N(C(O[*])=O)CCCCCCN(C(OCCCCO[*])=O)[H],[*]OCCOC(CC(C([*])=O)C(C1CCCCC1)CC(CC(O)=O)C(OCCO)=O)=O,,6.079181246047625,,10.1007_s10924-019-01623-8_part_1.txt_段1_Material1,1200000.0000000007
[H]N(C(O[*])=O)CCCCCCN(C(OCCCCO[*])=O)[H],[*]OCC[*],,5.648360010980932,,10.1177_1099636219837701_part_1.txt_段1_Material1,445000.0000000004
[H]N(C([H])([H])C(N([H])C(C)([H])C(N(C([H])([H])C([*])=O)[H])=O)=O)C(C(N([*])[H])(C)[H])=O,[*]C(CCCCCO[*])=O,,6.079181246047625,,10.1177_155892501701200303_part_3.txt_段1_Material2,1200000.0000000007
[H]N(C([H])([H])C(N([H])C(C)([H])C(N(C([H])([H])C([*])=O)[H])=O)=O)C(C(N([*])[H])(C)[H])=O,[H]N(C(O[*])=O)CCCCCCN(C(OCCCCO[*])=O)[H],,4.089905111439398,,10.4028_www.scientific.net_msf.848.557_part_1.txt_段1_Material1,12300.000000000004
O=C(C(C[*])[*])N,[*]C(CCCCC(OCCCCO[*])=O)=O,,2.7481880270062,,101039_d5ta04790k_段2-4_extracted.txt_Part1_Material3,559.9999999999992
[H]N(C([H])([H])C(N([H])C(C)([H])C(N(C([H])([H])C([*])=O)[H])=O)=O)C(C(N([*])[H])(C)[H])=O,[*]C(CCCCCO[*])=O,,,1.535,10.1002_mabi.201300497_10.1002_mabi.201300497_part_1.txt_段1_Material1,
[H]N(C(O[*])=O)CCCCCCN(C(OCCCCO[*])=O)[H],[*]OCC[*],,,6.07,10.1016_j.reactfunctpolym.2019.104433_part_4.txt_段1_Material1,
[H]N(C(O[*])=O)CCCCCCN(C(OCCCCO[*])=O)[H],C[Si](O[*])(C)[*],,,0.1375,10.1007_s00289-018-2666-6_part_3.txt_段1_Material1,
[H]N(C(O[*])=O)CCCCCCN(C(OCCCCO[*])=O)[H],[*]CC([*])N1CCCC1=O,,,3.408,10.1002_adv.20254_part_2.txt_段1_Material1,
[*]C(CCCCCO[*])=O,[H]N(C(O[*])=O)CCCCCCN(C(OCCCCO[*])=O)[H],,,0.0515,10.4028_www.scientific.net_amr.879.119_part_2.txt_段1_Material1,
[*]C(CCCCCO[*])=O,[H]N(C([H])([H])C(N([H])C(C)([H])C(N(C([H])([H])C([*])=O)[H])=O)=O)C(C(N([*])[H])(C)[H])=O,,,1.86,10.1002_app.41653_part_2.txt_段1_Material3,
[H]N(C(O[*])=O)CCCCCCN(C(OCCCCO[*])=O)[H],C[Si](C)(C[*])O[*],,,0.073,10.1016_j.colsurfa.2020.124994_part_3.txt_段1_Material1,
OCC(OCC(COCC(CO[*])O)O)COCC(OCC(COCC(CO)O)O)COCC(COCC(CO[*])O)O,[*]OCC[*],,,9.43,使用电子束的超支化聚(缩水甘油) 聚(环氧乙烷)交联水凝胶用于组织工程支架.pdf,
O=C(N)C([*])C[*],[H]N(C(O[*])=O)CCCCCCN(C(OCCCCO[*])=O)[H],,,0.23,PNIPA 水凝胶复合材料的制备和力学表征.pdf,
[*]OCC[*],[H]N(C(O[*])=O)CCCCCCN(C(OCCCCO[*])=O)[H],,,3.98,原位水诱导微相分离制备具有多重氢键互锁双连续相结构的坚韧聚氨酯水凝胶.pdf,
C/C(C[*])=C/C[*],[*]C(N(CN(C(OCOC(N(CN(C(OCCO[*])=O)[H])[H])=O)=O)[H])[H])=O,,3.661812685537261,,10.4028_www.scientific.net_amr.844.93_part_1.txt_段1_Material4,4589.999999999997
COC(C(C[*])([*])C)=O,[*]C(N(CN(C(OCOC(N(CN(C(OCCO[*])=O)[H])[H])=O)=O)[H])[H])=O,,6.447158031342219,,10.1016_j.wear.2017.11.024_part_1.txt_段1_Material1,2800000.0000000014
C[Si](O[*])(C)[*],[*]C(N(CN(C(OCOC(N(CN(C(OCCO[*])=O)[H])[H])=O)=O)[H])[H])=O,,4.146128035678238,,10.1038_s41427-024-00546-8_OA_part_1.txt_段1_Material1,14000.000000000004
O=C([*])C(C)O[*],[*]C(N(CN(C(OCOC(N(CN(C(OCCO[*])=O)[H])[H])=O)=O)[H])[H])=O,,6.15839265038712,,10.1007_s10570-018-2061-3_part_4.txt_段1_Material1,1440100.0000000012
O=C([*])CCCCCN[*],[*]C(N(CN(C(OCOC(N(CN(C(OCCO[*])=O)[H])[H])=O)=O)[H])[H])=O,,4.742725131304698,,10.1007_s10965-011-9764-6_part_1.txt_段1_Material1,55299.99999999995
[*]C(C)C[*],[*]C(N(CN(C(OCOC(N(CN(C(OCCO[*])=O)[H])[H])=O)=O)[H])[H])=O,,4.153204900084284,,10.1021_la4023079_part_1.txt_段1_Material1,14229.999999999993
[*]C(CCCCCO[*])=O,[*]C(N(CN(C(OCOC(N(CN(C(OCCO[*])=O)[H])[H])=O)=O)[H])[H])=O,,4.4048337166199385,,10.1002_app.38408_part_1.txt_段1_Material1,25400.000000000025
[*]C(N(CN(C(OCOC(N(CN(C(OCCO[*])=O)[H])[H])=O)=O)[H])[H])=O,C/C(C[*])=C/C[*],,4.643452676486188,,10.1007_s13233-014-2077-y_part_1.txt_段1_Material2,44000.00000000005
[*]C(N(CN(C(OCOC(N(CN(C(OCCO[*])=O)[H])[H])=O)=O)[H])[H])=O,CCCCCCC1=C(SC([*])=C1)[*],,5.811709026696192,,10.1002_app.38397_part_2.txt_段1_Material2,648200.0000000019
[*]C(N(CN(C(OCOC(N(CN(C(OCCO[*])=O)[H])[H])=O)=O)[H])[H])=O,COC(C(C[*])([*])C)=O,,4.887054378050957,,10.1016_j.compscitech.2013.08.011_part_1.txt_段1_Material1,77099.99999999997
[*]C(N(CN(C(OCOC(N(CN(C(OCCO[*])=O)[H])[H])=O)=O)[H])[H])=O,C[Si](C)(C[*])O[*],,3.857332496431269,,10.5254_rct.15.84885_part_1.txt_段1_Material1,7200.000000000008
[*]C(N(CN(C(OCOC(N(CN(C(OCCO[*])=O)[H])[H])=O)=O)[H])[H])=O,C[Si](O[*])(C)[*],,3.792391689498254,,10.4236_ojsta.2015.43005_OA_part_3.txt_段1_Material1,6200.0
[*]C(N(CN(C(OCOC(N(CN(C(OCCO[*])=O)[H])[H])=O)=O)[H])[H])=O,O=C(O)C([*])C[*],,4.382017042574868,,10.1016_j.polymer.2013.07.005_part_2.txt_段1_Material1,24100.0
[*]C(N(CN(C(OCOC(N(CN(C(OCCO[*])=O)[H])[H])=O)=O)[H])[H])=O,O=C([*])C(C)O[*],,6.079181246047625,,10.1088_1361-665x_aab417_part_2.txt_段1_Material1,1200000.0000000007
[*]C(N(CN(C(OCOC(N(CN(C(OCCO[*])=O)[H])[H])=O)=O)[H])[H])=O,O=C1CCCN1C([*])C[*],,3.8790958795000727,,10.1016_j.matdes.2013.11.029_part_1.txt_段1_Material1,7569.999999999999
[*]C(N(CN(C(OCOC(N(CN(C(OCCO[*])=O)[H])[H])=O)=O)[H])[H])=O,[*]C(C)C[*],,6.079181246047625,,10.4028_www.scientific.net_amr.849.121_part_1.txt_段1_Material1,1200000.0000000007
[*]C(N(CN(C(OCOC(N(CN(C(OCCO[*])=O)[H])[H])=O)=O)[H])[H])=O,[*]C(CCCCCO[*])=O,,4.495544337546448,,10.1177_0095244314568691_part_3.txt_段1_Material3,31299.99999999999
[*]C(N(CN(C(OCOC(N(CN(C(OCCO[*])=O)[H])[H])=O)=O)[H])[H])=O,[*]C(N(CN(C(OCOC(N(CN(C(OCCO[*])=O)[H])[H])=O)=O)[H])[H])=O,,6.102135154272175,,10.1002_app.41849_part_2.txt_段1_Material1,1265130.000000001
[*]C(N(CN(C(OCOC(N(CN(C(OCCO[*])=O)[H])[H])=O)=O)[H])[H])=O,[*]C(OCCCO[*])=O,,3.462397997898956,,10.1021_bm2007218_part_2.txt_段1_Material2,2900.0
[*]C(N(CN(C(OCOC(N(CN(C(OCCO[*])=O)[H])[H])=O)=O)[H])[H])=O,[*]C([C@H](C)OC([C@H](C)O[*])=O)=O,,6.049218022670182,,10.1002_app.51014_part_2.txt_段1_Material3,1120000.000000001
[*]C(N(CN(C(OCOC(N(CN(C(OCCO[*])=O)[H])[H])=O)=O)[H])[H])=O,[*]C1=CC=C([*])N1,,4.303196057420489,,10.1016_j.synthmet.2020.116414_part_2.txt_段1_Material2,20099.99999999999
[*]C(N(CN(C(OCOC(N(CN(C(OCCO[*])=O)[H])[H])=O)=O)[H])[H])=O,[*]CC(C#N)[*],,5.505149978319906,,10.1007_s10965-010-9438-9_part_1.txt_段1_Material1,320000.00000000023
[*]C(N(CN(C(OCOC(N(CN(C(OCCO[*])=O)[H])[H])=O)=O)[H])[H])=O,[*]CC(C1=CC=C(C=C1)S(O)(=O)=O)[*],,4.3979400086720375,,10.1088_1361-665x_ab20a2_part_3.txt_段1_Material1,25000.0
[*]C(N(CN(C(OCOC(N(CN(C(OCCO[*])=O)[H])[H])=O)=O)[H])[H])=O,[*]CC(CC=CCC([*])C1=CC=CC=C1)C#N,,4.721810615212546,,10.1002_pc.24387_part_2.txt_段1_Material1,52699.99999999996
[*]C(N(CN(C(OCOC(N(CN(C(OCCO[*])=O)[H])[H])=O)=O)[H])[H])=O,[*]CC=CCCC(C#N)[*],,4.505149978319906,,10.1007_s13233-014-2077-y_part_1.txt_段1_Material3,32000.000000000025
[*]C(N(CN(C(OCOC(N(CN(C(OCCO[*])=O)[H])[H])=O)=O)[H])[H])=O,[*]CCCC(C1C([*])C2CC1C/C2=C/C)C,,4.5910646070265,,10.1007_s13233-014-2077-y_part_1.txt_段1_Material1,39000.00000000011
[*]C(N(CN(C(OCOC(N(CN(C(OCCO[*])=O)[H])[H])=O)=O)[H])[H])=O,[*]OCC[*],,2.6020599913279625,,10.1007_s10853-016-0689-7_part_1.txt_段1_Material1,400.0000000000001
[*]C(N(CN(C(OCOC(N(CN(C(OCCO[*])=O)[H])[H])=O)=O)[H])[H])=O,[H]N(C(O[*])=O)CCCCCCN(C(OCCCCO[*])=O)[H],,3.008600171761917,,10.1002_app.39670_part_2.txt_段1_Material1,1019.9999999999987
[*]C([C@H](C)OC([C@H](C)O[*])=O)=O,[*]C(N(CN(C(OCOC(N(CN(C(OCCO[*])=O)[H])[H])=O)=O)[H])[H])=O,,6.32221929473392,,10.1021_acssuschemeng.5b00816_part_2.txt_段1_Material1,2100000.0000000056
[*]C/C=C(C[*])\Cl,[*]C(N(CN(C(OCOC(N(CN(C(OCCO[*])=O)[H])[H])=O)=O)[H])[H])=O,,3.942008053022313,,10.3390_ma11112175_part_2.txt_段1_Material3,8749.999999999998
[*]CC=CCCC(C#N)[*],[*]C(N(CN(C(OCOC(N(CN(C(OCCO[*])=O)[H])[H])=O)=O)[H])[H])=O,,3.833147111912785,,10.3390_ma11112175_part_2.txt_段1_Material2,6809.999999999999
[*]CC=CCCC(C1=CC=CC=C1)[*],[*]C(N(CN(C(OCOC(N(CN(C(OCCO[*])=O)[H])[H])=O)=O)[H])[H])=O,,3.589949601325708,,10.3390_ma11112175_part_2.txt_段1_Material4,3890.000000000004
[*]CCCC(C1C([*])C2CC1C/C2=C/C)C,[*]C(N(CN(C(OCOC(N(CN(C(OCCO[*])=O)[H])[H])=O)=O)[H])[H])=O,,3.709269960975831,,10.3390_ma11112175_part_2.txt_段1_Material5,5120.000000000001
