Pair_ID,SMILE A,family_A,SMILE B,family_B,RF_YoungsModulus_pred,band_margin,Prediction,Prediction_prob_class1,prob_margin,add32_evidence
Pair_40,[*]NC(CCCCNC(C(C)=C)=O)C(N1CCCC1C(NCC(N2CC(O)CC2C(NC(COC(C(C)=C)=O)C(NCC([*])=O)=O)=O)=O)=O)=O,GelMA(甲基丙烯酰化明胶),[*]OC1C(C(O)=O)OC(OC2C(NC(C)=O)C([*])OC(CO)C2O)C(O)C1O,N-乙酰氨基糖二糖段(透明质酸类),2.872453963732392,0.427546036267608,0,0.4660905971690405,-0.0339094028309595,
Pair_58,[*]C(C)(C(OCCN(C)C)=O)C[*],丙烯酸酯-叔胺段(DMAEMA类),[*]NC(CCCCNC(C(C)=C)=O)C(N1CCCC1C(NCC(N2CC(O)CC2C(NC(COC(C(C)=C)=O)C(NCC([*])=O)=O)=O)=O)=O)=O,GelMA(甲基丙烯酰化明胶),2.872587112514174,0.4274128874858256,0,0.4621944950280907,-0.03780550497190932,
Pair_66,[*]CC(C)(C(OCCO)=O)[*],PEG-酯段(PEGMA类),[*]NC(CCCCNC(C(C)=C)=O)C(N1CCCC1C(NCC(N2CC(O)CC2C(NC(COC(C(C)=C)=O)C(NCC([*])=O)=O)=O)=O)=O)=O,GelMA(甲基丙烯酰化明胶),2.874243646033338,0.425756353966662,0,0.4585886634057755,-0.041411336594224524,
Pair_69,O=C(N1C(C([*])=O)CC(O)C1)CNC(C2CCCN2[*])=O,胶原特征肽段(羟脯氨酸-脯氨酸),[*]NC(CCCCNC(C(C)=C)=O)C(N1CCCC1C(NCC(N2CC(O)CC2C(NC(COC(C(C)=C)=O)C(NCC([*])=O)=O)=O)=O)=O)=O,GelMA(甲基丙烯酰化明胶),2.8966812194953,0.4033187805046996,0,0.4866072217054522,-0.013392778294547825,
Pair_42,[*]C1C(C(C(OC1C(O[Na])=O)OC2C(C(O[Na])=O)OC(O[*])C(O)C2O)O)O,海藻酸钠(M段),[*]NC(CCCCNC(C(C)=C)=O)C(N1CCCC1C(NCC(N2CC(O)CC2C(NC(COC(C(C)=C)=O)C(NCC([*])=O)=O)=O)=O)=O)=O,GelMA(甲基丙烯酰化明胶),2.903653098548661,0.3963469014513388,0,0.453950521156489,-0.046049478843511016,
Pair_70,O=C(C(OC(C=O)OC1C(C(C(OC1C(O[Na])=O)O[*])O)O)C(C=O)[*])O[Na],海藻酸钠(G段变体),[*]NC(CCCCNC(C(C)=C)=O)C(N1CCCC1C(NCC(N2CC(O)CC2C(NC(COC(C(C)=C)=O)C(NCC([*])=O)=O)=O)=O)=O)=O,GelMA(甲基丙烯酰化明胶),2.904131318471851,0.3958686815281487,0,0.4942244792910444,-0.005775520708955595,
Pair_45,[*]C([C@H](C)OC([C@H](C)O[*])=O)=O,PLA段(乳酸二聚),[*]NC(CCCCNC(C(C)=C)=O)C(N1CCCC1C(NCC(N2CC(O)CC2C(NC(COC(C(C)=C)=O)C(NCC([*])=O)=O)=O)=O)=O)=O,GelMA(甲基丙烯酰化明胶),2.9238032800518146,0.37619671994818527,0,0.456578484082232,-0.043421515917767994,
Pair_62,COCC1OC(OC2C(CO)OC(O[*])C(OC)C2OC)C(OC)C(O)C1O[*],甲基化多糖段(甲基纤维素类),[*]NC(CCCCNC(C(C)=C)=O)C(N1CCCC1C(NCC(N2CC(O)CC2C(NC(COC(C(C)=C)=O)C(NCC([*])=O)=O)=O)=O)=O)=O,GelMA(甲基丙烯酰化明胶),2.9719271154099447,0.3280728845900551,0,0.4610471914792871,-0.03895280852071292,
Pair_60,CC(NC1C([C@@H](C(O[C@H]1O[*])CO)O[C@@H]2OC([C@H]([C@@H](C2NC(C)=O)O)[*])CO)O)=O,几丁质段(立体指定N-乙酰氨基糖),[*]NC(CCCCNC(C(C)=C)=O)C(N1CCCC1C(NCC(N2CC(O)CC2C(NC(COC(C(C)=C)=O)C(NCC([*])=O)=O)=O)=O)=O)=O,GelMA(甲基丙烯酰化明胶),2.9870811529499472,0.3129188470500526,0,0.4921510287619736,-0.007848971238026414,
