SMILES,family,excluded
[*]NC(C(N1CCCC1C(NCC(N2CC(CC2C(NC(C(NCC([*])=O)=O)CO)=O)O)=O)=O)=O)CCCCN,明胶链(赖氨酸侧链),False
OCC(C(C(C1N)O)O[*])OC1OC2C(OC(C(C2O)N)[*])CO,壳聚糖链(氨基葡萄糖),False
COCC1OC(OC2C(CO)OC(O[*])C(OC)C2OC)C(OC)C(O)C1O[*],甲基化多糖段(甲基纤维素类),False
COC(C(C[*])([*])C)=O,丙烯酸酯段(PMMA类),False
[*]CC(C)(C(OCCO)=O)[*],PEG-酯段(PEGMA类),False
[*]C(N(CN(C(OCOC(N(CN(C(OCCO[*])=O)[H])[H])=O)=O)[H])[H])=O,氨基树脂-PEG段(甘脲缩聚类),False
O=C([*])CCCCCO[*],己二酸酯段(PA聚酯类),False
O=C(N1C(C([*])=O)CC(O)C1)CNC(C2CCCN2[*])=O,胶原特征肽段(羟脯氨酸-脯氨酸),False
O=C(C(OC(C=O)OC1C(C(C(OC1C(O[Na])=O)O[*])O)O)C(C=O)[*])O[Na],海藻酸钠(G段变体),False
[*]NC(CCCCNC(C(C)=C)=O)C(N1CCCC1C(NCC(N2CC(O)CC2C(NC(COC(C(C)=C)=O)C(NCC([*])=O)=O)=O)=O)=O)=O,GelMA(甲基丙烯酰化明胶),False
[*]NC(C(O)=O)CCC([*])=O,聚谷氨酸段(Glu),False
[*]NC(CCC([*])=O)C(O)=O,聚谷氨酸段(Glu异写),False
[*]OC1C(C(O)=O)OC(OC2C(NC(C)=O)C([*])OC(CO)C2O)C(O)C1O,N-乙酰氨基糖二糖段(透明质酸类),False
[*]OCC[*],PEG,False
[*]OC1C(C(C(OC1C)OC2C(C(OC(C2O)COC(C)=O)OC3C(C(C(OC3C(O)=O)OC4C(C(C(OC4CO)O[*])O)O)O)O)OC(C(O)CO)=O)O)O,乙酰化多糖段(纤维素衍生物),False
[H]N(C(O[*])=O)CCCCCCN(C(OCCCCO[*])=O)[H],聚酰胺-酯段(六亚甲基类),False
[*]OC1OC(CO)C(OC2C(O)C(O)C([*])C(CO)O2)C(O)C1O,纤维素二糖段(cellobiose),True
O=C([*])C(C)O[*],PLA段(乳酸酯),False
CC(NC1C([C@@H](C(O[C@H]1O[*])CO)O[C@@H]2OC([C@H]([C@@H](C2NC(C)=O)O)[*])CO)O)=O,几丁质段(立体指定N-乙酰氨基糖),False
[*]C(C)(C(OCCN(C)C)=O)C[*],丙烯酸酯-叔胺段(DMAEMA类),False
[*]C(CCCCCO[*])=O,PCL段(ε-己内酯),False
[*]C([H])([H])C(O)([H])[*],PVA,False
[*]C1C(C(C(OC1C(O[Na])=O)OC2C(C(O[Na])=O)OC(O[*])C(O)C2O)O)O,海藻酸钠(M段),False
OC1C(OC(C(C1O)O)[*])CO[*],葡萄糖环段(葡聚糖/淀粉类),False
OCC1OC(C(C(C1[*])O)O)OC2C(C(C(OC2CO)O[*])O)O,纤维素二糖段(异写),True
[*]C([C@H](C)OC([C@H](C)O[*])=O)=O,PLA段(乳酸二聚),False
[*]C1C(OC(C(C1O)O)OC2C(OC(C(C2O)O)OC3C(OC(C(C3O)O)O[*])CO)CO)CO,环糊精/葡聚糖段,False
[*]C(C)C(OCC(O[*])=O)=O,PLGA段(乳酸-乙醇酸),False
CC(NC1C(OC(C(C1OC2OC(C(C(C2OCC(COC(C(C)=C)=O)O)O)O[*])C([O-])=O)O)O)O[*])=O,杂多糖-甲基丙烯酸酯接枝段,False
O=C(N([*])C([*])=O)CC=C,烯丙基脲段,False
[*]C1=C(C=CN2)C2=C([*])C(O)=C1O,木质素芳香段(苯并呋喃类),False
O=C(C(C[*])[*])N,聚丙烯酰胺段,True
OCC1OC(C(C(C1O[*])O)NC(C)=O)OC2C(O)C(C(OC2CO)[*])NC(C)=O,几丁质二糖段(N-乙酰氨基葡萄糖),False
O=C(N)C([*])C[*],聚丙烯酰胺段(异写),True
[*]CC(C1=CC=C(C=C1)S(O)(=O)=O)[*],聚苯乙烯磺酸酯段(PSS),False
[H]N(C([H])([H])C(N([H])C(C)([H])C(N(C([H])([H])C([*])=O)[H])=O)=O)C(C(N([*])[H])(C)[H])=O,丙氨酸寡肽段,False
