feature,importance
fp_140,0.02857554803420363
fp_726,0.014915360034069347
fp_849,0.013043086308967592
fp_269,0.011931342322196947
fp_623,0.01185939968665665
fp_997,0.011477013637785896
fp_929,0.01142656585988592
fp_22,0.008412358514056084
fp_545,0.007071831614148409
fp_722,0.0065952954998031625
fp_247,0.006444406597281849
fp_273,0.006371815916687784
fp_356,0.006031626040075603
fp_197,0.005191149540734667
fp_960,0.0036261870592667242
fp_645,0.0034621383752759063
fp_9,0.0034592386326102176
fp_33,0.0034194648326636803
fp_734,0.003288930433223832
fp_94,0.003238089667024916
fp_80,0.002951514404361699
fp_852,0.002438673265079072
fp_156,0.0020678152910515632
fp_283,0.0018276654139664321
fp_264,0.001781683003181711
fp_155,0.0017176883774811709
fp_926,0.0016671379353067062
fp_432,0.0016427368914132916
fp_1017,0.0014699976758287454
fp_996,0.0013123203057160044
fp_266,0.0012597155321261895
fp_352,0.0012003343969229086
fp_1019,0.0011011307330049218
fp_242,0.0010821715965443346
fp_355,0.0010448385869315329
fp_428,0.0010076806869599626
fp_590,0.0008936739045262895
fp_463,0.0008864681605066002
fp_753,0.0008556363706488194
fp_494,0.0008391852454427232
fp_147,0.0008347344577350757
fp_781,0.000809577857279605
fp_893,0.0007926114939105592
fp_904,0.0007612727312675815
fp_931,0.0007420330239716518
fp_202,0.0007151824756949088
fp_53,0.0006897736103104549
fp_877,0.0006721915094921963
fp_492,0.0006638026186374102
fp_807,0.0006526319918101301
fp_531,0.000650642553765938
fp_332,0.0006425086038570985
fp_233,0.0006305342716639295
fp_486,0.0006294805846455512
fp_361,0.0006129870074547868
fp_731,0.0006062080832093253
fp_869,0.0005629451431300078
fp_658,0.000532079934803568
fp_271,0.0005257795198822338
fp_183,0.0005052546013506095
fp_245,0.0005013257483946024
fp_820,0.0004883621031927706
fp_587,0.0004767877289404421
fp_172,0.0004736803757744064
fp_610,0.0004720210460276893
fp_584,0.00046061510489192603
fp_357,0.0004593082795017282
fp_208,0.00045538420535636465
fp_488,0.00045022728070117274
fp_240,0.0004260893984739574
fp_276,0.00042508699886245616
fp_226,0.0004150736002235256
fp_482,0.0004099556681064209
fp_452,0.000409651569218276
fp_458,0.00040908953464128633
fp_746,0.00040075670689169546
fp_56,0.0003985306274283766
fp_493,0.0003938172557359139
fp_578,0.0003927929835386701
fp_829,0.00038226004162208077
fp_725,0.0003606327734375636
fp_932,0.0003595395756914958
fp_897,0.0003535658623378864
fp_736,0.0003443314601926743
fp_222,0.0003315468214684462
fp_161,0.0003300121171062968
fp_673,0.0003125039368928236
fp_345,0.00030941389595765906
fp_159,0.0003065580145670636
fp_483,0.00029396732729832414
fp_227,0.0002934085040278515
fp_719,0.0002902456801029037
fp_866,0.00028798194802711247
fp_409,0.0002875389084596354
fp_118,0.0002838690198426752
fp_522,0.00027026973836300855
fp_170,0.00026592691087408876
fp_940,0.00026126664645742537
fp_336,0.000260164910662571
fp_265,0.00025961799005532377
fp_248,0.00025755808880926584
fp_765,0.0002523668843235072
fp_342,0.00024685095738933666
fp_217,0.0002461921512842598
fp_191,0.00024318654665378414
fp_145,0.00023907126181321736
fp_671,0.00023671071297781676
fp_374,0.00022971290547909215
fp_440,0.00022832582531806533
fp_656,0.00022419720144528643
fp_686,0.00022126530937131386
fp_504,0.00022111671008743597
fp_836,0.0002184215292089231
fp_326,0.0002099914661034541
fp_979,0.0001942261264134363
fp_186,0.00019085876858737638
fp_304,0.00018921655694270623
fp_274,0.00018878894593536236
fp_188,0.00018767867266962965
fp_451,0.0001875437111321654
fp_862,0.00018395910092827705
fp_624,0.00018341243000800458
fp_369,0.00017761050228082276
fp_259,0.00017645297471576468
fp_417,0.00017642534457910455
fp_299,0.0001722561392228187
fp_540,0.00016761927184897699
fp_359,0.00016469589039284452
fp_525,0.00016399091245763073
fp_115,0.00016371996688983406
fp_4,0.0001620298491235387
fp_105,0.0001601849057968341
fp_597,0.00016010785928318358
fp_917,0.00015662543461351466
fp_312,0.00015264813071602656
fp_466,0.00015218878122487864
fp_351,0.0001496377863634546
fp_1015,0.00014775884414319762
fp_971,0.00014563793760872615
fp_371,0.0001454273524390167
fp_349,0.00013834577959207875
fp_601,0.00013785176719997386
fp_333,0.00013665502801337345
fp_539,0.00013496777705986526
fp_721,0.0001316115032580963
fp_90,0.00012992757073563657
fp_378,0.00012944637812806192
fp_1022,0.0001292100951548377
fp_387,0.00012893564509763866
fp_981,0.00012801153252772757
fp_350,0.00012522497672510605
fp_288,0.00012425635789981015
fp_902,0.00012388162491353918
fp_78,0.00011927347404246576
fp_435,0.00011873337386033207
fp_616,0.00011808215362318908
fp_136,0.00011692488568952146
fp_473,0.00011640674060039065
fp_823,0.00011448032253765413
fp_457,0.00011366326781529305
fp_162,0.00011349637896962417
fp_886,0.00011176020114593103
fp_456,0.00011089109658568574
fp_203,0.00011037717725696321
fp_416,0.00010987188456120418
fp_1009,0.00010849345043839609
fp_412,0.00010808971408223418
fp_872,0.00010751706271339145
fp_509,0.00010691246516258968
fp_268,0.00010671451018625285
fp_468,0.00010454094233758315
fp_700,0.00010405236380472971
fp_771,0.00010370357597248396
fp_17,0.00010267315088874351
fp_255,9.799201106330813e-05
fp_508,9.695426163913723e-05
fp_983,9.672403903060456e-05
fp_693,9.610572290156642e-05
fp_614,9.586898003181392e-05
fp_1,9.547959542910434e-05
fp_874,9.458560124464555e-05
fp_235,9.385636554008296e-05
fp_632,9.382575453265041e-05
fp_404,8.74892958449373e-05
fp_453,8.741544369953817e-05
fp_84,8.627205440647767e-05
fp_423,8.62422852637712e-05
fp_168,8.50521652134099e-05
fp_148,8.438429501422817e-05
fp_697,8.339963899680243e-05
fp_497,8.134488217096762e-05
fp_879,8.11043861939087e-05
fp_875,8.010809788757307e-05
fp_74,7.809010216645411e-05
fp_521,7.742755729678308e-05
fp_598,7.563981725792572e-05
fp_998,7.553380974719322e-05
fp_626,7.444835582196922e-05
fp_389,7.437157289580387e-05
fp_565,7.413701260579793e-05
fp_830,7.26293700565872e-05
fp_144,7.21496977457529e-05
fp_76,7.172019394844724e-05
fp_804,7.039862777384147e-05
fp_107,6.834897392626882e-05
fp_812,6.781770705299728e-05
fp_760,6.601445374761668e-05
fp_551,6.565270048186633e-05
fp_574,6.504714357232395e-05
fp_825,6.467711179203306e-05
fp_748,6.365093002846933e-05
fp_381,6.137306748399407e-05
fp_533,5.8477395738979844e-05
fp_843,5.823831211126951e-05
fp_894,5.7132764920105515e-05
fp_1002,5.630206914257011e-05
fp_785,5.509323731189841e-05
fp_928,5.476800980933986e-05
fp_1023,5.351154656829671e-05
fp_1012,5.331397939486079e-05
fp_314,5.308052804956868e-05
fp_808,5.220462680011195e-05
fp_682,5.168594277475217e-05
fp_740,5.022547473809702e-05
fp_367,4.938192878597055e-05
fp_279,4.910604741496331e-05
fp_718,4.8991738306858323e-05
fp_982,4.8438667396011326e-05
fp_744,4.8106463727548565e-05
fp_923,4.7538552110445074e-05
fp_176,4.637489386712564e-05
fp_133,4.563779131653659e-05
fp_801,4.550684059005198e-05
fp_705,4.490413513765409e-05
fp_42,4.293057796385854e-05
fp_815,4.0880317651444585e-05
fp_678,4.024262698487657e-05
fp_641,3.957781899854851e-05
fp_325,3.943204018016141e-05
fp_585,3.9181009377424005e-05
fp_122,3.884297469976724e-05
fp_316,3.7853391916272315e-05
fp_55,3.617757432731553e-05
fp_1011,3.572290038222903e-05
fp_643,3.5376584723486225e-05
fp_238,3.497933445565741e-05
fp_261,3.452702655585652e-05
fp_1008,3.4311273582961675e-05
fp_426,3.4112387827282355e-05
fp_390,3.192281502909881e-05
fp_788,3.174998401933582e-05
fp_535,3.160965093281417e-05
fp_406,3.154981794410242e-05
fp_515,3.127039373233368e-05
fp_552,3.104040302133922e-05
fp_2,3.018500523314464e-05
fp_15,3.013462181500337e-05
fp_711,2.9388657039423432e-05
fp_234,2.910766889337631e-05
fp_393,2.9054254811885134e-05
fp_548,2.8606658461938217e-05
fp_638,2.814260852142721e-05
fp_855,2.7871546029234473e-05
fp_822,2.766146545159683e-05
fp_555,2.7483496298182548e-05
fp_230,2.73538181423764e-05
fp_792,2.7044212981460387e-05
fp_519,2.649169639612481e-05
fp_570,2.6237473985520527e-05
fp_165,2.58797988669975e-05
fp_11,2.5834777634107613e-05
fp_446,2.4789281110493278e-05
fp_348,2.398507589188951e-05
fp_712,2.348826334008791e-05
fp_370,2.2862366080326584e-05
fp_301,2.2194360593881985e-05
fp_762,2.2015383621380263e-05
fp_403,2.1682874926691003e-05
fp_104,2.1190519864192996e-05
fp_293,2.0395855342858482e-05
fp_3,1.978333441325179e-05
fp_430,1.9476492617835166e-05
fp_870,1.936945445450237e-05
fp_526,1.917265993060339e-05
fp_399,1.830145072767575e-05
fp_572,1.8140788857608687e-05
fp_193,1.81405424706238e-05
fp_149,1.759065069661947e-05
fp_376,1.7182136828626977e-05
fp_935,1.7166028064341532e-05
fp_647,1.6785687021014795e-05
fp_277,1.677520342076762e-05
fp_73,1.6487269697348e-05
fp_547,1.6314753202813687e-05
fp_537,1.6144559973119144e-05
fp_606,1.5936094040343757e-05
fp_153,1.576961240009241e-05
fp_131,1.5272764711878512e-05
fp_228,1.501510470743502e-05
fp_630,1.5014862136915793e-05
fp_285,1.4438452944872301e-05
fp_947,1.4029695551605789e-05
fp_375,1.3321020497262618e-05
fp_512,1.3060565889085515e-05
fp_677,1.2993516515513726e-05
fp_431,1.2824849405087177e-05
fp_541,1.2659409916497092e-05
fp_160,1.1476420346194042e-05
fp_499,1.1128791254570261e-05
fp_529,1.1002496527301453e-05
fp_575,1.0870404456649515e-05
fp_70,1.0860724818114361e-05
fp_925,1.0136787808405026e-05
fp_751,9.314643040917817e-06
fp_783,9.122521886932114e-06
fp_12,8.299961147040236e-06
fp_593,7.83565687993241e-06
fp_766,7.740399369238204e-06
fp_429,7.628348116850425e-06
fp_6,7.4938357519371834e-06
fp_834,6.902035545541807e-06
fp_108,6.387790572900028e-06
fp_62,6.3063682642268875e-06
fp_436,6.274984130897702e-06
fp_181,6.111544263776025e-06
fp_81,5.956756556161717e-06
fp_802,5.119864458650684e-06
fp_814,5.0458987196355665e-06
fp_724,4.8739672484273315e-06
fp_607,4.686379401985796e-06
fp_10,4.360020065097281e-06
fp_449,4.320332491980494e-06
fp_924,4.231739557769565e-06
fp_246,4.230869324291693e-06
fp_327,4.210959848334935e-06
fp_198,3.7975752206209634e-06
fp_267,3.5341554126914567e-06
fp_974,3.479615147683468e-06
fp_146,3.3345016760370307e-06
fp_975,3.2408249380407503e-06
fp_323,3.1245741289135745e-06
fp_313,1.7692288328818861e-06
fp_511,1.7139659183040834e-06
fp_476,1.3589156471945547e-06
fp_116,1.3519895850263215e-06
fp_618,1.3095293871871287e-06
fp_167,1.2073868032036472e-06
fp_863,1.1550175503434919e-06
fp_747,9.852717713920711e-07
fp_600,8.026394165971951e-07
fp_649,7.932874908078702e-07
fp_297,7.881293292063182e-07
fp_625,7.803393917334608e-07
fp_899,7.58291838135842e-07
fp_302,6.440684010566855e-07
fp_289,6.392948373272015e-07
fp_506,3.9395830335002085e-07
fp_216,2.873850668549949e-07
fp_955,2.8729000434157825e-07
fp_150,9.1459866125021e-08
fp_60,5.2575188277022754e-08
fp_675,0.0
fp_676,0.0
fp_959,0.0
fp_942,0.0
fp_683,0.0
fp_943,0.0
fp_944,0.0
fp_672,0.0
fp_120,0.0
fp_938,0.0
fp_681,0.0
fp_945,0.0
fp_594,0.0
fp_669,0.0
fp_31,0.0
fp_936,0.0
fp_30,0.0
fp_109,0.0
fp_921,0.0
fp_709,0.0
fp_708,0.0
fp_577,0.0
fp_706,0.0
fp_110,0.0
fp_704,0.0
fp_703,0.0
fp_701,0.0
fp_699,0.0
fp_579,0.0
fp_581,0.0
fp_696,0.0
fp_27,0.0
fp_927,0.0
fp_692,0.0
fp_589,0.0
fp_34,0.0
fp_930,0.0
fp_688,0.0
fp_666,0.0
fp_934,0.0
fp_956,0.0
fp_660,0.0
fp_665,0.0
fp_629,0.0
fp_611,0.0
fp_639,0.0
fp_950,0.0
fp_637,0.0
fp_635,0.0
fp_633,0.0
fp_129,0.0
fp_613,0.0
fp_130,0.0
fp_628,0.0
fp_640,0.0
fp_627,0.0
fp_132,0.0
fp_138,0.0
fp_134,0.0
fp_137,0.0
fp_622,0.0
fp_617,0.0
fp_621,0.0
fp_620,0.0
fp_139,0.0
fp_141,0.0
fp_305,0.0
fp_653,0.0
fp_663,0.0
fp_946,0.0
fp_661,0.0
fp_619,0.0
fp_28,0.0
fp_121,0.0
fp_657,0.0
fp_123,0.0
fp_654,0.0
fp_648,0.0
fp_127,0.0
fp_124,0.0
fp_646,0.0
fp_602,0.0
fp_604,0.0
fp_605,0.0
fp_949,0.0
fp_644,0.0
fp_126,0.0
fp_642,0.0
fp_303,0.0
fp_733,0.0
fp_714,0.0
fp_67,0.0
fp_839,0.0
fp_838,0.0
fp_837,0.0
fp_900,0.0
fp_40,0.0
fp_63,0.0
fp_903,0.0
fp_828,0.0
fp_826,0.0
fp_65,0.0
fp_824,0.0
fp_66,0.0
fp_821,0.0
fp_716,0.0
fp_68,0.0
fp_819,0.0
fp_818,0.0
fp_817,0.0
fp_905,0.0
fp_813,0.0
fp_811,0.0
fp_810,0.0
fp_809,0.0
fp_71,0.0
fp_906,0.0
fp_75,0.0
fp_840,0.0
fp_842,0.0
fp_61,0.0
fp_845,0.0
fp_885,0.0
fp_884,0.0
fp_889,0.0
fp_882,0.0
fp_878,0.0
fp_876,0.0
fp_890,0.0
fp_49,0.0
fp_873,0.0
fp_50,0.0
fp_871,0.0
fp_51,0.0
fp_868,0.0
fp_867,0.0
fp_865,0.0
fp_864,0.0
fp_861,0.0
fp_860,0.0
fp_44,0.0
fp_43,0.0
fp_895,0.0
fp_898,0.0
fp_851,0.0
fp_850,0.0
fp_847,0.0
fp_77,0.0
fp_800,0.0
fp_907,0.0
fp_752,0.0
fp_915,0.0
fp_91,0.0
fp_92,0.0
fp_916,0.0
fp_38,0.0
fp_743,0.0
fp_918,0.0
fp_741,0.0
fp_95,0.0
fp_919,0.0
fp_738,0.0
fp_737,0.0
fp_96,0.0
fp_735,0.0
fp_97,0.0
fp_569,0.0
fp_732,0.0
fp_98,0.0
fp_728,0.0
fp_727,0.0
fp_99,0.0
fp_100,0.0
fp_920,0.0
fp_106,0.0
fp_717,0.0
fp_750,0.0
fp_754,0.0
fp_797,0.0
fp_756,0.0
fp_909,0.0
fp_795,0.0
fp_793,0.0
fp_79,0.0
fp_791,0.0
fp_910,0.0
fp_789,0.0
fp_787,0.0
fp_82,0.0
fp_911,0.0
fp_83,0.0
fp_780,0.0
fp_779,0.0
fp_773,0.0
fp_772,0.0
fp_85,0.0
fp_912,0.0
fp_769,0.0
fp_768,0.0
fp_767,0.0
fp_86,0.0
fp_764,0.0
fp_88,0.0
fp_759,0.0
fp_758,0.0
fp_571,0.0
fp_45,0.0
fp_447,0.0
fp_236,0.0
fp_433,0.0
fp_224,0.0
fp_20,0.0
fp_229,0.0
fp_427,0.0
fp_19,0.0
fp_425,0.0
fp_424,0.0
fp_18,0.0
fp_1001,0.0
fp_419,0.0
fp_415,0.0
fp_1004,0.0
fp_414,0.0
fp_315,0.0
fp_413,0.0
fp_239,0.0
fp_411,0.0
fp_410,0.0
fp_241,0.0
fp_298,0.0
fp_317,0.0
fp_318,0.0
fp_16,0.0
fp_434,0.0
fp_223,0.0
fp_437,0.0
fp_995,0.0
fp_475,0.0
fp_474,0.0
fp_209,0.0
fp_472,0.0
fp_470,0.0
fp_21,0.0
fp_984,0.0
fp_467,0.0
fp_311,0.0
fp_464,0.0
fp_462,0.0
fp_986,0.0
fp_460,0.0
fp_459,0.0
fp_213,0.0
fp_215,0.0
fp_218,0.0
fp_448,0.0
fp_445,0.0
fp_991,0.0
fp_442,0.0
fp_992,0.0
fp_993,0.0
fp_1003,0.0
fp_405,0.0
fp_480,0.0
fp_344,0.0
fp_1010,0.0
fp_278,0.0
fp_281,0.0
fp_1016,0.0
fp_284,0.0
fp_321,0.0
fp_286,0.0
fp_287,0.0
fp_347,0.0
fp_346,0.0
fp_290,0.0
fp_343,0.0
fp_244,0.0
fp_291,0.0
fp_340,0.0
fp_7,0.0
fp_337,0.0
fp_1018,0.0
fp_335,0.0
fp_334,0.0
fp_1020,0.0
fp_330,0.0
fp_1021,0.0
fp_328,0.0
fp_363,0.0
fp_364,0.0
fp_365,0.0
fp_366,0.0
fp_402,0.0
fp_249,0.0
fp_398,0.0
fp_397,0.0
fp_1005,0.0
fp_394,0.0
fp_250,0.0
fp_1006,0.0
fp_5,0.0
fp_320,0.0
fp_251,0.0
fp_388,0.0
fp_386,0.0
fp_385,0.0
fp_384,0.0
fp_383,0.0
fp_382,0.0
fp_254,0.0
fp_380,0.0
fp_377,0.0
fp_257,0.0
fp_262,0.0
fp_263,0.0
fp_477,0.0
fp_324,0.0
fp_505,0.0
fp_502,0.0
fp_559,0.0
fp_962,0.0
fp_976,0.0
fp_530,0.0
fp_563,0.0
fp_500,0.0
fp_528,0.0
fp_26,0.0
fp_182,0.0
fp_184,0.0
fp_972,0.0
fp_965,0.0
fp_973,0.0
fp_562,0.0
fp_517,0.0
fp_503,0.0
fp_307,0.0
fp_560,0.0
fp_308,0.0
fp_561,0.0
fp_196,0.0
fp_174,0.0
fp_195,0.0
fp_309,0.0
fp_192,0.0
fp_513,0.0
fp_514,0.0
fp_190,0.0
fp_179,0.0
fp_496,0.0
fp_536,0.0
fp_550,0.0
fp_546,0.0
fp_553,0.0
fp_310,0.0
fp_206,0.0
fp_484,0.0
fp_485,0.0
fp_966,0.0
fp_24,0.0
fp_544,0.0
fp_169,0.0
fp_566,0.0
fp_554,0.0
fp_542,0.0
fp_970,0.0
fp_204,0.0
fp_963,0.0
fp_177,0.0
fp_538,0.0
fp_164,0.0
fp_491,0.0
fp_171,0.0
fp_201,0.0
fp_306,0.0
fp_199,0.0
fp_166,0.0
fp_977,0.0
fp_178,0.0
fp_189,0.0
fp_220,-1.0710354914067466e-07
fp_776,-3.8744743354376016e-07
fp_652,-5.732110109901711e-07
fp_1013,-7.153288687685352e-07
fp_805,-7.402171121976645e-07
fp_730,-1.021409550198508e-06
fp_888,-1.1423303228156694e-06
fp_612,-1.304451023161531e-06
fp_194,-1.803763349202588e-06
fp_471,-1.8298343910094772e-06
fp_113,-1.918271077983036e-06
fp_211,-2.0829148170327847e-06
fp_490,-2.208791966255378e-06
fp_990,-2.4668088675072752e-06
fp_603,-2.6669380203496e-06
fp_775,-2.7896845664251066e-06
fp_353,-2.9185521461435235e-06
fp_422,-2.948632291777109e-06
fp_859,-3.2205442319632738e-06
fp_379,-3.2424902106272433e-06
fp_827,-3.3961869741287267e-06
fp_158,-3.4224193283804993e-06
fp_774,-3.5106729296963124e-06
fp_723,-3.8261627816060795e-06
fp_961,-3.867517068415853e-06
fp_232,-3.91904099772411e-06
fp_180,-4.059959048285933e-06
fp_951,-4.123831277273264e-06
fp_941,-4.375975165042216e-06
fp_588,-4.4192576803177746e-06
fp_782,-4.51925960183915e-06
fp_37,-4.756065764481103e-06
fp_157,-4.9534863908092435e-06
fp_891,-5.078740049328327e-06
fp_296,-5.146477640605163e-06
fp_543,-5.370058683951129e-06
fp_258,-5.405803591836585e-06
fp_833,-5.549621589569694e-06
fp_237,-5.780474398586755e-06
fp_101,-5.846379567612618e-06
fp_450,-6.023851724767937e-06
fp_846,-6.386461982625195e-06
fp_803,-6.51860366270481e-06
fp_881,-6.597690782150778e-06
fp_8,-6.681681262425225e-06
fp_270,-6.727267816105294e-06
fp_880,-6.805822630351344e-06
fp_280,-7.044490655879383e-06
fp_23,-7.1015897258330796e-06
fp_135,-7.995130781942214e-06
fp_913,-8.128123015168262e-06
fp_478,-8.163315934191692e-06
fp_806,-8.267362120895072e-06
fp_518,-8.470551548844796e-06
fp_778,-8.827811988669035e-06
fp_47,-9.210538336135166e-06
fp_41,-9.28228653855149e-06
fp_988,-9.6224298586541e-06
fp_152,-9.858828875793554e-06
fp_583,-1.0096868442444062e-05
fp_549,-1.0349807604614902e-05
fp_608,-1.072876093318372e-05
fp_908,-1.086816911262852e-05
fp_331,-1.1771486391716953e-05
fp_444,-1.3273665814717006e-05
fp_609,-1.3808421775636978e-05
fp_532,-1.3944375470901585e-05
fp_57,-1.3950561741471468e-05
fp_151,-1.4913711438283942e-05
fp_1007,-1.5109313927674783e-05
fp_39,-1.512131767415307e-05
fp_35,-1.6038206068177036e-05
fp_922,-1.623510149972862e-05
fp_841,-1.6478358629316386e-05
fp_338,-1.674095395498565e-05
fp_400,-1.7513434829215708e-05
fp_853,-1.7566147803090477e-05
fp_567,-1.837045001447842e-05
fp_651,-1.863034973644447e-05
fp_698,-1.9227191569326507e-05
fp_534,-1.9540565473893008e-05
fp_586,-2.0476069062006868e-05
fp_729,-2.0766764262954613e-05
fp_501,-2.094490826024901e-05
fp_219,-2.133449351700752e-05
fp_282,-2.2229698547223304e-05
fp_395,-2.2445131563538407e-05
fp_615,-2.246019672676643e-05
fp_373,-2.2944066559671406e-05
fp_341,-2.2984548587068332e-05
fp_914,-2.330370107783697e-05
fp_558,-2.3643125167893686e-05
fp_260,-2.4007628888137827e-05
fp_212,-2.4125373161247115e-05
fp_103,-2.4386952365655173e-05
fp_844,-2.4470823369389844e-05
fp_14,-2.5817076495441665e-05
fp_401,-2.582649702176365e-05
fp_989,-2.592632475310423e-05
fp_713,-2.6260850096308335e-05
fp_46,-2.6990613534579506e-05
fp_13,-2.7139453548189845e-05
fp_300,-2.7795983872887693e-05
fp_163,-2.7866740280583595e-05
fp_591,-2.8847122560423284e-05
fp_777,-2.8884124515848875e-05
fp_418,-2.909265869754929e-05
fp_372,-2.9557381844883917e-05
fp_670,-2.96653568965984e-05
fp_715,-2.9996219994443685e-05
fp_25,-3.0316510816863484e-05
fp_794,-3.0385356691124226e-05
fp_322,-3.0488290387542527e-05
fp_720,-3.059775842451096e-05
fp_524,-3.060130209460906e-05
fp_568,-3.077242521979754e-05
fp_636,-3.111558264616102e-05
fp_668,-3.147963733981148e-05
fp_256,-3.178903412319004e-05
fp_948,-3.201144527916385e-05
fp_185,-3.282454767113604e-05
fp_954,-3.339898615613753e-05
fp_489,-3.456749715199011e-05
fp_143,-3.4603549112666165e-05
fp_582,-3.644444949335579e-05
fp_595,-3.7304058147058505e-05
fp_89,-3.760632235620213e-05
fp_763,-3.817993118467496e-05
fp_111,-3.888232122299199e-05
fp_655,-3.994516953742533e-05
fp_573,-4.0446585412801106e-05
fp_761,-4.114965467768202e-05
fp_858,-4.152935473955566e-05
fp_221,-4.166670006548282e-05
fp_391,-4.180037412511902e-05
fp_207,-4.207726203693992e-05
fp_580,-4.266585527383052e-05
fp_481,-4.279839061989884e-05
fp_516,-4.315122275274271e-05
fp_786,-4.328698968950976e-05
fp_52,-4.3422342279312666e-05
fp_142,-4.3604125177158316e-05
fp_465,-4.3809329584217536e-05
fp_901,-4.4421778391775156e-05
fp_520,-4.469781935515874e-05
fp_87,-4.4963801022331516e-05
fp_980,-4.507156544379202e-05
fp_0,-4.760017724077711e-05
fp_564,-4.82926928827195e-05
fp_329,-4.9044161813690167e-05
fp_36,-4.940234348212632e-05
fp_784,-5.073220375462206e-05
fp_187,-5.20231304654469e-05
fp_967,-5.321287095986597e-05
fp_702,-5.442327262816793e-05
fp_856,-5.4620044723600415e-05
fp_883,-5.520123423123172e-05
fp_112,-5.610055837812489e-05
fp_691,-5.708703197696933e-05
fp_54,-5.9939959916044394e-05
fp_439,-6.073474976771761e-05
fp_455,-6.532898091974697e-05
fp_507,-6.555517619607117e-05
fp_69,-6.564083059623638e-05
fp_58,-6.621032260889503e-05
fp_392,-6.657955052924436e-05
fp_679,-6.951486359474401e-05
fp_684,-6.987780967134445e-05
fp_987,-7.184197939569259e-05
fp_231,-7.230489011974169e-05
fp_689,-7.24616415109421e-05
fp_396,-7.390328038714422e-05
fp_798,-7.403936000246099e-05
fp_175,-7.405961136404866e-05
fp_556,-7.540331709421366e-05
fp_523,-7.589347652821783e-05
fp_214,-7.778912915275733e-05
fp_358,-7.857431397791566e-05
fp_420,-7.859737948641883e-05
fp_631,-7.994546360975037e-05
fp_796,-8.146401199308577e-05
fp_685,-8.243883927105955e-05
fp_816,-8.387285207989148e-05
fp_443,-8.412293387420149e-05
fp_968,-8.41262327846426e-05
fp_438,-8.487285035459664e-05
fp_154,-9.283192592975571e-05
fp_557,-9.306899920428584e-05
fp_1000,-9.318764630013761e-05
fp_64,-9.331428973680111e-05
fp_770,-9.498162859504038e-05
fp_999,-9.64145717339641e-05
fp_205,-9.721850274505932e-05
fp_742,-0.00010015967398813164
fp_964,-0.00010024734746572062
fp_114,-0.00010460230791020653
fp_421,-0.00011027937032811093
fp_985,-0.00011097907124664926
fp_576,-0.00011161887448514947
fp_659,-0.00011864045058555354
fp_252,-0.00012180256593411858
fp_994,-0.00012305506419407752
fp_119,-0.00012310498090154867
fp_275,-0.0001232469822646983
fp_407,-0.00012343783933917626
fp_892,-0.0001237396253280417
fp_292,-0.0001258385029907494
fp_354,-0.0001261218852018168
fp_755,-0.00012648411265658854
fp_200,-0.0001282280321306395
fp_957,-0.00012866346369733161
fp_835,-0.00013327867224854906
fp_958,-0.000133597172071546
fp_680,-0.00013445888439108286
fp_498,-0.00013480711360806344
fp_128,-0.00013572078877869634
fp_933,-0.00013857250398911317
fp_32,-0.00014200606975363814
fp_368,-0.00014596223047569357
fp_125,-0.00015070424001143815
fp_687,-0.00015486645249955058
fp_117,-0.00015636919856117557
fp_937,-0.00016123159929493092
fp_599,-0.00016311837834785217
fp_694,-0.0001676135597196149
fp_790,-0.00016882655778945507
fp_527,-0.00016897731338609093
fp_799,-0.0001735120680607105
fp_362,-0.0001749292584312112
fp_495,-0.0001843616058586628
fp_1014,-0.00018561918191558244
fp_72,-0.00019461517272697146
fp_831,-0.00019611284442766497
fp_479,-0.00019723708495567038
fp_662,-0.0001985397698805643
fp_952,-0.0002126082087181569
fp_295,-0.00022692821151363654
fp_102,-0.0002283554615856905
fp_441,-0.00024467651964166226
fp_29,-0.0002487053023313794
fp_695,-0.0002607974587757929
fp_48,-0.0002654813439202745
fp_408,-0.00026688895995397033
fp_857,-0.0002691898366686078
fp_454,-0.00029118200156663665
fp_294,-0.00029283089570915816
fp_596,-0.0002997730980729048
fp_757,-0.0003370836202623388
fp_487,-0.0003485733396989543
fp_749,-0.0003523529240441932
fp_360,-0.0003596029599580349
fp_272,-0.000362336814934916
fp_339,-0.0003669238206346348
fp_93,-0.0003739778845887424
fp_887,-0.00038437945988378797
fp_953,-0.00043228478687947397
fp_674,-0.000435020417085763
fp_173,-0.0004370194169849295
fp_319,-0.00044108391722719187
fp_939,-0.00047757569179281606
fp_832,-0.0005042199848568352
fp_739,-0.0005207691992069607
fp_854,-0.0005300949238838948
fp_896,-0.0005383131046995393
fp_592,-0.0005736810259622249
fp_243,-0.000644615057376193
fp_710,-0.0006528465931135244
fp_461,-0.0006617661185565801
fp_978,-0.0007439774797770212
fp_745,-0.0007644602683702928
fp_848,-0.0008617079772607061
fp_469,-0.0008711386898779446
fp_510,-0.0008893290692693808
fp_667,-0.0008909437353280166
fp_253,-0.0009194492780364069
fp_690,-0.0010794102573325286
fp_664,-0.0012565205139568603
fp_650,-0.0012676962323210732
fp_969,-0.0013121254404601101
fp_210,-0.0014807082213891265
fp_225,-0.001611755389036314
fp_707,-0.0016616206001954421
fp_59,-0.0019054063800090597
fp_634,-0.006925371256369865
