idx,y_pred,y_true,residual,fold
0,4.325958581316397,5.698970004336019,1.373011423019622,1
1,4.338637995097171,3.049218022670181,-1.2894199724269901,1
2,4.338637995097171,2.903089986991944,-1.435548008105227,1
3,5.16247879257988,2.9542425094393248,-2.2082362831405553,1
4,5.708107357972064,3.90848501887865,-1.7996223390934136,1
5,4.976291468918626,3.322219294733919,-1.6540721741847073,1
6,5.501427902175434,5.301029995663981,-0.20039790651145317,1
7,5.378017034853322,4.086359830674748,-1.2916572041785734,1
8,5.395964395130746,6.035709837827862,0.6397454426971159,1
9,5.225457114894977,5.954242509439325,0.7287853945443485,1
10,5.575352328649591,3.949390006644913,-1.625962322004678,1
11,4.794222761480119,5.742725131304698,0.9485023698245785,1
12,4.293042842556629,3.661812685537261,-0.6312301570193677,1
13,5.003474925383555,3.505149978319906,-1.4983249470636495,1
14,4.895050283341032,5.0948203803548,0.1997700970137677,1
15,4.975504963064258,3.397940008672037,-1.5775649543922206,1
16,5.234323374167732,3.832508912706236,-1.401814461461496,1
17,5.187463404433992,5.6020599913279625,0.4145965868939703,1
18,4.625564963715616,5.238046103128795,0.6124811394131786,1
19,3.8301350648608308,3.0791812460476247,-0.7509538188132061,1
20,3.916469774602948,3.823474229170301,-0.09299554543264721,1
21,4.797306621614226,3.838849090737255,-0.9584575308769705,1
22,4.794850018344563,3.505149978319906,-1.2897000400246568,1
23,5.195129561021649,3.8813846567705728,-1.3137449042510765,1
24,5.089374585980774,5.576341350205793,0.48696676422501817,1
25,6.600458936976345,6.823539433656859,0.223080496680514,1
26,6.198262866890425,6.3979400086720375,0.19967714178161255,1
27,6.371174732270446,6.707570176097937,0.33639544382749076,1
28,5.907585580279071,6.107549129744687,0.19996354946561556,1
29,5.729686688716776,5.929418925714293,0.19973223699751674,1
30,6.331321105361208,6.531478917042255,0.20015781168104763,1
31,6.215194628846235,6.414973347970818,0.19977871912458323,1
32,6.17280300611917,6.372912002970106,0.2001089968509362,1
33,6.184863371173962,6.384890796530554,0.20002742535659213,1
34,5.995598489735891,6.325843928293292,0.33024543855740074,1
35,6.800189870949243,7.0,0.199810129050757,1
36,6.675302498658925,6.8750612633917,0.19975876473277498,1
37,6.524373653834639,6.835056101720117,0.31068244788547794,1
38,6.764471281396335,7.079181246047625,0.3147099646512901,1
39,4.550545803722306,4.072984744627931,-0.4775610590943753,1
40,5.31391816508533,5.113943352306837,-0.1999748127784935,1
41,4.959419073604151,5.096910013008056,0.13749093940390544,1
42,5.142271610465309,5.342422680822207,0.20015107035689805,1
43,6.040452042348022,6.2405492482826,0.20009720593457825,1
44,4.563291480048583,5.278753600952829,0.7154621209042462,1
45,5.178430877700557,5.023540521554854,-0.15489035614570312,1
46,6.106572299953883,6.361727836017593,0.2551555360637101,1
47,6.121677792791589,6.6020599913279625,0.48038219853637365,1
48,6.251905961832394,6.649334858712142,0.3974288968797479,1
49,6.121677792791589,6.041392685158225,-0.0802851076333635,1
50,5.588689522172621,5.901294817165567,0.3126052949929461,1
51,5.08695369587428,6.447158031342219,1.3602043354679392,1
52,5.830107555059939,4.681241237375588,-1.1488663176843517,1
53,5.277232727755086,4.992818520066679,-0.28441420768840686,1
54,3.8968075039791366,3.204119982655925,-0.6926875213232115,1
55,5.943454489833341,6.8750612633917,0.9316067735583591,1
56,6.561264599093899,6.8909795969896885,0.3297149978957892,1
57,6.025308629355598,6.0,-0.025308629355597745,1
58,6.0666314645086254,6.3979400086720375,0.33130854416341204,1
59,6.616216674906708,6.447158031342219,-0.16905864356448852,1
60,5.511106264815036,7.267171728403014,1.7560654635879773,1
61,5.500111313409508,4.127104798364807,-1.3730065150447004,1
62,5.800097610280989,6.0,0.19990238971901064,1
63,6.019979934236239,6.024046225131059,0.004066290894820135,1
64,3.0883491511126886,3.645422269349092,0.5570731182364033,1
65,4.43312163304012,3.146128035678238,-1.2869935973618816,1
66,3.0883491511126886,2.8750612633917,-0.2132878877209885,1
67,4.306132760622464,3.3138672203691533,-0.9922655402533112,1
68,4.586461437336821,5.905795880367869,1.3193344430310479,1
69,4.297578471539184,2.6989700043360187,-1.5986084672031655,1
70,3.7351717062225207,4.146128035678238,0.4109563294557175,1
71,3.6120096939946773,3.2430380486862944,-0.3689716453083829,1
72,3.803469147979963,2.6532125137753435,-1.1502566342046197,1
73,4.095391241948986,2.1089031276673134,-1.986488114281673,1
74,4.153490028481122,3.7781512503836434,-0.3753387780974786,1
75,4.153490028481122,3.3010299956639813,-0.8524600328171408,1
76,4.168256882686489,3.0,-1.1682568826864888,1
77,4.724673762375532,4.431363764158987,-0.2933099982165448,1
78,4.585217641961471,4.423245873936808,-0.16197176802466284,1
79,4.291067446343319,4.431363764158987,0.1402963178156682,1
80,4.1772659736377875,5.544068044350276,1.3668020707124882,1
81,4.585455989212613,3.0,-1.5854559892126128,1
82,5.432349666238279,3.1583624920952498,-2.2739871741430293,1
83,3.92355780823149,2.740362689494244,-1.1831951187372458,1
84,4.120779742214056,3.6232492903979,-0.4975304518161563,1
85,5.896287147653184,5.375092713083399,-0.521194434569785,1
86,6.268966984330345,6.361727836017593,0.09276085168724801,1
87,6.676801343931385,6.477121254719663,-0.1996800892117223,1
88,6.554317976433771,7.021189299069938,0.46687132263616693,1
89,4.978991661642871,3.413299764081252,-1.565691897561619,1
90,5.105464491433572,4.260071387985075,-0.8453931034484965,1
91,6.276215150871477,6.0,-0.27621515087147674,1
92,6.540258603042301,6.740362689494244,0.200104086451943,1
93,6.298919251643698,6.099231615080882,-0.19968763656281574,1
94,6.380444770711792,6.431363764158987,0.05091899344719497,1
95,6.616914297833825,4.6464037262230695,-1.9705105716107552,1
96,6.316823729957895,6.431363764158987,0.1145400342010916,1
97,6.070251595119339,6.19258417809083,0.12233258297149074,1
98,6.114015043464616,6.238046103128795,0.12403105966417893,1
99,6.266405617927963,6.950851458888547,0.684445840960584,1
100,6.303229363997496,4.819543935541868,-1.4836854284556278,1
101,6.367980536258036,6.612783856719736,0.24480332046169995,1
102,6.113319309277978,5.7160033436348,-0.3973159656431777,1
103,6.146212957309488,6.3979400086720375,0.2517270513625496,1
104,6.016128996842537,6.077258863692948,0.06112986685041122,1
105,6.146992961441963,6.614897216033135,0.467904254591172,1
106,5.423277810180249,5.00902574208691,-0.41425206809333837,1
107,5.603675428959802,5.37383114507383,-0.22984428388597156,1
108,6.033973935120604,6.477121254719663,0.44314731959905895,1
109,5.749477144841396,6.466867620354109,0.7173904755127127,1
110,5.81534709623641,5.188084373714938,-0.627262722521472,1
111,5.879081931375707,6.079181246047625,0.20009931467191855,1
112,6.263683789879538,6.146128035678238,-0.11755575420129993,1
113,5.884345282659813,5.326335860928752,-0.5580094217310609,1
114,5.908067952296748,6.768638101247615,0.8605701489508668,1
115,5.938622942903839,5.48572142648158,-0.4529015164222594,1
116,6.073761840664703,5.507072896756503,-0.5666889439082006,1
117,6.061701184122899,5.08361010516231,-0.9780910789605892,1
118,6.259279148777829,6.156851901070011,-0.1024272477078183,1
119,6.66725744681436,7.252853030979893,0.5855955841655334,1
120,6.516569978510365,6.301029995663981,-0.21553998284638354,1
121,6.399308762010368,6.477121254719663,0.07781249270929447,1
122,6.16947371315716,6.361727836017593,0.19225412286043309,1
123,5.878995662418146,6.079181246047625,0.20018558362947925,1
124,5.843456337445406,4.396199347095736,-1.4472569903496693,1
125,6.035205396702042,6.14705767102836,0.11185227432631795,1
126,6.367980536258036,5.195456833628169,-1.1725237026298672,1
127,6.040318617221923,5.643551368562945,-0.3967672486589784,1
128,5.8163151765411705,6.016197353512439,0.19988217697126842,1
129,5.687120887882728,6.079181246047625,0.3920603581648967,1
130,6.002189482366815,6.146128035678238,0.1439385533114228,1
131,5.800047036457147,6.0,0.1999529635428532,1
132,5.517453747650139,4.113943352306837,-1.403510395343302,1
133,6.444031319881866,6.577491799837225,0.13346047995535937,1
134,5.800385269623752,5.472756449317212,-0.32762882030653984,1
135,6.534298969234782,6.334453751150931,-0.19984521808385125,1
136,6.534445549014812,7.276921132065774,0.742475583050962,1
137,6.005677345747432,4.819543935541868,-1.1861334102055636,1
138,7.283386827443353,7.483587296968894,0.20020046952554083,1
139,7.069462368526635,8.041392685158225,0.9719303166315907,1
140,7.263613834478818,7.477121254719663,0.21350742024084468,1
141,6.337542501895135,6.479393896404411,0.14185139450927586,1
142,7.277274752196715,7.477121254719663,0.19984650252294767,1
143,6.352495386310387,6.320146286111054,-0.03234910019933235,1
144,6.292029925456277,6.3979400086720375,0.10591008321576023,1
145,6.352495386310387,6.201397124320452,-0.1510982619899348,1
146,6.605548607681177,6.986771734266245,0.3812231265850681,1
147,6.605686260855348,6.474216264076255,-0.1314699967790931,1
148,6.501084246865316,6.004136436761356,-0.4969478101039604,1
149,6.276865365046266,6.477121254719663,0.20025588967339658,1
150,7.16888900975033,8.122543524068755,0.9536545143184245,1
151,6.404403146183259,6.281033367247727,-0.12336977893553147,1
152,6.153255365586298,5.953421399681036,-0.19983396590526148,1
153,5.981009704253814,6.518513939877887,0.5375042356240733,1
154,6.468599546173393,6.348304863048161,-0.12029468312523228,1
155,1.5425897167515368,1.954242509439325,0.4116527926877882,1
156,2.3585188713509786,2.6020599913279625,0.2435411199769839,1
157,3.278238837122394,1.3010299956639813,-1.9772088414584128,1
158,2.5495592136352316,1.9549175537349588,-0.5946416599002728,1
159,4.894006797026136,2.0,-2.894006797026136,1
160,4.911576294047684,2.146128035678238,-2.765448258369446,1
161,4.449862639102571,3.164352855784437,-1.2855097833181341,1
162,3.912872531539154,1.390935107103379,-2.521937424435775,1
163,4.048651734038015,2.9552065375419416,-1.0934451964960732,1
164,3.5919695232041473,3.562292864456474,-0.029676658747673113,1
165,3.1965515014276495,1.9268567089496924,-1.2696947924779571,1
166,4.173930422942432,1.146128035678238,-3.0278023872641935,1
167,4.470660863534914,2.8512583487190755,-1.6194025148158389,1
168,3.6383281498671103,2.0,-1.6383281498671103,1
169,5.442398854623174,3.539452491549461,-1.902946363073713,1
170,3.2684964657091826,1.380211241711606,-1.8882852239975767,1
171,3.0175045088023755,2.273232834043045,-0.7442716747593305,1
172,2.89612923085529,2.57978359661681,-0.31634563423848006,1
173,3.011892465293563,0.6334684555795865,-2.378424009713976,1
174,5.8789443657172935,6.079181246047625,0.2002368803303316,1
175,5.178430877700557,5.023951707423388,-0.1544791702771695,1
176,5.8789443657172935,6.2322335211147335,0.35328915539744,1
177,4.613723606207404,3.247973266361807,-1.3657503398455968,1
178,5.689727196292921,6.302547372487486,0.6128201761945649,1
179,5.35334295154237,4.598571663482141,-0.7547712880602289,1
180,4.784151089889495,4.812913356642856,0.028762266753361132,1
181,4.464564088628791,3.562292864456474,-0.9022712241723165,1
182,5.5730331206746175,6.806179973983888,1.2331468533092709,1
183,4.613723606207404,5.782472624166286,1.1687490179588824,1
184,5.2276896815237945,6.054957596012407,0.8272679144886128,1
185,5.30253242485329,6.15124723746237,0.8487148126090807,1
186,5.001779615329986,3.9036325160842376,-1.0981470992457485,1
187,5.2063611578851265,6.501059262217751,1.2946981043326247,1
188,4.693277470809035,4.892762234615817,0.19948476380678226,1
189,5.56572485169057,7.068185861746161,1.5024610100555913,1
190,4.363655523120939,3.4800069429571505,-0.8836485801637886,1
191,4.7416819672098,4.336459733848529,-0.40522223336127094,1
192,5.199946047892983,5.0,-0.19994604789298265,1
193,5.983802440587563,6.0,0.01619755941243728,1
194,3.51745989707848,5.445604203273597,1.9281443061951173,1
195,2.5495592136352316,1.7781512503836436,-0.771407963251588,1
196,3.642707646582881,2.400537989391946,-1.242169657190935,1
197,4.396689551903041,3.0,-1.396689551903041,1
198,4.783913716391011,3.653212513775344,-1.1307012026156666,1
199,4.6315145752912255,5.0,0.36848542470877454,1
200,5.349368939388513,5.14921911265538,-0.2001498267331332,1
201,3.4812167392498163,4.101747073946366,0.6205303346965496,1
202,5.998701247845012,6.2552725051033065,0.25657125725829477,1
203,5.416804964287182,6.361727836017593,0.9449228717304115,1
204,6.221590668331656,6.421603926869831,0.2000132585381751,1
205,6.3763526778773505,6.176091259055681,-0.20026141882166915,1
206,6.196921034388842,6.113943352306837,-0.08297768208200473,1
207,6.38780027968036,6.313867220369153,-0.07393305931120686,1
208,6.204861267008902,6.544068044350276,0.3392067773413734,1
209,6.0560882666146965,5.993876914941211,-0.06221135167348546,1
210,6.344379426321038,6.544068044350276,0.19968861802923765,1
211,6.035759615362143,6.187520720836463,0.15176110547431954,1
212,6.291783549025055,6.526985068559996,0.2352015195349404,1
213,6.430374208516085,6.1003705451175625,-0.3300036633985224,1
214,4.994285234398902,5.806179973983888,0.8118947395849867,1
215,5.792571560270445,5.093421685162235,-0.6991498751082101,1
216,5.506057306786294,3.963787827345555,-1.5422694794407392,1
217,6.753323900115773,7.146128035678238,0.3928041355624652,1
218,6.248245865616251,4.792391689498253,-1.4558541761179988,1
219,6.219384209125463,6.531478917042255,0.31209470791679195,1
220,6.277770411923694,4.472024697700282,-1.805745714223412,1
221,5.768231331926447,5.315970345456917,-0.45226098646952995,1
222,6.07183170088414,6.266114049531676,0.19428234864753602,1
223,3.8736378792797748,3.397940008672037,-0.4756978706077377,1
224,6.276215150871477,6.109915863023793,-0.16629928784768389,1
225,6.93870335815518,6.342817314635733,-0.5958860435194469,1
226,3.588861331013333,2.0791812460476247,-1.5096800849657082,1
227,5.275741036378643,5.202352067809752,-0.07338896856889132,1
228,6.35793692898781,6.477121254719663,0.11918432573185278,1
229,6.430374208516085,6.137926673293154,-0.292447535222931,1
230,6.430374208516085,6.45071087814692,0.02033666963083469,1
231,6.404367733272418,6.60422605308447,0.19985831981205227,1
232,6.458193421312229,6.187520720836463,-0.2706727004757665,1
233,6.368609915483655,6.278753600952829,-0.08985631453082643,1
234,6.437619679118696,6.518513939877887,0.08089426075919093,1
235,6.22640603515637,4.342422680822207,-1.8839833543341635,1
236,6.125216394718538,5.651762447380111,-0.4734539473384265,1
237,6.702756838050594,6.903089986991944,0.20033314894134957,1
238,6.266323084708128,5.983175072037813,-0.2831480126703152,1
239,6.364395811983106,6.587710965018911,0.22331515303580574,1
240,6.364395811983106,6.5843312243675305,0.21993541238442482,1
241,5.556782859613586,5.229425847920695,-0.32735701169289033,1
242,5.916105425790847,6.136720567156407,0.2206151413655597,1
243,6.41384189388687,5.0,-1.41384189388687,1
244,6.329958735818133,6.531478917042255,0.2015201812241223,1
245,6.042063448497107,6.305351369446623,0.2632879209495167,1
246,6.41384189388687,6.477121254719663,0.06327936083279262,1
247,6.650130403613487,6.894105511777515,0.2439751081640278,1
248,5.614571725692649,6.530839778616521,0.916268052923872,1
249,6.458193421312229,6.3979400086720375,-0.060253412640191684,1
250,6.348762415599787,5.681241237375588,-0.6675211782241997,1
251,6.364395811983106,6.173186268412274,-0.19120954357083164,1
252,6.229631423198722,6.5910646070265,0.36143318382777867,1
253,6.321927344079262,7.074450718954592,0.7525233748753308,1
254,6.2863333988694166,6.486487153065907,0.2001537541964904,1
255,6.730744855994153,6.505149978319906,-0.22559487767424713,1
256,6.150669604157975,5.549003262025788,-0.6016663421321873,1
257,6.001705768727746,6.190331698170292,0.18862592944254608,1
258,6.34662016272467,6.196728722623287,-0.1498914401013831,1
259,6.258116246691538,4.968482948553935,-1.2896332981376029,1
260,6.109209044013449,6.568201724066995,0.4589926800535462,1
261,6.41384189388687,6.207580514765431,-0.20626137912143871,1
262,6.458193421312229,6.225309281725863,-0.2328841395863659,1
263,5.936937905225928,6.491361693834273,0.5544237886083447,1
264,6.0372971576698315,6.209515014542631,0.17221785687279922,1
265,6.430374208516085,6.230448921378274,-0.19992528713781077,1
266,6.258124109314972,6.361727836017593,0.1036037267026213,1
267,6.323454198540817,5.089905111439398,-1.2335490871014185,1
268,6.2702838346331,6.426511261364575,0.15622742673147538,1
269,6.004949554594217,6.095029796648452,0.0900802420542357,1
270,6.050303329742334,6.223080397831155,0.17277706808882076,1
271,5.695157288684042,5.802773725291976,0.10761643660793396,1
272,5.768231331926447,6.3979400086720375,0.6297086767455902,1
273,6.006863862489856,6.20682587603185,0.1999620135419944,1
274,6.142301348564491,6.342422680822207,0.20012133225771578,1
275,5.542006527137216,6.301029995663981,0.7590234685267649,1
276,5.676146840885115,6.505149978319906,0.8290031374347917,1
277,5.817499624450893,6.176091259055681,0.35859163460478793,1
278,6.47383445767192,7.1003705451175625,0.6265360874456425,1
279,5.781977393759524,5.836197480778925,0.0542200870194014,1
280,5.374565431037938,6.054708787938054,0.6801433569001158,1
281,6.142523226916176,6.477121254719663,0.33459802780348635,1
282,5.831981461425556,6.133644275865875,0.30166281444031906,1
283,6.0498040419283425,6.32221929473392,0.2724152528055779,1
284,6.0498040419283425,5.880813592280791,-0.16899044964755117,1
285,6.004861346336092,4.6020599913279625,-1.4028013550081297,1
286,5.749708448415658,6.02530586526477,0.275597416849112,1
287,5.277164147173903,5.477121254719663,0.19995710754575935,1
288,5.71543626437513,6.505149978319906,0.7897137139447761,1
289,6.0498040419283425,6.812913356642856,0.7631093147145132,1
290,5.6387374265166645,5.17897694729317,-0.45976047922349483,1
291,5.903764953591789,5.365487984890899,-0.5382769687008899,1
292,5.147181675774727,6.15839265038712,1.0112109746123936,1
293,5.568982164749326,4.477121254719663,-1.0918609100296637,1
294,5.789425069046675,4.453624073591451,-1.335800995455224,1
295,6.461119385542383,6.086359830674748,-0.37475955486763457,1
296,6.43969054643186,6.086359830674748,-0.35333071575711195,1
297,6.1191563719305435,6.319314304090512,0.2001579321599687,1
298,6.2416565130016295,6.477121254719663,0.2354647417180331,1
299,6.229631423198722,6.374198257929082,0.14456683473036058,1
300,6.088727394592618,6.3979400086720375,0.3092126140794198,1
301,5.387650173991997,5.187520720836463,-0.200129453155534,1
302,5.728733789603417,5.528916700277655,-0.19981708932576225,1
303,6.177944088207601,6.568201724066995,0.39025763585939366,1
304,5.58122262668274,5.0,-0.5812226266827398,1
305,5.358591206999228,6.079181246047625,0.720590039048397,1
306,5.788794415880961,4.814913181275074,-0.9738812346058872,1
307,5.726927900396107,6.384711742938283,0.6577838425421758,1
308,6.236778960252275,6.342422680822207,0.10564372056993143,1
309,5.952560074516443,6.278753600952829,0.326193526436386,1
310,6.004861346336092,6.284656282788515,0.27979493645242304,1
311,6.039354675562331,6.3560258571931225,0.31667118163079166,1
312,5.376563592934724,5.671172842715083,0.2946092497803585,1
313,6.09496090032636,6.477121254719663,0.382160354393303,1
314,5.674347464320197,5.0,-0.6743474643201974,1
315,5.862976257735709,5.852174904420303,-0.010801353315406104,1
316,5.198052455852206,5.3979400086720375,0.19988755281983117,1
317,5.939559874967737,6.139879086401237,0.2003192114334995,1
318,6.148834024426863,6.273487409697184,0.12465338527032088,1
319,5.901387885679061,6.6020599913279625,0.7006721056489011,1
320,6.298151303342976,6.337459261290656,0.039307957947679384,1
321,6.37736372996758,6.301029995663981,-0.07633373430359836,1
322,6.215836788125274,6.3979400086720375,0.18210322054676364,1
323,6.2549424114238485,6.45484486000851,0.19990244858466166,1
324,6.790083449613707,8.146128035678238,1.356044586064531,1
325,5.225068234427674,4.5820633629117085,-0.6430048715159655,1
326,6.790083449613707,5.728256359248493,-1.061827090365214,1
327,6.0331857377004745,5.71717102683231,-0.31601471086816435,1
328,5.50792977271571,6.049218022670182,0.541288249954472,1
329,5.033016840604995,6.396199347095736,1.363182506490741,1
330,6.03800025579823,5.575072325713813,-0.4629279300844171,1
331,5.9465512527159685,6.100025730107863,0.15347447739189413,1
332,5.712047176821186,4.860338006570994,-0.8517091702501922,1
333,6.488123845045433,6.489958479424835,0.0018346343794020115,1
334,6.048358265977085,6.3979400086720375,0.34958174269495235,1
335,6.079036894128376,6.3560258571931225,0.2769889630647464,1
336,5.45562381212206,4.705863712283919,-0.7497600998381415,1
337,6.106288672071397,6.182671386675478,0.07638271460408141,1
338,6.06388438253316,6.262023704606317,0.19813932207315776,1
339,5.947380035431097,6.408239965311849,0.4608599298807521,1
340,6.317318113615332,6.5910646070265,0.27374649341116886,1
341,6.272026338426141,5.876217840591642,-0.3958084978344987,1
342,4.964355281063265,6.1041455505540085,1.1397902694907431,1
343,6.185096412622439,5.978180516937414,-0.20691589568502522,1
344,6.1823597399136405,6.32221929473392,0.1398595548202799,1
345,6.0725015152386685,6.100025730107863,0.027524214869194097,1
346,6.260104079777781,5.675778341674085,-0.5843257381036961,1
347,6.200200690291816,6.0,-0.2002006902918163,1
348,5.922095176794073,6.431363764158987,0.5092685873649136,1
349,6.352727101086643,6.1525940779274695,-0.20013302315917336,1
350,6.587962186754657,6.732393759822968,0.144431573068311,1
351,5.292707008617505,4.491361693834273,-0.8013453147832319,1
352,4.369858461118016,4.77901897191487,0.40916051079685456,1
353,5.939855212181098,6.556302500767287,0.6164472885861887,1
354,4.744044080789587,4.850033257689769,0.10598917690018173,1
355,6.199962623108476,6.278753600952829,0.07879097784435274,1
356,6.262687941254504,6.4623979978989565,0.1997100566444523,1
357,6.195568284771556,6.399154333958217,0.20358604918666057,1
358,5.996531021015925,6.3979400086720375,0.40140898765611244,1
359,6.337010930747011,5.880813592280791,-0.4561973384662199,1
360,5.875201371918308,5.892094602690481,0.01689323077217253,1
361,6.073289064953411,5.7160033436348,-0.35728572131861025,1
362,6.071511553007712,6.696836730575163,0.6253251775674515,1
363,5.556782859613586,5.530481449815745,-0.026301409797841124,1
364,5.708733561214336,6.465828815357437,0.7570952541431009,1
365,5.799625953745734,6.5910646070265,0.7914386532807667,1
366,6.41384189388687,6.919078092376074,0.5052361984892038,1
367,5.9918190177851445,6.301029995663981,0.3092109778788368,1
368,6.359368793117315,6.204119982655925,-0.15524881046138983,1
369,6.10093565150483,6.301029995663981,0.20009434415915095,1
370,5.4405819574818,6.2552725051033065,0.8146905476215061,1
371,6.131943541095534,6.32221929473392,0.1902757536383861,1
372,6.017027887239781,6.378397900948138,0.3613700137083571,1
373,5.564367774710838,6.326130956710794,0.7617631819999557,1
374,6.040110521416755,4.354108439147401,-1.6860020822693542,1
375,5.901387885679061,6.396722278503773,0.49533439282471203,1
376,6.0781509500747095,5.619093330626742,-0.4590576194479672,1
377,5.755510546276984,5.766784515497859,0.011273969220875202,1
378,6.176780437508928,6.474755154291798,0.29797471678287035,1
379,6.253352562544809,6.453318340047038,0.19996577750222855,1
380,5.934836022312385,4.764176132390331,-1.170659889922054,1
381,5.788192662491658,6.227115082589125,0.43892242009746685,1
382,6.239575728426358,6.039255443806487,-0.2003202846198704,1
383,5.735931573546013,6.079181246047625,0.34324967250161187,1
384,6.122228248097882,6.387211800313731,0.264983552215849,1
385,6.0488307605310085,6.008600171761918,-0.04023058876909058,1
386,6.10037695936585,6.113943352306837,0.01356639294098727,1
387,6.022200508462497,6.222456336679247,0.2002558282167506,1
388,6.066077190010937,5.276461804173244,-0.7896153858376929,1
389,5.4754379501095025,5.275103949569196,-0.20033400054030626,1
390,6.547303810058298,6.884795363948981,0.33749155389068264,1
391,6.649496213079462,6.849419413796899,0.1999232007174374,1
392,6.597570340545593,6.7979596437371965,0.20038930319160375,1
393,6.484629363482365,7.505149978319906,1.0205206148375412,1
394,6.331168123207348,6.517723594833735,0.18655547162638708,1
395,6.415673402318739,6.6349808000512285,0.2193073977324893,1
396,6.577653059291065,6.6452748593294935,0.06762180003842833,1
397,5.58989400498078,6.270678836144707,0.6807848311639262,1
398,6.605548607681177,6.024895960107485,-0.5806526475736922,1
399,6.579852270983659,7.385606273598312,0.8057540026146528,1
400,6.605391465070826,6.501059262217751,-0.1043322028530751,1
401,6.3519520247501156,6.501059262217751,0.14910723746763566,1
402,6.577653059291065,6.7160033436348,0.1383502843437352,1
403,6.526395943406544,6.3979400086720375,-0.12845593473450645,1
404,6.47183571025612,6.2716557723522754,-0.2001799379038447,1
405,6.328922172421852,6.269512944217916,-0.05940922820393624,1
406,6.156836438085533,6.32221929473392,0.16538285664838703,1
407,6.180553017684002,5.337459261290656,-0.8430937563933458,1
408,6.556130651260697,6.755874855672492,0.19974420441179497,1
409,6.556130651260697,6.596047007545439,0.039916356284741994,1
410,6.452638905403807,6.372912002970106,-0.07972690243370106,1
411,6.268997128796628,6.227886704613674,-0.0411104241829543,1
412,5.920414132304585,6.477121254719663,0.5567071224150775,1
413,5.860750285110322,6.079181246047625,0.21843096093730274,1
414,6.19780670409605,6.3979400086720375,0.20013330457598766,1
415,4.973280488240275,4.742725131304698,-0.23055535693557694,1
416,6.226345895106063,6.278753600952829,0.05240770584676557,1
417,6.180042460620676,6.380211241711606,0.20016878109093028,1
418,6.233584289644201,5.4446692309385245,-0.7889150587056761,1
419,6.27668117125024,6.063145637106638,-0.2135355341436016,1
420,6.242366916694265,6.442479769064448,0.20011285237018317,1
421,6.2197177378436725,6.645324001562293,0.4256062637186204,1
422,6.091806001572833,5.373500477967874,-0.7183055236049585,1
423,6.1329256630395035,6.477121254719663,0.3441955916801591,1
424,5.483531892287702,5.283301228703549,-0.20023066358415242,1
425,4.989655803634857,6.176091259055681,1.186435455420824,1
426,6.068620961121815,6.57978359661681,0.511162635494995,1
427,6.0449000701029325,5.845098040014257,-0.1998020300886756,1
428,5.344631799728211,5.62797998982998,0.28334819010176826,1
429,5.945829306011047,6.146128035678238,0.20029872966719076,1
430,6.193135343665181,6.32221929473392,0.12908395106873982,1
431,6.411960282248348,6.184691430817598,-0.22726885143074949,1
432,6.179882781289151,6.6020599913279625,0.4221772100388117,1
433,6.0327904550576985,5.900312496983727,-0.1324779580739719,1
434,5.818504660821597,6.108226656374929,0.28972199555333145,1
435,6.136897598632287,6.385606273598312,0.248708674966025,1
436,6.007925132108065,6.585460729508501,0.5775355974004359,1
437,6.068748964292302,6.271841606536499,0.20309264224419632,1
438,6.253891327817296,6.401572845676446,0.14768151785914974,1
439,6.100996837678636,6.301029995663981,0.20003315798534516,1
440,5.589421449348568,5.04688519083771,-0.5425362585108582,1
441,6.268372687092326,6.068185861746161,-0.20018682534616516,1
442,5.963039433736788,6.181843587944773,0.2188041542079846,1
443,6.121945250398953,6.32221929473392,0.2002740443349671,1
444,6.3740729630627975,6.855525212731306,0.48145224966850897,1
445,5.6060803201306975,6.342422680822207,0.7363423606915092,1
446,6.437619679118696,6.447158031342219,0.009538352223523283,1
447,6.526395943406544,6.491361693834273,-0.03503424957227086,1
448,6.0729728135329974,6.32221929473392,0.24924648120092296,1
449,6.467775409033799,7.0,0.5322245909662007,1
450,6.157770561182054,6.357934847000454,0.20016428581840007,1
451,6.460671664164724,6.309757882316366,-0.1509137818483577,1
452,6.1324212898681205,5.751510050270041,-0.3809112395980794,1
453,5.714857405417244,6.290034611362518,0.5751772059452742,1
454,6.177092667454654,6.301029995663981,0.12393732820932701,1
455,6.273401859831224,6.073351702386901,-0.20005015744432253,1
456,6.256799026646281,6.057099097526547,-0.1996999291197339,1
457,6.238131056070178,6.186278103445368,-0.05185295262480949,1
458,6.229909650769388,6.301029995663981,0.0711203448945934,1
459,6.360524017768027,6.477555332198981,0.11703131443095405,1
460,5.7953457415296645,5.99563519459755,0.20028945306788515,1
461,6.021687718667316,6.204119982655925,0.18243226398860912,1
462,5.890017874471462,6.089905111439398,0.1998872369679363,1
463,5.985967680447649,5.043755126968679,-0.9422125534789698,1
464,6.194491968472416,6.394451680826216,0.19995971235379972,1
465,4.306132760622464,3.397940008672037,-0.9081927519504274,1
466,6.291335657932063,6.491361693834273,0.20002603590221035,1
467,5.3881027188616395,5.078094150406411,-0.3100085684552285,1
468,5.513989891644474,5.12057393120585,-0.3934159604386247,1
469,5.551770138863688,5.752048447819439,0.20027830895575072,1
470,5.43071491186306,5.698970004336019,0.268255092472959,1
471,5.214056105078793,4.534026106056135,-0.6800299990226577,1
472,5.964598911227821,6.164352855784437,0.19975394455661633,1
473,6.352697620825317,6.552668216112194,0.19997059528687622,1
474,5.865240275997768,6.423245873936808,0.5580055979390401,1
475,5.879111390389268,6.079181246047625,0.20006985565835667,1
476,6.708479032518744,6.9084850188786495,0.20000598635990574,1
477,6.658123187805007,6.913283901760418,0.2551607139554113,1
478,6.278978701701676,6.079181246047625,-0.19979745565405072,1
479,6.278978701701676,6.657055852857104,0.37807715115542795,1
480,4.950267129642401,4.615097451301758,-0.3351696783406428,1
481,6.664347193139433,6.962369335670021,0.2980221425305887,1
482,6.319527417812751,6.57978359661681,0.2602561788040587,1
483,5.879461573378724,6.079181246047625,0.199719672668901,1
484,6.637608685880398,6.857332496431268,0.2197238105508701,1
485,6.050066101709418,7.012837224705172,0.9627711229957541,1
486,5.852176439411146,5.950364854376123,0.09818841496497743,1
487,6.9051757217349,7.727541257028556,0.8223655352936561,1
488,6.639893403247281,7.176091259055681,0.5361978558084006,1
489,6.639893403247281,5.939758797292041,-0.70013460595524,1
490,5.33671833381672,5.136720567156407,-0.19999776666031366,1
491,5.483117544233524,6.200303182981585,0.7171856387480613,1
492,5.022627019557785,5.892094602690481,0.8694675831326961,1
493,6.625995543919563,6.826074802700826,0.20007925878126276,1
494,6.718863986577557,6.919078092376074,0.2002141057985165,1
495,5.759662927118545,5.8750612633917,0.11539833627315499,1
496,6.1010450087790895,5.176091259055681,-0.9249537497234082,1
497,6.449529027622561,6.644044492814749,0.19451546519218788,1
498,3.682751873824664,3.0791812460476247,-0.6035706277770392,1
499,6.083312278443457,6.283301228703549,0.19998895026009222,1
500,5.561097999389679,6.2878017299302265,0.7267037305405477,1
501,5.73675815815835,5.536937022704674,-0.19982113545367675,1
502,6.1010450087790895,6.301029995663981,0.19998498688489175,1
503,6.406916750471222,6.472902651803664,0.06598590133244198,1
504,5.200354668833328,5.0,-0.2003546688333282,1
505,6.331562243954773,6.531478917042255,0.19991667308748262,1
506,5.109526634774348,3.662757831681574,-1.4467688030927746,1
507,5.869271931361749,6.260548372636979,0.3912764412752301,1
508,5.998704684154767,5.301029995663981,-0.6976746884907854,1
509,6.139890498388031,6.176091259055681,0.036200760667650655,1
510,5.674747773303708,5.4996870826184034,-0.17506069068530472,1
511,5.486082962063886,5.295127085252191,-0.190955876811695,1
512,5.501203356628142,5.301029995663981,-0.20017336096416116,1
513,4.710164344554346,3.911690158753861,-0.7984741858004849,1
514,6.293623534114651,6.324282455297693,0.0306589211830417,1
515,5.520259773153171,5.72029163965499,0.2000318665018188,1
516,5.95756830676342,6.3670482644844935,0.40947995772107326,1
517,6.21260867336878,6.012837224705172,-0.19977144866360774,1
518,5.376195062727183,5.176091259055681,-0.20010380367150127,1
519,4.931192622398386,6.17897694729317,1.2477843248947833,1
520,4.624927587591091,4.329194415088451,-0.29573317250264,1
521,6.289084004710563,6.489395921727129,0.20031191701656592,1
522,5.776054331187207,4.698970004336019,-1.077084326851188,1
523,5.5858936917586215,5.294466226161593,-0.29142746559702815,1
524,5.677233119795155,5.477121254719663,-0.20011186507549272,1
525,6.142722465214415,6.1264561134318045,-0.016266351782610045,1
526,6.074014446078321,5.0,-1.074014446078321,1
527,4.780391682803167,4.02816441942447,-0.752227263378697,1
528,6.406916750471222,7.079181246047625,0.6722644955764032,1
529,6.139890498388031,6.018650576891155,-0.12123992149687535,1
530,6.074014446078321,7.049218022670182,0.975203576591861,1
531,5.795743617412276,6.556302500767287,0.760558883355011,1
532,5.415424975266578,5.615539749308947,0.200114774042369,1
533,6.471811401348545,7.017450729510536,0.5456393281619905,1
534,5.517230494408194,3.838849090737255,-1.6783814036709388,1
535,5.996330406746808,6.278753600952829,0.2824231942060207,1
536,6.281323186887488,7.079181246047625,0.797858059160137,1
537,5.34604793222839,5.181843587944773,-0.1642043442836174,1
538,5.16917728748423,5.181843587944773,0.012666300460542956,1
539,4.540628227315692,4.340444114840119,-0.200184112475573,1
540,3.8186418960116733,3.403120521175818,-0.4155213748358553,1
541,5.191062560507193,4.991226075692495,-0.19983648481469807,1
542,6.142105055869783,6.342422680822207,0.20031762495242322,1
543,5.64736318849242,5.447158031342219,-0.20020515715020082,1
544,6.54157578593889,6.741151598851785,0.1995758129128955,1
545,5.612307699708438,6.350248018334163,0.737940318625725,1
546,6.561805674990682,6.361727836017593,-0.20007783897308862,1
547,5.863861836498521,4.176091259055681,-1.6877705774428398,1
548,5.244752790067369,5.507855871695831,0.2631030816284623,1
549,6.475933918982914,6.732393759822968,0.256459840840054,1
550,6.074014446078321,4.130333768495007,-1.9436806775833135,1
551,6.121677792791589,6.290034611362518,0.16835681857092943,1
552,6.004129754633388,6.204119982655925,0.1999902280225374,1
553,6.367980536258036,6.954242509439325,0.5862619731812888,1
554,6.498919740632058,7.079181246047625,0.5802615054155673,1
555,5.5730331206746175,6.698970004336019,1.1259368836614012,1
556,6.41384189388687,6.4623979978989565,0.04855610401208654,1
557,6.556130651260697,6.698970004336019,0.14283935307532136,1
558,5.84729864105152,5.045322978786658,-0.8019756622648622,1
559,6.176737331582543,6.6020599913279625,0.4253226597454196,1
560,7.013495063334027,7.589949601325708,0.5764545379916814,1
561,6.406916750471222,6.942504106168081,0.5355873556968591,1
562,6.139890498388031,6.43569150818434,0.2958010097963095,1
563,6.074014446078321,7.079181246047625,1.0051667999693041,1
564,6.561805674990682,6.838723190031372,0.2769175150406902,1
565,6.074014446078321,6.365487984890899,0.2914735388125784,1
566,6.074014446078321,4.880813592280791,-1.1932008537975296,1
567,6.198961007082355,4.752355804153501,-1.446605202928854,1
568,5.671522514017083,6.823545953567112,1.152023439550029,1
569,5.795743617412276,6.12057393120585,0.32483031379357374,1
570,5.010286358137718,6.0,0.9897136418622816,1
571,6.044725670314591,6.119317224092021,0.07459155377742999,1
572,5.913109369435438,5.903089986991944,-0.010019382443494429,1
573,6.255951436168642,6.69284691927723,0.4368954831085876,1
574,6.471811401348545,6.672097857935717,0.2002864565871718,1
575,5.552776811926259,6.980911937776844,1.4281351258505843,1
576,5.577636388713187,7.1003705451175625,1.5227341564043755,1
577,5.947474796289365,7.176091259055681,1.2286164627663165,1
578,5.839827868717573,6.612783856719736,0.7729559880021633,1
579,5.976492553699413,6.886490725172482,0.9099981714730694,1
580,3.8791175827432323,3.4727564493172123,-0.40636113342602,1
581,6.707227081837349,6.812913356642856,0.10568627480550674,1
582,6.707227081837349,7.0,0.29277291816265105,1
583,5.6773166840820615,5.477121254719663,-0.20019542936239887,1
584,5.959832920210242,6.161368002234975,0.20153508202473347,1
585,6.067436226425319,6.3979400086720375,0.3305037822467183,1
586,5.996330406746808,7.041392685158225,1.0450622784114172,1
587,6.281323186887488,6.861534410859038,0.58021122397155,1
588,6.074014446078321,4.740362689494244,-1.3336517565840769,1
589,4.978962831520463,4.698970004336019,-0.2799928271844445,1
590,5.913759620545895,6.113943352306837,0.20018373176094162,1
591,6.430374208516085,6.431363764158987,0.0009895556429020402,1
592,6.41384189388687,6.414973347970818,0.0011314540839482135,1
593,6.258124109314972,6.146128035678238,-0.11199607363673358,1
594,5.781977393759524,6.531478917042255,0.7495015232827313,1
595,5.950019757554562,5.447158031342219,-0.5028617262123429,1
596,6.161594072573197,6.361727836017593,0.20013376344439582,1
597,4.97847280378055,4.778151250383644,-0.20032155339690583,1
598,4.789454895286569,4.31722734917642,-0.4722275461101493,1
599,5.990166846182497,6.079181246047625,0.08901439986512827,1
600,5.754106974770945,5.954242509439325,0.2001355346683802,1
601,4.868919349036582,5.484769477716173,0.6158501286795914,1
602,5.845483731726743,6.045322978786658,0.19983924705991463,1
603,4.3475367964845315,4.1476763242410986,-0.19986047224343295,1
604,5.799390719317653,6.3979400086720375,0.5985492893543842,1
605,6.3311204493819915,6.556302500767287,0.22518205138529535,1
606,6.152421015793211,6.079181246047625,-0.07323976974558555,1
607,5.225457114894977,6.079181246047625,0.8537241311526484,1
608,5.879639730980463,6.079181246047625,0.19954151506716222,1
609,5.575352328649591,5.775464809345739,0.2001124806961485,1
610,5.541305136180711,6.1068026275996505,0.5654974914189399,1
611,5.898629866974069,5.681241237375588,-0.2173886295984815,1
612,5.969576141103909,5.444825199509748,-0.5247509415941609,1
613,6.101917600594631,6.301897717195208,0.19998011660057724,1
614,6.022681394135317,6.0,-0.02268139413531678,1
615,5.858662027049929,6.018284308426531,0.15962228137660173,1
616,6.096536056004627,5.949877704036875,-0.14665835196775223,1
617,6.678502025737016,6.0,-0.678502025737016,1
618,6.113319309277978,6.161368002234975,0.04804869295699721,1
619,6.146212957309488,5.049218022670182,-1.096994934639306,1
620,6.094433300632012,6.011993114659257,-0.08244018597275549,1
621,6.066317929062235,6.315970345456917,0.2496524163946825,1
622,6.534445549014812,6.418301291319746,-0.11614425769506642,1
623,6.501084246865316,6.301029995663981,-0.20005425120133502,1
624,5.051733337874311,6.079181246047625,1.0274479081733139,1
625,6.323454198540817,6.544068044350276,0.22061384580945909,1
626,6.427817227932328,6.176091259055681,-0.2517259688766469,1
627,6.447902448474817,6.342422680822207,-0.10547976765261069,1
628,6.36326521967143,6.57978359661681,0.21651837694538045,1
629,5.907586239898772,6.0,0.09241376010122782,1
630,6.271631042761969,6.313593064521326,0.041962021759356816,1
631,6.280379180949353,6.079181246047625,-0.2011979349017281,1
632,5.969856157717345,6.033423755486949,0.06356759776960441,1
633,6.042893040190861,6.6020599913279625,0.5591669511371018,1
634,5.3724634255953925,6.36005731412298,0.9875938885275879,1
635,6.295315905931313,6.124634624019139,-0.1706812819121737,1
636,6.198961007082355,6.363611979892144,0.16465097280978913,1
637,6.12842885561551,5.707570176097937,-0.4208586795175737,1
638,6.198056697332631,6.32221929473392,0.12416259740128943,1
639,6.303317733572123,6.600972895686748,0.2976551621146255,1
640,6.078713621264757,5.9954289654317074,-0.08328465583304911,1
641,6.152421015793211,6.193124598354461,0.040703582561250506,1
642,6.032511840679145,5.45075702813707,-0.5817548125420755,1
643,6.198056697332631,6.283301228703549,0.08524453137091825,1
644,6.160065128545155,6.230448921378274,0.0703837928331188,1
645,6.0787056963392345,6.278753600952829,0.20004790461359434,1
646,5.436575357222003,5.599883072073688,0.16330771485168505,1
647,5.587770035424005,7.498310553789601,1.910540518365596,1
648,6.158050488575728,6.357934847000454,0.1998843584247263,1
649,6.020051305818728,6.220108088040055,0.20005678222132683,1
650,5.913327094885755,7.4954055631461936,1.5820784682604385,1
651,5.801304465544379,6.096910013008056,0.2956055474636772,1
652,5.954864153687811,5.149834696715785,-0.8050294569720258,1
653,5.893009392999748,6.0,0.10699060700025242,1
654,5.987765720259692,5.939808685806208,-0.04795703445348476,1
655,6.088073139443834,5.888179493918325,-0.19989364552550892,1
656,6.185407800085727,6.060697840353612,-0.1247099597321153,1
657,6.12258742000779,6.060932673519882,-0.06165474648790781,1
658,6.196145185883381,6.167317334748176,-0.028827851135205584,1
659,6.660603457427401,6.298853076409706,-0.3617503810176945,1
660,5.905052422012849,6.079181246047625,0.17412882403477603,1
661,5.80223552008165,5.663700925389648,-0.13853459469200224,1
662,5.337042278224223,6.004321373782642,0.6672790955584196,1
663,6.022681394135317,6.222716471147583,0.20003507701226653,1
664,5.709461192530464,6.079181246047625,0.3697200535171614,1
665,4.613047295908932,5.786751422145561,1.173704126236629,1
666,6.172315307948358,6.176091259055681,0.0037759511073236496,1
667,6.13229222778685,6.079181246047625,-0.05311098173922524,1
668,6.195364474164236,5.995196291597179,-0.20016818256705715,1
669,6.124789249864569,6.079181246047625,-0.04560800381694374,1
670,5.799838168539075,6.0,0.2001618314609246,1
671,5.875377087835717,6.015359755409214,0.13998266757349764,1
672,5.448355285551848,5.5301996982030825,0.08184441265123432,1
673,5.858662027049929,6.0,0.14133797295007078,1
674,5.741588226779608,6.330413773349191,0.5888255465695833,1
675,5.862209423368107,5.607455023214668,-0.25475440015343853,1
676,5.9487219795779405,6.103461622094705,0.15473964251676442,1
677,5.825128238561184,6.024731889655249,0.19960365109406553,1
678,5.898675036081769,4.711807229041191,-1.1868678070405778,1
679,6.029908757082253,5.824054205231849,-0.20585455185040402,1
680,5.81487330846572,6.301029995663981,0.4861566871982612,1
681,6.147384751482762,6.188647295999718,0.04126254451695566,1
682,6.140234052666556,6.977723605288848,0.8374895526222916,1
683,6.006317653057002,6.0,-0.0063176530570023814,1
684,6.175875232386208,4.103803720955957,-2.0720715114302504,1
685,6.055579769851664,6.103803720955957,0.04822395110429323,1
686,6.039666884459724,6.0,-0.03966688445972366,1
687,5.919123384938722,6.0,0.0808766150612783,1
688,5.926349486545744,5.342422680822207,-0.5839268057235376,1
689,5.631793714386411,6.079181246047625,0.4473875316612137,1
690,6.078500441847105,6.278753600952829,0.20025315910572417,1
691,6.1490647109646215,6.414973347970818,0.2659086370061967,1
692,6.031385820196367,5.77451696572855,-0.25686885446781726,1
693,5.899232995792466,6.377124042346456,0.4778910465539905,1
694,6.198961007082355,5.93801909747621,-0.26094190960614494,1
695,5.755079380439339,6.0,0.24492061956066102,1
696,5.581968269345023,6.332236415491443,0.7502681461464196,1
697,5.580975061522454,6.176091259055681,0.5951161975332271,1
698,5.997918495394933,6.165244326125311,0.16732583073037777,1
699,6.769373195059624,6.969415912353981,0.20004271729435708,1
700,6.420551561795154,6.3979400086720375,-0.02261155312311658,1
701,6.290262856023881,6.4269989587565375,0.13673610273265613,1
702,6.307296196224771,4.778151250383644,-1.5291449458411268,1
703,6.3352139860762815,6.380211241711606,0.04499725563532486,1
704,5.032563859144888,3.556302500767288,-1.4762613583776,1
705,6.433296658861896,6.633468455579586,0.20017179671769014,1
706,6.042941780834964,6.243038048686294,0.20009626785133072,1
707,6.104221145802905,6.187520720836463,0.0832995750335579,1
708,5.559274333178091,6.176091259055681,0.6168169258775906,1
709,5.603748742279798,4.770852011642144,-0.8328967306376542,1
710,6.197466107670523,6.3979400086720375,0.20047390100151485,1
711,6.2199994714588,6.419955748489758,0.19995627703095842,1
712,6.334512305425698,6.819543935541868,0.4850316301161701,1
713,5.3434821004086945,5.128399268717806,-0.21508283169088838,1
714,5.73618769048161,4.948070481518941,-0.7881172089626691,1
715,6.267989123561463,6.4679039465228,0.199914822961337,1
716,6.484629363482365,6.284656282788515,-0.19997308069384978,1
717,6.267989123561463,6.556302500767287,0.2883133772058235,1
718,5.355918650282579,4.858537197569639,-0.4973814527129399,1
719,5.555713612236385,5.230448921378274,-0.32526469085811094,1
720,5.382838626756874,4.728028954420519,-0.6548096723363557,1
721,5.695157288684042,4.0,-1.695157288684042,1
722,5.671522514017083,4.826074802700826,-0.8454477113162566,1
723,4.943405000678085,5.760422483423212,0.8170174827451264,1
724,5.611420218228802,5.00987563371216,-0.6015445845166418,1
725,5.3450064460062885,5.544811911757776,0.1998054657514876,1
726,5.299901861816686,5.041392685158225,-0.2585091766584604,1
727,5.510189989584873,5.61066016308988,0.10047017350500642,1
728,5.0855860816103196,5.045322978786658,-0.04026310282366197,1
729,5.0236822107249575,4.0178677189635055,-1.005814491761452,1
730,3.8455340655721404,4.022428371185487,0.17689430561334696,1
731,4.613723606207404,4.389095173354185,-0.2246284328532182,1
732,4.755215491562385,4.17897694729317,-0.5762385442692155,1
733,5.781977393759524,5.781036938621132,-0.0009404551383918047,1
734,5.0236822107249575,4.0,-1.0236822107249575,1
735,5.789398969050671,4.812913356642856,-0.9764856124078154,1
736,5.392884426198309,5.68930885912362,0.29642443292531073,1
737,5.897337161632562,5.851258348719076,-0.04607881291348548,1
738,5.260892146833545,5.189209489582306,-0.07168265725123835,1
739,5.109526634774348,4.049218022670182,-1.0603086121041665,1
740,5.795743617412276,4.7160033436348,-1.0797402737774755,1
741,5.16917728748423,6.763427993562937,1.5942507060787072,1
742,5.795743617412276,3.832508912706236,-1.9632347047060397,1
743,5.517186177412837,5.079181246047625,-0.4380049313652119,1
744,4.943405000678085,3.4771212547196626,-1.4662837459584228,1
745,5.0236822107249575,5.285557309007774,0.2618750982828164,1
746,5.557572783154575,6.2552725051033065,0.6976997219487311,1
747,5.73510894039989,4.845098040014257,-0.8900109003856329,1
748,5.553825958592793,6.079181246047625,0.5253552874548317,1
749,4.430091925902399,4.4048337166199385,-0.025258209282460697,1
750,5.894070041005739,4.79982283099332,-1.0942472100124192,1
751,5.359288223231155,6.698970004336019,1.339681781104864,1
752,4.755215491562385,3.494154594018443,-1.2610608975439423,1
753,5.582829930296667,6.079181246047625,0.4963513157509585,1
754,4.835291866552001,4.544068044350276,-0.29122382220172494,1
755,3.6041656194938785,4.1027766148834415,0.498610995389563,1
756,5.073081428015176,3.9190780923760737,-1.1540033356391026,1
757,5.718142960765609,6.0,0.2818570392343913,1
758,5.553825958592793,5.7363965022766426,0.18257054368384917,1
759,5.314880639157446,4.562173863364649,-0.752706775792797,1
760,5.4294629034406565,4.445604203273597,-0.9838587001670591,1
761,5.3175382445859425,5.477121254719663,0.15958301013372012,1
762,5.479477255568814,5.064457989226918,-0.4150192663418961,1
763,5.435204000521591,7.176091259055681,1.74088725853409,1
764,6.0713714591774215,6.041392685158225,-0.02997877401919613,1
765,6.186192303767359,5.541579243946581,-0.6446130598207782,1
766,4.974570963195741,4.994317152669637,0.019746189473895726,1
767,5.643975700505276,5.079181246047625,-0.5647944544576511,1
768,4.765595307552816,4.54282542695918,-0.22276988059363667,1
769,5.565978545855363,6.477121254719663,0.9111427088642996,1
770,5.4222790429436,5.571708831808688,0.1494297888650875,1
771,6.185174815042574,6.633468455579586,0.4482936405370124,1
772,6.357553274519826,6.363047594521094,0.005494320001267816,1
773,4.27507417882286,4.212187604403958,-0.06288657441890155,1
774,4.960413689431999,4.972619339059624,0.01220564962762527,1
775,4.39825379344918,6.079181246047625,1.6809274525984454,1
776,4.413426443398132,5.073791642808014,0.660365199409882,1
777,5.573406593871587,4.704853744566289,-0.8685528493052983,1
778,5.318396899710906,5.518513939877887,0.2001170401669814,1
779,4.413426443398132,4.953663063747091,0.540236620348959,1
780,6.112990128501592,4.792391689498253,-1.3205984390033398,1
781,4.368143233043338,4.568201724066995,0.2000584910236567,1
782,5.222140230853392,4.357172257723033,-0.8649679731303586,1
783,5.471420540959359,5.089905111439398,-0.3815154295199612,1
784,4.912725101860515,4.683947130751513,-0.2287779711090021,1
785,5.5901898440706805,5.390122251506701,-0.20006759256397988,1
786,5.677315149420611,5.477121254719663,-0.2001938947009485,1
787,6.19780670409605,6.4623979978989565,0.2645912938029067,1
788,6.064511887992317,4.76789761601809,-1.296614271974227,1
789,4.97600550942675,4.743509764728429,-0.2324957446983218,1
790,4.293042842556629,4.643452676486188,0.35040983392955916,1
791,5.611738164383221,5.811709026696192,0.19997086231297168,1
792,5.08695369587428,4.887054378050957,-0.19989931782332349,1
793,4.708381763775494,3.857332496431269,-0.8510492673442247,1
794,3.9313492901270153,3.763427993562937,-0.1679212965640784,1
795,4.28189330622667,3.544068044350276,-0.7378252618763939,1
796,4.133016220747805,3.9242792860618816,-0.2087369346859238,1
797,5.958338924121791,6.3979400086720375,0.4396010845502465,1
798,4.1937194568431995,4.382017042574868,0.18829758573166888,1
799,5.147181675774727,6.079181246047625,0.9319995702728985,1
800,5.45772573642352,5.658011396657113,0.2002856602335923,1
801,4.635189666751588,3.8790958795000727,-0.756093787251515,1
802,4.863828985582302,6.079181246047625,1.2153522604653233,1
803,4.430091925902399,4.495544337546448,0.06545241164404914,1
804,4.97600550942675,6.102135154272175,1.1261296448454248,1
805,4.97600550942675,5.176091259055681,0.200085749628931,1
806,4.504047310491664,3.462397997898956,-1.0416493125927082,1
807,5.687275234169917,6.049218022670182,0.36194278850026507,1
808,4.503681206254687,4.303196057420489,-0.20048514883419877,1
809,4.308319900184165,3.6989700043360174,-0.609349895848148,1
810,5.017806926107401,4.817565369559781,-0.20024155654761966,1
811,4.74565337695258,5.505149978319906,0.7594966013673261,1
812,4.5981093034286475,4.3979400086720375,-0.20016929475661005,1
813,4.921611975085103,4.721810615212546,-0.19980135987255654,1
814,4.287148111978045,4.505149978319906,0.21800186634186147,1
815,4.23973200804588,3.2380461031287955,-1.001685904917084,1
816,4.469306283017282,4.5910646070265,0.12175832400921838,1
817,4.622061592558159,4.8221680793680175,0.2001064868098581,1
818,5.010286358137718,3.230448921378274,-1.7798374367594443,1
819,4.524027729867139,2.6020599913279625,-1.921967738539177,1
820,4.368398246750817,3.008600171761917,-1.3597980749889,1
821,6.131189123848145,5.949390006644912,-0.18179911720323272,1
822,5.238147006698153,6.778151250383644,1.540004243685491,1
823,6.362462397602322,7.0,0.6375376023976784,1
824,5.754273227542063,5.331589240955137,-0.4226839865869261,1
825,4.881016821934754,5.176091259055681,0.2950744371209275,1
826,6.354292787947346,6.170555058521209,-0.1837377294261371,1
827,5.624029700186744,6.146128035678238,0.5220983354914939,1
828,6.270709580811409,5.982271233039568,-0.28843834777184085,1
829,5.894070041005739,6.209246848753374,0.31517680774763424,1
830,6.028764651517224,5.750045312011768,-0.27871933950545635,1
831,6.437237558496358,5.401055725771844,-1.0361818327245143,1
832,6.461119385542383,6.419129307741976,-0.0419900778004072,1
833,6.415733239657724,6.380211241711606,-0.03552199794611788,1
834,6.213588821030612,6.505149978319906,0.2915611572892942,1
835,5.88680346872619,6.204119982655925,0.31731651392973514,1
836,5.894070041005739,4.939019776448666,-0.9550502645570731,1
837,5.840493413535447,4.79309160017658,-1.0474018133588672,1
838,5.687275234169917,6.32221929473392,0.6349440605640035,1
839,6.362462397602322,6.382017042574868,0.019554644972546775,1
840,6.228068804257058,6.366982975977851,0.1389141717207929,1
841,5.991679349517079,6.176091259055681,0.18441190953860254,1
842,5.844503030623021,6.535863520712453,0.6913604900894317,1
843,5.5500661276776695,5.924279286061882,0.37421315838421254,1
844,6.186517579014013,6.0,-0.186517579014013,1
845,6.285063173765511,6.12057393120585,-0.1644892425596618,1
846,4.866955778783684,4.66661156841903,-0.200344210364654,1
847,6.369084960887458,7.0178677189635055,0.6487827580760479,1
848,5.983114968147261,6.079181246047625,0.09606627790036448,1
849,6.154782097687286,6.567144045195657,0.4123619475083711,1
850,6.035893181084589,5.414973347970818,-0.6209198331137706,1
851,6.221114883598801,6.021189299069938,-0.199925584528863,1
852,5.900432201200531,6.517195897949974,0.6167636967494428,1
853,6.102633811909841,5.934498451243568,-0.16813536066627233,1
854,5.882339483186367,6.32221929473392,0.43987981154755307,1
855,6.036550389948744,6.301029995663981,0.26447960571523765,1
856,5.727573250392021,6.531478917042255,0.803905666650234,1
857,6.00731487472584,6.003115717099806,-0.004199157626033845,1
858,5.8267146170797695,6.3979400086720375,0.571225391592268,1
859,4.12428620169514,3.9242792860618816,-0.20000691563325868,1
860,4.908555171300534,4.597826770377936,-0.31072840092259835,1
861,4.83401563562669,3.42845877351558,-1.4055568621111099,1
862,6.1191563719305435,6.4623979978989565,0.343241625968413,1
863,6.1324212898681205,6.898664858722267,0.7662435688541462,1
864,5.581477548375873,5.847276448275631,0.2657988998997576,1
865,5.879461573378724,4.530839778616521,-1.3486217947622032,1
866,5.942001291179375,6.607455023214668,0.6654537320352931,1
867,5.998704684154767,4.440909082065217,-1.5577956020895494,1
868,6.139890498388031,5.596597095626461,-0.5432934027615701,1
869,5.4374000052982545,4.275080898456858,-1.1623191068413963,1
870,5.674747773303708,5.110589710299249,-0.5641580630044594,1
871,6.171151144618613,5.041392685158225,-1.1297584594603878,1
872,6.044725670314591,7.0,0.9552743296854089,1
873,6.044725670314591,5.998808399880894,-0.04591727043369698,1
874,5.939423369971129,7.602059991327962,1.6626366213568327,1
875,6.335607462655804,5.653212513775344,-0.6823949488804599,1
876,5.359288223231155,5.0,-0.3592882232311547,1
877,5.727573250392021,4.661812685537261,-1.0657605648547603,1
878,5.955645809118421,6.7160033436348,0.7603575345163796,1
879,6.12985100327748,6.939519252618618,0.8096682493411382,1
880,3.7169479271685923,1.6334684555795864,-2.0834794715890057,1
881,3.7169479271685923,2.182300499593339,-1.5346474275752535,1
882,5.621599344441956,4.008600171761918,-1.6129991726800377,1
883,5.903928550203603,5.400710636773232,-0.5032179134303716,1
884,5.979694432574603,6.078819183098848,0.09912475052424519,1
885,5.92769987244771,4.736149402104994,-1.1915504703427162,1
886,5.685992341728995,6.0,0.31400765827100496,1
887,5.103002927455268,4.821840927200454,-0.2811620002548141,1
888,5.630677769810085,5.648360010980932,0.017682241170846602,1
889,6.001058826991611,6.3979400086720375,0.39688118168042674,1
890,6.122060952302324,7.217483944213907,1.0954229919115823,1
891,5.9308553011583145,5.050147658020303,-0.8807076431380114,1
892,4.140705955996372,3.959041392321093,-0.1816645636752794,1
893,4.961669508230199,6.477121254719663,1.5154517464894637,1
894,6.4835892382955596,7.544068044350276,1.0604788060547161,1
895,5.366418331081206,6.079181246047625,0.7127629149664187,1
896,5.694055812242657,6.146128035678238,0.4520722234355814,1
897,5.097910784975652,5.146128035678238,0.04821725070258598,1
898,5.404797417104103,5.534026106056135,0.12922868895203266,1
899,6.210492823760843,7.434568904034199,1.2240760802733561,1
900,5.54284096464186,5.826074802700826,0.2832338380589663,1
901,5.744641166141412,6.401400540781544,0.6567593746401315,1
902,5.478488624477776,6.079181246047625,0.6006926215698494,1
903,5.782917265619473,5.021189299069938,-0.7617279665495351,1
904,5.404034128116814,5.604118006192035,0.20008387807522077,1
905,5.7609087433414015,4.124504224834283,-1.6364045185071188,1
906,4.906266060708286,3.5575072019056577,-1.3487588588026282,1
907,4.479603176758638,2.9542425094393248,-1.5253606673193132,1
908,4.195459055467374,3.942008053022313,-0.25345100244506114,1
909,4.783146059509689,3.5118833609788744,-1.2712626985308146,1
910,5.412304235888856,6.621974524899735,1.2096702890108793,1
911,5.623456790505297,5.423360578084977,-0.20009621242031983,1
912,5.518484304372556,5.6776069527204935,0.1591226483479371,1
913,5.799845284558067,6.0,0.20015471544193275,1
914,5.961918775680184,6.161846959528519,0.19992818384833466,1
915,5.950043003000278,6.079181246047625,0.1291382430473469,1
916,4.33111712156544,3.103803720955957,-1.2273134006094835,1
917,7.044607627635245,7.244277120801843,0.19966949316659743,1
918,6.33398088641316,7.08278537031645,0.7488044839032897,1
919,5.990101060837582,6.133538908370218,0.14343784753263567,1
920,5.703139015170891,6.778151250383644,1.0750122352127525,1
921,7.044607627635245,7.57978359661681,0.5351759689815649,1
922,5.901621322653695,5.27415784926368,-0.6274634733900157,1
923,5.542504805788462,5.342422680822207,-0.20008212496625521,1
924,5.626012900464763,5.826074802700826,0.20006190223606257,1
925,5.369312537026279,4.359835482339888,-1.009477054686391,1
926,5.750694058574353,5.832508912706237,0.08181485413188394,1
927,4.835291866552001,3.871164132802949,-0.9641277337490517,1
928,5.45020143319141,5.426023015689876,-0.024178417501533822,1
929,7.851981570988177,8.229681842317676,0.37770027132949924,1
930,7.851981570988177,8.229681842317676,0.37770027132949924,1
931,7.11891240436954,8.414973347970818,1.2960609436012778,1
932,4.715442857110474,4.515343893088381,-0.20009896402209293,1
933,3.12456357762332,1.6989700043360187,-1.4255935732873013,1
934,4.6315145752912255,4.431363764158987,-0.20015081113223854,1
935,5.501203356628142,5.406540180433956,-0.09466317619418607,1
936,5.896914348718473,6.400365273349939,0.5034509246314656,1
937,5.577636388713187,6.301029995663981,0.7233936069507942,1
938,4.96928950097773,4.845098040014257,-0.12419146096347333,1
939,5.101521003281131,3.845098040014257,-1.256422963266874,1
940,4.715442857110474,4.845098040014257,0.1296551829037833,1
941,5.1999897433249345,6.707570176097937,1.5075804327730022,1
942,5.641825236605872,5.664641975556125,0.0228167389502536,1
943,5.081768392037419,4.342225229360791,-0.739543162676628,1
944,5.021967831299988,5.672097857935717,0.650130026635729,1
945,3.6383281498671103,3.083502619830268,-0.5548255300368421,1
946,4.108709316357649,3.3014640731433,-0.8072452432143487,1
947,5.868856039624458,5.987634987448437,0.11877894782397913,1
948,6.15168764724721,6.068185861746161,-0.08350178550104914,1
949,5.708917705867667,5.509202522331103,-0.19971518353656403,1
950,5.762045174732139,5.673020907128897,-0.089024267603242,1
951,5.854633725545638,5.892094602690481,0.037460877144842364,1
952,5.872781831636701,5.673020907128897,-0.19976092450780403,1
953,6.007280165157728,6.207095540419218,0.19981537526148951,1
954,5.642056961481128,4.176091259055681,-1.4659657024254464,1
955,6.19566884852145,5.146128035678238,-1.0495408128432118,1
956,5.952560074516443,6.533517862016968,0.580957787500525,1
957,4.812011083566524,4.4623979978989565,-0.3496130856675679,1
958,6.293623534114651,5.0,-1.2936235341146514,1
959,6.21875805268974,6.152288344383057,-0.0664697083066832,1
960,5.839827868717573,5.238522812218293,-0.6013050564992799,1
961,5.839827868717573,5.639486489268586,-0.20034137944898678,1
962,6.020051305818728,5.672097857935717,-0.3479534478830111,1
963,6.007606708330309,6.176091259055681,0.16848455072537227,1
964,5.611420218228802,5.774838005983815,0.16341778775501314,1
965,5.718142960765609,4.681241237375588,-1.036901723390021,1
966,5.877140543987731,4.017033339298781,-1.8601072046889504,1
967,5.553825958592793,6.123165370902919,0.5693394123101259,1
968,5.903928550203603,6.835500327867319,0.9315717776637156,1
969,5.979694432574603,6.078819183098848,0.09912475052424519,1
970,4.805318262973705,3.633468455579586,-1.1718498073941186,1
971,5.642056961481128,6.278753600952829,0.6366966394717011,1
972,5.978880409664056,6.32221929473392,0.34333888506986465,1
973,5.930658284751191,5.737272176535544,-0.1933861082156465,1
974,5.189434104653987,5.797267540830717,0.6078334361767297,1
975,5.84154921834749,5.371067862271736,-0.47048135607575414,1
976,5.732278538243985,5.647715410691554,-0.084563127552431,1
977,5.951556908541144,4.872738827472669,-1.0788180810684747,1
978,5.877520904458581,7.332438459915605,1.4549175554570235,1
979,4.095391241948986,3.096910013008056,-0.9984812289409306,1
980,5.976492553699413,5.146128035678238,-0.8303645180211747,1
981,5.913327094885755,7.4271224218663345,1.5137953269805795,1
982,5.685992341728995,5.0,-0.685992341728995,1
983,6.137436415361793,7.860936620700094,1.7235002053383006,1
984,5.618814884868618,5.174931593528442,-0.44388329134017557,1
985,6.656426571959095,8.09642333059527,1.439996758636175,1
986,5.900484284735963,6.021189299069938,0.12070501433397496,1
987,5.264799160790001,5.729326809646861,0.46452764885686015,1
988,5.4996845207144585,5.346352974450639,-0.15333154626381962,1
989,5.801620764449247,5.149527013754348,-0.6520937506948989,1
990,5.398820021579801,5.2552725051033065,-0.14354751647649433,1
991,5.912415927071297,6.176091259055681,0.2636753319843841,1
992,5.101121059489547,5.301029995663981,0.19990893617443461,1
993,3.191282380805809,2.6989700043360187,-0.4923123764697901,1
994,2.2933078268424687,3.0791812460476247,0.785873419205156,1
995,4.0733946758154715,2.615529223637133,-1.4578654521783387,1
996,4.354326317074451,2.650501794878367,-1.7038245221960837,1
997,3.8791175827432323,2.630427875025024,-1.2486897077182082,1
998,3.191282380805809,2.9912260756924947,-0.20005630511331418,1
999,3.3448611854292585,2.9474337218870508,-0.3974274635422077,1
1000,3.479303595768282,3.4885507165004443,0.009247120732162273,1
1001,3.710971155167366,3.510545010206612,-0.20042614496075384,1
1002,3.8363964689822163,2.419955748489758,-1.4164407204924583,1
1003,5.479265257421667,5.278753600952829,-0.20051165646883806,1
1004,5.801304465544379,6.004321373782642,0.20301690823826313,1
1005,5.630677769810085,6.176091259055681,0.545413489245596,1
1006,5.0362989954378055,5.008600171761918,-0.027698823675887496,1
1007,5.889896452092515,6.4623979978989565,0.5725015458064417,1
1008,3.329744618991117,2.886490725172482,-0.443253893818635,1
1009,6.233584289644201,6.3979400086720375,0.16435571902783686,1
1010,6.043192164254768,6.3979400086720375,0.35474784441726914,1
1011,6.112009861149508,6.246498580795801,0.13448871964629294,1
1012,5.954864153687811,5.286613631657004,-0.6682505220308066,1
1013,5.88170472215481,6.079181246047625,0.19747652389281534,1
1014,4.783913716391011,3.886490725172482,-0.8974229912185288,1
1015,5.435204000521591,5.698970004336019,0.2637660038144274,1
1016,5.76744943465111,5.704150516839799,-0.06329891781131103,1
1017,5.390724467094665,5.260071387985075,-0.13065307910958968,1
1018,5.937922585005007,5.738066714777469,-0.19985587022753748,1
1019,5.961760711414588,6.146128035678238,0.18436732426365054,1
1020,5.117815477749912,4.477121254719663,-0.6406942230302493,1
1021,5.848412241929496,6.278753600952829,0.43034135902333315,1
1022,6.300174469886681,6.365487984890899,0.06531351500421856,1
1023,6.153716257270041,6.447158031342219,0.2934417740721784,1
1024,5.971283136107997,6.0,0.028716863892002564,1
1025,6.134862063072593,6.3979400086720375,0.2630779455994441,1
1026,5.6842474263241485,5.484299839346786,-0.1999475869773626,1
1027,5.9841773401596114,7.301029995663981,1.3168526555043698,1
1028,5.821480166867853,5.954242509439325,0.13276234257147213,1
1029,6.771803184403911,6.972202838379064,0.20039965397515314,1
1030,6.100989671288964,6.301029995663981,0.20004032437501706,1
1031,6.081411472665201,6.248267603534647,0.16685613086944606,1
1032,6.073761840664703,6.301029995663981,0.22726815499927788,1
1033,6.121975221516096,6.32221929473392,0.20024407321782434,1
1034,6.27668117125024,6.380211241711606,0.10353007046136664,1
1035,6.256799026646281,6.380211241711606,0.12341221506532563,1
1036,6.199525774516367,5.603198520676098,-0.5963272538402693,1
1037,6.139105942258604,6.32221929473392,0.18311335247531613,1
1038,5.8894051388207735,6.017033339298781,0.12762820047800716,1
1039,6.153716257270041,6.197831693328903,0.04411543605886159,1
1040,6.399199273501127,7.105510184769974,0.7063109112688473,1
1041,5.961906264080789,6.373095987078727,0.4111897229979382,1
1042,5.619843525187919,5.419955748489758,-0.19988777669816127,1
1043,6.285791799458925,6.332438459915605,0.046646660456679534,1
1044,6.0662394440987875,6.079181246047625,0.01294180194883765,1
1045,6.285791799458925,6.486146996806573,0.20035519734764762,1
1046,6.375443212821804,6.174931593528442,-0.20051161929336203,1
1047,6.561264599093899,5.886490725172482,-0.6747738739214171,1
1048,5.393426232889378,5.725911632295048,0.33248539940567046,1
1049,6.537224073309084,5.413132050434872,-1.124092022874212,1
1050,6.516569978510365,6.698970004336019,0.18240002582565396,1
1051,6.521787824586875,7.519827993775719,0.9980401691888439,1
1052,6.987953925514079,7.188037055006895,0.20008312949281581,1
1053,7.16888900975033,8.071882007306126,0.9029929975557955,1
1054,5.782608090899359,5.982271233039568,0.19966314214020908,1
1055,6.790083449613707,6.973127853599698,0.1830444039859911,1
1056,6.360524017768027,6.077731179652392,-0.28279283811563527,1
1057,6.419526864035644,6.3979400086720375,-0.021586855363606716,1
1058,6.725444819513174,7.333648756514701,0.6082039370015266,1
1059,6.707227081837349,7.793755472155577,1.086528390318228,1
1060,6.707227081837349,6.0,-0.707227081837349,1
1061,6.660603457427401,6.544068044350276,-0.11653541307712523,1
1062,5.895612528876088,6.975431808509263,1.079819279633175,1
1063,6.485677251396398,6.184691430817598,-0.3009858205787994,1
1064,6.080809753691282,6.281033367247727,0.20022361355644502,1
1065,5.3324127791935005,5.012837224705172,-0.31957555448832853,1
1066,6.656426571959095,7.735997884091794,1.0795713121326989,1
1067,6.375443212821804,6.618633737597086,0.24319052477528125,1
1068,6.768973718699734,7.665017825412472,0.896044106712738,1
1069,6.56170806745814,6.361727836017593,-0.19998023144054677,1
1070,6.691033640295963,6.886490725172482,0.19545708487651936,1
1071,6.560588819569206,7.477121254719663,0.9165324351504562,1
1072,5.8954115033710375,6.079181246047625,0.18376974267658763,1
1073,6.544809802318955,6.744918542441353,0.2001087401223982,1
1074,6.707227081837349,5.2455126678141495,-1.4617144140231995,1
1075,6.662286829283452,6.698970004336019,0.03668317505256713,1
1076,6.863045436407906,7.174234304941022,0.3111888685331161,1
1077,6.375625838443128,6.047140468477217,-0.32848536996591093,1
1078,6.253494874539141,7.204119982655925,0.9506251081167836,1
1079,6.700596905987556,6.900312496983727,0.19971559099617053,1
1080,5.799874674853069,6.0,0.2001253251469306,1
1081,4.8619532940416565,4.041392685158225,-0.8205606088834312,1
1082,6.375443212821804,5.352240420182231,-1.023202792639573,1
1083,6.186192303767359,6.0,-0.18619230376735896,1
1084,6.375625838443128,6.3807537708039,0.005127932360772469,1
1085,5.875729744571551,6.07700432679335,0.2012745822217994,1
1086,5.979491390674413,6.252124552505644,0.272633161831231,1
1087,5.872559061810446,6.006037954997317,0.13347889318687045,1
1088,5.985174358667512,5.913018683747961,-0.07215567491955177,1
1089,5.905052422012849,5.742725131304698,-0.16232729070815122,1
1090,5.571826766066266,4.845098040014257,-0.7267287260520092,1
1091,6.057250799016083,5.857030798272624,-0.20022000074345936,1
1092,5.7838856424682215,6.078094150406411,0.29420850793818953,1
1093,6.182097141574193,6.382233234970556,0.20013609339636318,1
1094,5.915932866979101,6.093421685162235,0.177488818183134,1
1095,5.947801453170406,5.78625439578978,-0.16154705738062614,1
1096,5.771846046358215,5.963787827345556,0.1919417809873405,1
1097,5.89357809879511,6.093421685162235,0.19984358636712507,1
1098,5.083142952098861,4.88309335857569,-0.20004959352317098,1
1099,5.396462593857727,5.123851640967086,-0.2726109528906413,1
1100,6.229116412027563,6.176091259055681,-0.05302515297188126,1
1101,5.234323374167732,3.3010299956639813,-1.933293378503751,1
1102,6.155287331251122,6.392978186542541,0.23769085529141876,1
1103,6.364222399057008,6.463445031770428,0.09922263271342047,1
1104,6.097893411002894,5.0,-1.097893411002894,1
1105,5.844555389097874,6.544068044350276,0.699512655252402,1
1106,6.335201157706764,6.75427186868346,0.4190707109766967,1
1107,6.209741999072472,6.152288344383057,-0.05745365468941532,1
1108,6.028032871395595,6.544068044350276,0.5160351729546804,1
1109,6.015349918325455,5.187520720836463,-0.8278291974889926,1
1110,6.4108284707880205,6.776701183988411,0.3658727132003907,1
1111,5.902328565417338,5.02938377768521,-0.8729447877321279,1
1112,5.889560560666435,6.360404054729939,0.47084349406350334,1
1113,5.975854158240702,6.176091259055681,0.20023710081497903,1
1114,5.84614048269537,5.787318756624548,-0.058821726070822145,1
1115,5.680441674550611,3.89209460269048,-1.788347071860131,1
1116,4.296443006048079,4.096910013008056,-0.19953299304002314,1
1117,4.625564963715616,3.404833716619938,-1.2207312470956784,1
1118,5.5484414125272385,5.816506437046357,0.2680650245191183,1
1119,5.337042278224223,4.968482948553935,-0.3685593296702878,1
1120,4.287148111978045,3.833147111912785,-0.4540010000652597,1
1121,4.296443006048079,4.008600171761918,-0.2878428342861614,1
1122,4.91639868001902,4.0,-0.9163986800190198,1
1123,5.059355148632253,4.089905111439398,-0.9694500371928552,1
1124,5.172407791437203,3.770852011642144,-1.4015557797950589,1
1125,3.8301350648608308,3.869231719730976,0.03909665487014502,1
1126,3.916469774602948,3.206825876031849,-0.7096438985710991,1
1127,3.789998104511386,3.589949601325708,-0.2000485031856778,1
1128,3.9628974598967686,2.903089986991944,-1.0598074729048244,1
1129,4.302064047435276,4.167317334748176,-0.13474671268710026,1
1130,4.2355076847276925,4.035829825252828,-0.19967785947486405,1
1131,6.019979934236239,6.024046225131059,0.004066290894820135,1
1132,5.238335607052521,5.247973266361806,0.009637659309285063,1
1133,6.291264419130362,6.491361693834273,0.2000972747039107,1
1134,5.465724162362,4.833147111912785,-0.632577050449215,1
1135,6.067171094161169,6.334453751150931,0.26728265698976195,1
1136,6.685068977915686,7.708420900134713,1.0233519222190264,1
1137,5.894341026538477,4.698970004336019,-1.1953710222024583,1
1138,6.122057939199557,6.32221929473392,0.20016135553436332,1
1139,5.24050974873893,6.2812606870550125,1.0407509383160827,1
1140,6.030507876881634,6.230448921378274,0.19994104449664007,1
1141,5.799838168539075,5.0,-0.7998381685390754,1
1142,5.698330367290235,4.26150077319828,-1.4368295940919547,1
1143,6.420697941753412,7.077222510411053,0.6565245686576411,1
1144,6.427442872502335,7.05865374157237,0.6312108690700349,1
1145,5.200047362015599,5.0,-0.20004736201559936,1
1146,4.469306283017282,3.709269960975831,-0.7600363220414512,1
1147,4.747517698564346,3.431363764158988,-1.3161539344053583,1
1148,4.799833782885317,5.0,0.20016621711468296,1
1149,5.879176858947457,6.079181246047625,0.20000438710016777,1
1150,4.506986996946361,3.770852011642144,-0.7361349853042176,1
1151,5.9487219795779405,6.383653821462558,0.43493184188461775,1
1152,6.2197177378436725,6.281941933440825,0.06222419559715231,1
1153,5.929223375313317,6.176091259055681,0.24686788374236457,1
1154,5.663699864785224,4.195899652409234,-1.4678002123759901,1
1155,4.411540738411627,3.3010299956639813,-1.1105107427476462,1
1156,6.058915761912008,6.079181246047625,0.02026548413561713,1
1157,5.485669976518239,5.311753861055754,-0.1739161154624851,1
1158,5.059355148632253,5.041392685158225,-0.017962463474027857,1
1159,5.991985857209047,4.249198357391113,-1.7427874998179345,1
1160,5.826618968475391,5.17897694729317,-0.6476420211822216,1
1161,5.723696341520427,6.0,0.2763036584795726,1
1162,5.027896255232426,3.824125833916549,-1.2037704213158764,1
1163,5.028845502032358,3.740362689494244,-1.2884828125381143,1
1164,6.019556285980597,5.380211241711606,-0.6393450442689907,1
1165,5.07147070475499,5.271841606536499,0.20037090178150851,1
1166,6.317318113615332,5.365487984890899,-0.9518301287244322,1
1167,6.534709592039391,6.778874472002739,0.244164879963348,1
1168,6.411960282248348,5.880813592280791,-0.5311466899675565,1
1169,6.320752949180885,6.3979400086720375,0.07718705949115279,1
1170,6.203406504779538,5.518513939877887,-0.6848925649016513,1
1171,6.147384751482762,4.698970004336019,-1.4484147471467432,1
1172,6.169387174938867,6.247924190766308,0.07853701582744055,1
1173,5.9308553011583145,7.602059991327962,1.6712046901696471,1
1174,6.0252982574221186,5.553883026643875,-0.471415230778244,1
1175,5.9841773401596114,6.278753600952829,0.2945762607932174,1
1176,6.691033640295963,6.445311461756064,-0.24572217853989908,1
1177,5.816448562011764,5.622214022966295,-0.1942345390454685,1
1178,6.206785319873396,6.201397124320452,-0.0053881955529444525,1
1179,5.318191783325078,6.176091259055681,0.8578994757306031,1
1180,5.833951478865262,5.927370363039024,0.09341888417376243,1
1181,5.913242848867266,6.079181246047625,0.1659383971803594,1
1182,6.118366411332353,6.2405492482826,0.12218283695024734,1
1183,6.011118833253369,5.891147030448771,-0.1199718028045984,1
1184,5.797820853363345,6.0,0.20217914663665493,1
1185,6.034440799827104,5.847572659142112,-0.18686814068499213,1
1186,6.046356170076605,5.931966114728173,-0.11439005534843183,1
1187,5.756068798947972,5.146778989307833,-0.6092898096401385,1
1188,5.089374585980774,5.021189299069938,-0.06818528691083614,1
1189,5.526049187240749,6.0,0.4739508127592513,1
1190,5.83370421689491,6.008600171761918,0.17489595486700793,1
1191,6.019929278955916,6.220108088040055,0.20017880908413943,1
1192,5.941681796003815,6.113943352306837,0.1722615563030221,1
1193,5.843456337445406,6.257051875069349,0.4135955376239435,1
1194,4.930264958626831,5.2552725051033065,0.3250075464764759,1
1195,6.4268383521365395,6.6020599913279625,0.17522163919142297,1
1196,6.169333447218904,6.08278537031645,-0.08654807690245381,1
1197,6.007925132108065,5.181843587944773,-0.8260815441632925,1
1198,6.196944052614535,5.687261346243506,-0.509682706371029,1
1199,6.1454881127234495,6.2455126678141495,0.10002455509069996,1
1200,5.991889162053225,6.776327733563306,0.7844385715100817,1
1201,6.0882128518697245,6.056904851336473,-0.03130800053325178,1
1202,5.991939388709597,6.113943352306837,0.12200396359723964,1
1203,6.097176074431663,5.710117365111817,-0.3870587093198461,1
1204,5.958884284049696,6.008600171761918,0.04971588771222191,1
1205,6.025802708953222,5.552668216112194,-0.4731344928410284,1
1206,5.300095567001073,5.093421685162235,-0.20667388183883872,1
1207,5.786702883430214,4.6020599913279625,-1.1846428921022518,1
1208,5.930658284751191,6.0,0.06934171524880917,1
1209,5.986585778418356,5.788875115775417,-0.19771066264293946,1
1210,5.991939388709597,6.176091259055681,0.18415187034608405,1
1211,5.809187001346718,5.193124598354461,-0.6160624029922568,1
1212,5.745749690224337,5.051923916046107,-0.6938257741782303,1
1213,5.956395485385941,5.756636108245848,-0.19975937714009273,1
1214,6.0901044150331884,6.431363764158987,0.3412593491257985,1
1215,5.679955819878607,6.0,0.3200441801213927,1
1216,5.821480166867853,5.599883072073688,-0.22159709479416545,1
1217,5.916869105570485,5.716837723299524,-0.20003138227096073,1
1218,5.983908466084607,5.812913356642856,-0.17099510944175123,1
1219,6.583089010878538,7.929418925714293,1.3463299148357546,1
1220,5.187287581662649,5.079181246047625,-0.10810633561502403,1
1221,5.20487647216208,5.278753600952829,0.07387712879074915,1
1222,6.109264534583134,6.017033339298781,-0.09223119528435308,1
1223,5.6967930090088155,5.176091259055681,-0.5207017499531341,1
1224,6.279197365159001,6.079181246047625,-0.20001611911137562,1
1225,5.321409146478016,5.121559844187501,-0.19984930229051567,1
1226,5.642423604336482,4.912275210498812,-0.7301483938376698,1
1227,5.826618968475391,6.218272853571447,0.3916538850960558,1
1228,5.693331965712181,5.700617195682057,0.007285229969875573,1
1229,6.011118833253369,6.924279286061882,0.9131604528085129,1
1230,5.875301396960329,6.134495855834674,0.25919445887434467,1
1231,6.109360312436775,6.509202522331103,0.39984220989432817,1
1232,6.031896595747191,6.590507462008583,0.5586108662613922,1
1233,5.958884284049696,5.758911892397974,-0.19997239165172243,1
1234,5.960076623602151,6.079181246047625,0.11910462244547393,1
1235,5.707313472023155,5.86391737695786,0.15660390493470544,1
1236,5.9303121056422246,5.342422680822207,-0.5878894248200179,1
1237,5.6189572100489755,5.518513939877887,-0.10044327017108845,1
1238,5.9776991316911365,7.041392685158225,1.0636935534670888,1
1239,5.873901160911456,4.678518379040114,-1.1953827818713414,1
1240,5.530476973277597,6.066773037085025,0.5362960638074279,1
1241,5.865758176257606,5.899820502427096,0.03406232616949012,1
1242,5.443688271333142,7.429752280002408,1.986064008669266,1
1243,6.4128645005719935,6.612783856719736,0.1999193561477428,1
1244,6.303490471895298,6.503790683057181,0.200300211161883,1
1245,5.8954115033710375,5.240798771117332,-0.6546127322537059,1
1246,5.9667835821215,5.968482948553935,0.0016993664324349567,1
1247,6.200363502660594,6.05307844348342,-0.14728505917717438,1
1248,5.838072575830723,6.008600171761918,0.17052759593119493,1
1249,6.185174815042574,4.954242509439325,-1.2309323056032486,1
1250,6.5698080627445945,6.770115294787102,0.20030723204250744,1
1251,6.218085111113602,6.418301291319746,0.2002161802061435,1
1252,6.413216001118939,7.0220157398177205,0.6087997386987816,1
1253,2.89612923085529,1.9242792860618816,-0.9718499447934086,1
1254,4.527512073128677,4.550228353055094,0.022716279926417116,1
1255,5.376195062727183,5.856227259455358,0.48003219672817554,1
1256,5.7169917186801396,6.052936217579409,0.33594449889926903,1
1257,4.982489420572878,6.431363764158987,1.448874343586109,1
1258,4.813898179001498,3.982723387668545,-0.8311747913329532,1
1259,4.140568577525252,3.4471580313422194,-0.6934105461830322,1
1260,4.925212545563354,6.563836918664545,1.638624373101191,1
1261,4.368143233043338,2.812913356642856,-1.5552298764004822,1
1262,4.140705955996372,3.0791812460476247,-1.0615247099487477,1
1263,5.356536249630188,5.556302500767287,0.199766251137099,1
1264,4.13487877852858,4.334855689617291,0.19997691108871152,1
1265,3.0376315032154038,4.698970004336019,1.661338501120615,1
1266,4.1393972453643695,3.187520720836463,-0.9518765245279064,1
1267,5.189434104653987,4.167317334748176,-1.0221167699058116,1
1268,3.479303595768282,3.679427896612119,0.20012430084383714,1
1269,3.4589303318289266,0.6989700043360189,-2.759960327492908,1
1270,5.086282281315557,4.754883228252168,-0.33139905306338946,1
1271,4.133387113311223,2.556302500767288,-1.5770846125439353,1
1272,5.224362725174122,5.812913356642856,0.5885506314687339,1
1273,5.376195062727183,5.186815124447454,-0.18937993827972832,1
1274,4.866955778783684,4.821513528404773,-0.04544225037891092,1
1275,5.967117080062943,6.167317334748176,0.20020025468523261,1
1276,5.569554314328035,5.903089986991944,0.33353567266390893,1
1277,6.044621355135084,5.287129620719111,-0.7574917344159733,1
1278,5.573406593871587,5.773069340485962,0.19966274661437478,1
1279,5.71627156143488,5.845098040014257,0.12882647857937712,1
1280,4.704920048485162,4.505149978319906,-0.19977007016525583,1
1281,6.689657941444378,6.889301702506311,0.1996437610619326,1
1282,5.4754379501095025,5.395850376018781,-0.0795875740907217,1
1283,6.064511887992317,6.74154551677621,0.6770336287838923,1
1284,5.899148490325412,5.698970004336019,-0.20017848598939292,1
1285,4.146141572692479,3.845098040014257,-0.30104353267822237,1
1286,4.723452229506488,2.8090544272229425,-1.914397802283545,1
1287,4.685681609764541,2.505149978319906,-2.180531631444635,1
1288,3.647253357382737,3.4471580313422194,-0.20009532604051739,1
1289,3.2712043664624306,1.7993405494535817,-1.471863817008849,1
1290,3.5224876593275893,3.322219294733919,-0.20026836459367026,1
1291,3.703472046740017,1.5587085705331658,-2.144763476206851,1
1292,5.694656066517052,5.434568904034199,-0.26008716248285246,1
1293,5.360323195735892,5.926856708949693,0.566533513213801,1
1294,5.873678467232065,5.8750612633917,0.0013827961596346583,1
1295,6.2175985261837905,6.237040791379191,0.019442265195400488,1
1296,6.147971157859426,6.447158031342219,0.2991868734827934,1
1297,6.084264301472391,6.2576785748691846,0.17341427339679338,1
1298,6.4532057152509825,6.653212513775344,0.20000679852436143,1
1299,6.353025469618474,6.2552725051033065,-0.09775296451516713,1
1300,6.4835892382955596,6.531478917042255,0.04788967874669581,1
1301,5.500918042335064,5.301029995663981,-0.19988804667108262,1
1302,6.195568284771556,6.230448921378274,0.03488063660671781,1
1303,6.150890600974956,6.340444114840119,0.18955351386516295,1
1304,6.197719451157901,6.3979400086720375,0.20022055751413692,1
1305,5.657850409129008,4.346744054604849,-1.311106354524159,1
1306,6.140477982525946,6.079181246047625,-0.06129673647832057,1
1307,5.98431629389572,6.301029995663981,0.3167137017682613,1
1308,5.629581506951098,6.623249290397901,0.9936677834468028,1
1309,5.713723347650303,4.352182518111363,-1.3615408295389404,1
1310,5.969901257376843,6.1702617153949575,0.20036045801811486,1
1311,6.133953404851523,6.531478917042255,0.3975255121907324,1
1312,6.159143626748911,6.358886204405869,0.19974257765695835,1
1313,5.803044012192412,4.314288660947498,-1.4887553512449143,1
1314,5.975928614661778,6.176091259055681,0.2001626443939033,1
1315,6.291783549025055,6.091315159697223,-0.20046838932783206,1
1316,6.105277926071415,6.286456469746983,0.18117854367556774,1
1317,6.021084998142994,6.913813852383717,0.8927288542407226,1
1318,5.633676922199953,5.433321711630784,-0.20035521056916927,1
1319,6.109200848885873,6.308991029000164,0.19979018011429073,1
1320,5.318396899710906,5.361727836017593,0.043330936306687384,1
1321,4.295600599748128,4.095518042323151,-0.2000825574249765,1
1322,5.910949350313931,6.544068044350276,0.6331186940363445,1
1323,6.37969415361583,6.57978359661681,0.20008944300098008,1
1324,4.4674879526085665,2.6972293427597176,-1.7702586098488489,1
1325,5.216147888420767,4.746322765089953,-0.4698251233308133,1
1326,6.012752609221399,6.291391053078407,0.278638443857008,1
1327,6.367980536258036,6.491361693834273,0.12338115757623669,1
1328,6.198961007082355,6.113943352306837,-0.08501765477551793,1
1329,4.982489420572878,6.096910013008056,1.1144205924351782,1
1330,4.726261477814001,3.804820678721162,-0.921440799092839,1
1331,5.260451000851449,5.079181246047625,-0.18126975480382423,1
1332,4.210466018028782,2.220108088040055,-1.9903579299887273,1
1333,5.520272152429419,4.850646235183066,-0.6696259172463526,1
1334,5.8438313582510455,6.045322978786658,0.2014916205356121,1
1335,5.9918190177851445,5.791690649020118,-0.20012836876502682,1
1336,5.355918650282579,5.155609283678915,-0.20030936660366372,1
1337,5.226259591916676,5.690196080028514,0.4639364881118375,1
1338,5.234258503903561,5.000867721531227,-0.23339078237233402,1
1339,6.1804174344520515,6.806179973983888,0.6257625395318369,1
1340,5.84154921834749,6.041392685158225,0.1998434668107354,1
1341,5.526198762828988,5.656960182742849,0.1307614199138607,1
1342,5.520272152429419,6.355068206348851,0.8347960539194323,1
1343,6.124295756907772,6.324282455297693,0.199986698389921,1
1344,5.6593951205602755,5.944482672150168,0.28508755158989274,1
1345,6.197706447472908,6.3979400086720375,0.20023356119912972,1
1346,5.98740572938603,6.1702617153949575,0.18285598600892783,1
1347,5.3910331284721895,4.413634997198556,-0.9773981312736337,1
1348,6.056595092485255,5.949390006644912,-0.10720508584034238,1
1349,6.123370689686142,6.056904851336473,-0.06646583834966968,1
1350,5.6369312874310324,5.072984744627931,-0.5639465428031016,1
1351,5.497131700794491,5.697229342759718,0.20009764196522628,1
1352,5.8988571086906205,5.698970004336019,-0.19988710435460177,1
1353,6.308725426525652,6.664547962246547,0.35582253572089506,1
1354,6.616216674906708,6.937016107464814,0.32079943255810583,1
1355,6.739409073313792,7.531478917042255,0.7920698437284637,1
1356,6.040318617221923,6.240798771117332,0.2004801538954082,1
1357,6.136912623943492,6.012837224705172,-0.12407539923832012,1
1358,6.420371297605712,6.44870631990508,0.028335022299367907,1
1359,6.112990128501592,6.580468783951002,0.46747865544940925,1
1360,6.210492823760843,5.778151250383644,-0.43234157337719914,1
1361,5.932075356874092,5.732393759822968,-0.1996815970511241,1
1362,5.466595298210276,4.954242509439325,-0.5123527887709507,1
1363,6.420371297605712,6.857332496431268,0.4369611988255562,1
1364,5.915768815492408,5.308393649976259,-0.6073751655161486,1
1365,6.076907655128608,6.277090960334402,0.20018330520579397,1
1366,6.05716908644982,5.857332496431268,-0.1998365900185517,1
1367,5.699400264792186,5.0,-0.6994002647921862,1
1368,5.611203621450541,5.301029995663981,-0.31017362578656016,1
1369,3.92355780823149,4.123851640967086,0.20029383273559587,1
1370,5.440820287356401,4.505149978319906,-0.9356703090364951,1
1371,5.776054331187207,6.32221929473392,0.5461649635467136,1
1372,5.863935515660264,4.505149978319906,-1.3587855373403581,1
1373,5.982290971112935,4.568201724066995,-1.4140892470459399,1
1374,4.282061501470643,4.900367128656471,0.618305627185828,1
1375,5.7457721175861165,5.477121254719663,-0.2686508628664539,1
1376,6.102633811909841,6.496791315700042,0.3941575037902014,1
1377,5.4996845207144585,4.486713775982485,-1.0129707447319731,1
1378,5.84614048269537,6.32221929473392,0.4760788120385504,1
1379,5.756068798947972,6.504701881045554,0.748633082097582,1
1380,4.133387113311223,2.146128035678238,-1.9872590776329853,1
1381,4.046695622691415,1.4471580313422192,-2.599537591349195,1
1382,3.405845224194481,3.113943352306837,-0.29190187188764405,1
1383,3.9645760809041515,4.826074802700826,0.8614987217966745,1
1384,5.760374225945372,4.247973266361806,-1.512400959583566,1
1385,4.594134489195554,5.0,0.4058655108044462,1
1386,5.361659373025645,5.653212513775344,0.2915531407496985,1
1387,6.0698799851988365,5.653212513775344,-0.4166674714234926,1
1388,5.743295491529013,6.204119982655925,0.46082449112691215,1
1389,5.878798194046068,6.079181246047625,0.20038305200155726,1
1390,6.176780437508928,6.3979400086720375,0.2211595711631098,1
1391,5.42366552501672,5.223755453657241,-0.19991007135947836,1
1392,6.067436226425319,5.079181246047625,-0.9882549803776941,1
1393,6.176780437508928,6.778151250383644,0.6013708128747162,1
1394,5.471420540959359,5.585460729508501,0.11404018854914177,1
1395,6.168071670000038,5.845098040014257,-0.32297362998578105,1
1396,5.917110381154728,5.934498451243568,0.017388070088840024,1
1397,6.067436226425319,5.771587480881255,-0.29584874554406415,1
1398,5.795613199217391,6.653212513775344,0.8575993145579526,1
1399,5.642714424848739,5.903089986991944,0.2603755621432047,1
1400,5.445890719247268,5.002166061756507,-0.44372465749076095,1
1401,6.462841220938355,6.662757831681574,0.19991661074321954,1
1402,6.1710149758386,6.071882007306125,-0.09913296853247466,1
1403,4.646838199717433,2.6766936096248664,-1.9701445900925663,1
1404,5.142271610465309,4.184691430817598,-0.9575801796477101,1
1405,5.511106264815036,4.933993163831242,-0.5771131009837944,1
1406,5.449584441981685,5.3979400086720375,-0.0516444333096473,1
1407,5.800047036457147,6.57978359661681,0.7797365601596633,1
1408,5.800044404042924,6.0,0.1999555959570758,1
1409,4.6694930618278185,4.469365398766434,-0.20012766306138463,1
1410,5.178523702260357,4.252853030979893,-0.9256706712804634,1
1411,5.2795622987271,5.079181246047625,-0.20038105267947515,1
1412,5.996330406746808,6.491361693834273,0.4950312870874649,1
1413,5.996330406746808,6.278753600952829,0.2824231942060207,1
1414,4.789204124441072,3.892651033877301,-0.8965530905637715,1
1415,4.912725101860515,5.079181246047625,0.1664561441871104,1
1416,5.082361740738651,4.787743771646467,-0.29461796909218485,1
1417,5.404034128116814,5.575187844927661,0.17115371681084657,1
1418,5.445964824741161,4.56157836830096,-0.8843864564402004,1
1419,5.195465110481857,7.133858125203335,1.9383930147214778,1
1420,5.108956252111546,5.221674997070769,0.1127187449592233,1
1421,3.8363964689822163,3.6972293427597176,-0.13916712622249872,1
1422,4.62861916536558,5.041392685158225,0.412773519792645,1
1423,6.253494874539141,5.442479769064448,-0.8110151054746932,1
1424,6.253494874539141,7.397940008672037,1.1444451341328952,1
1425,5.680441674550611,6.690196080028514,1.0097544054779028,1
1426,6.122057939199557,6.079181246047625,-0.04287669315193199,1
1427,5.331333903979894,4.064457989226918,-1.2668759147529762,1
1428,4.933025252916332,3.686636269262293,-1.2463889836540392,1
1429,5.443688271333142,5.168939213835978,-0.2747490574971634,1
1430,4.6897036138316555,5.32221929473392,0.632515680902265,1
1431,5.095529317470948,4.895201474778894,-0.2003278426920545,1
1432,6.076907655128608,6.079181246047625,0.0022735909190174652,1
1433,5.2489584960759155,4.473924693416158,-0.7750338026597579,1
1434,5.648748900237779,5.931966114728173,0.28321721449039394,1
1435,5.2989489880807,4.93981866282138,-0.3591303252593203,1
1436,5.172961837632186,5.732393759822968,0.5594319221907824,1
1437,4.646838199717433,3.3010299956639813,-1.3458082040534514,1
1438,5.2574760883271,4.57978359661681,-0.6776924917102898,1
1439,6.524373653834639,6.57978359661681,0.055409942782171484,1
1440,6.228419301757676,7.19942604159399,0.971006739836314,1
1441,6.595711560784574,6.795880017344075,0.200168456559501,1
1442,4.071400786125357,4.0,-0.07140078612535739,1
1443,5.6160169504039406,5.532384880503846,-0.08363206990009431,1
1444,6.122228248097882,6.32221929473392,0.19999104663603884,1
1445,6.143770261648132,6.176091259055681,0.03232099740754979,1
1446,5.5124800719608755,5.311965660368366,-0.2005144115925095,1
1447,6.3311204493819915,6.531478917042255,0.20035846766026388,1
1448,5.640437502810536,6.079181246047625,0.4387437432370893,1
1449,4.816359922746683,4.301029995663981,-0.5153299270827016,1
1450,6.031675343785003,5.491361693834273,-0.54031364995073,1
1451,6.142722465214415,6.185542154854375,0.042819689639960856,1
1452,5.6764780193368365,5.301029995663981,-0.37544802367285524,1
1453,5.945495704642835,4.892372907398436,-1.0531227972443986,1
1454,5.980940135364122,6.176091259055681,0.1951511236915593,1
1455,5.224362725174122,6.491361693834273,1.2669989686601513,1
1456,3.756143238617606,3.556302500767288,-0.19984073785031775,1
1457,5.410150824005794,4.089905111439398,-1.320245712566396,1
1458,4.343925223758035,4.653212513775344,0.30928729001730915,1
1459,5.9960302851171665,5.221022805204841,-0.7750074799123254,1
1460,5.855825882211107,5.698970004336019,-0.15685587787508837,1
1461,6.924188049330224,7.342422680822207,0.41823463149198226,1
1462,6.131189123848145,6.176091259055681,0.044902135207536276,1
1463,6.252747361998429,6.414973347970818,0.16222598597238935,1
1464,6.77796694479438,6.977723605288848,0.19975666049446783,1
1465,1.5425897167515368,1.3424226808222062,-0.2001670359293306,1
1466,3.1489077328689903,2.7481880270062,-0.4007197058627905,1
1467,4.282533336950172,2.4553017716570764,-1.8272315652930953,1
1468,4.584255131674125,5.7160033436348,1.1317482119606757,1
1469,5.277106756997723,4.765072201102792,-0.5120345558949309,1
1470,5.200311403573206,5.0,-0.2003114035732061,1
1471,5.022008836683071,0.1139433523068367,-4.908065484376234,1
1472,3.5919695232041473,1.6989700043360187,-1.8929995188681286,1
1473,5.162182432154504,2.1357685145678222,-3.0264139175866815,1
1474,4.704388186190794,2.560420774091161,-2.143967412099633,1
1475,5.9854963956444704,6.041392685158225,0.055896289513754915,1
1476,5.1348638288495465,5.334453751150931,0.19958992230138417,1
1477,4.156531407259755,1.7442929831226763,-2.4122384241370787,1
1478,4.470660863534914,1.576226137449605,-2.8944347260853096,1
1479,5.247334951062086,2.143014800254095,-3.1043201508079914,1
1480,4.715442857110474,-0.15864053,-4.874083387110474,1
1481,3.12456357762332,3.0293837776852097,-0.09517979993811032,1
1482,4.505739002905719,0.0791812460476248,-4.426557756858094,1
1483,4.5169397922019785,3.8750612633917,-0.6418785288102784,1
1484,2.89612923085529,2.146128035678238,-0.750001195177052,1
1485,5.5904281711642945,5.688419822002711,0.09799165083841643,1
1486,5.2910133852973535,1.3010299956639813,-3.9899833896333723,1
1487,5.761006983026322,3.9542425094393248,-1.806764473586997,1
1488,4.253331504715665,2.6232492903979003,-1.6300822143177647,1
1489,5.361659373025645,0.0,-5.361659373025645,1
1490,4.761500864299866,4.778151250383644,0.01665038608377767,1
1491,5.247334951062086,2.143014800254095,-3.1043201508079914,1
1492,6.035317656600719,3.903089986991944,-2.1322276696087745,1
1493,5.542759664562343,3.633468455579586,-1.909291208982757,1
