idx,y_pred,y_true,residual
0,4.892692,5.698970,-0.806278
1,3.732743,3.049218,0.683525
2,3.732562,2.903090,0.829472
3,4.884848,2.954243,1.930605
4,5.117878,3.908485,1.209393
5,4.666447,3.322219,1.344227
6,4.774681,5.301030,-0.526349
7,5.020398,4.086360,0.934038
8,5.672366,6.035710,-0.363344
10,5.341335,3.949390,1.391945
12,4.094666,3.661813,0.432853
13,4.761313,3.505150,1.256163
14,3.939386,5.094820,-1.155434
15,4.780942,3.397940,1.383002
16,5.153111,3.832509,1.320602
17,5.393853,5.602060,-0.208207
18,4.186755,5.238046,-1.051291
19,3.760620,3.079181,0.681439
20,3.575736,3.823474,-0.247739
21,4.271384,3.838849,0.432535
22,4.118787,3.505150,0.613637
23,4.644487,6.041393,-1.396906
24,5.161655,3.881385,1.280270
25,5.003404,5.576341,-0.572938
26,6.528070,6.823539,-0.295469
27,6.380133,6.397940,-0.017807
29,6.627781,6.397940,0.229841
30,5.663247,6.558709,-0.895462
31,5.663066,6.107549,-0.444484
32,5.620427,4.193681,1.426746
33,6.213598,5.929419,0.284179
34,6.122561,6.531479,-0.408918
35,6.258654,6.414973,-0.156319
37,6.380212,6.384891,-0.004679
39,7.395968,7.000000,0.395968
40,6.591478,6.875061,-0.283583
41,6.646035,6.835056,-0.189022
42,6.783773,7.079181,-0.295408
43,5.601575,4.072985,1.528590
44,5.578829,5.113943,0.464886
45,3.995644,5.096910,-1.101266
46,5.460149,5.342423,0.117726
47,6.029352,6.240549,-0.211197
48,4.220634,5.278754,-1.058120
49,6.002771,6.255273,-0.252502
50,5.322654,5.023541,0.299113
51,5.810589,6.313867,-0.503278
52,6.131116,6.361728,-0.230612
53,6.164541,6.602060,-0.437519
54,5.726619,6.649335,-0.922716
55,6.164179,6.041393,0.122786
56,5.549530,5.901295,-0.351765
58,5.905637,4.681241,1.224395
59,5.979572,5.815046,0.164526
60,5.204452,4.992819,0.211634
62,6.188432,6.875061,-0.686630
63,6.645800,6.890980,-0.245179
64,6.306883,6.000000,0.306883
65,5.220835,4.500374,0.720462
66,5.529335,6.397940,-0.868605
67,6.366930,6.447158,-0.080228
68,5.681701,7.267172,-1.585471
69,5.958384,5.045714,0.912670
70,6.246618,6.230449,0.016169
71,4.126613,4.127105,-0.000492
72,5.888997,6.000000,-0.111003
73,6.555768,5.715167,0.840600
74,6.287225,6.024046,0.263179
76,4.127344,3.146128,0.981216
77,2.406848,2.875061,-0.468213
78,3.509049,3.301030,0.208019
80,4.351117,5.905796,-1.554678
81,4.144365,2.698970,1.445395
82,3.425928,4.146128,-0.720200
83,3.254111,3.243038,0.011073
84,3.874257,2.653213,1.221044
85,4.166330,2.108903,2.057427
86,4.112023,3.778151,0.333872
87,4.111842,3.301030,0.810812
88,4.375189,3.000000,1.375189
91,4.493460,4.431364,0.062096
92,4.335209,5.544068,-1.208859
93,3.715911,3.000000,0.715911
94,4.553506,3.158362,1.395144
95,3.705720,2.740363,0.965358
96,3.868096,3.623249,0.244847
97,5.967865,5.375093,0.592772
98,6.167485,6.361728,-0.194243
99,5.993723,6.409933,-0.416210
100,6.819545,6.477121,0.342424
101,6.226572,7.021189,-0.794617
102,5.287024,3.413300,1.873725
103,5.203715,4.260071,0.943644
104,6.168659,6.000000,0.168659
105,6.139836,6.740363,-0.600527
106,6.478063,6.099232,0.378831
107,6.288938,6.431364,-0.142426
109,6.239383,6.142702,0.096681
110,6.242654,6.431364,-0.188710
111,6.439289,6.192584,0.246705
112,6.118332,6.238046,-0.119714
113,6.093858,6.950851,-0.856994
115,5.578240,4.716504,0.861736
116,6.126921,6.612784,-0.485863
117,6.023946,5.716003,0.307943
119,5.933809,6.077259,-0.143450
120,6.236176,6.614897,-0.378721
121,5.420162,5.009026,0.411136
122,5.511367,5.373831,0.137536
123,5.919083,6.477121,-0.558038
124,5.867474,4.862251,1.005223
125,6.150959,6.466868,-0.315909
126,6.300096,5.188084,1.112012
127,6.184958,6.079181,0.105777
128,5.832829,6.146128,-0.313299
129,5.940686,5.326336,0.614350
130,5.886379,6.768638,-0.882259
131,6.149726,5.485721,0.664005
132,6.157119,5.507073,0.650046
134,6.354249,6.156852,0.197397
135,6.606552,5.676694,0.929858
136,7.254164,7.252853,0.001311
137,6.548601,6.301030,0.247571
138,5.827593,6.477121,-0.649528
139,6.257100,6.361728,-0.104628
140,5.866985,6.079181,-0.212196
141,5.546433,4.396199,1.150234
142,6.030555,6.147058,-0.116502
143,6.122035,5.195457,0.926578
144,6.326776,5.643551,0.683225
145,5.478990,6.016197,-0.537207
146,6.462020,6.079181,0.382839
147,6.035506,6.146128,-0.110622
148,5.641004,6.000000,-0.358996
149,4.063852,4.113943,-0.050092
150,6.036750,6.577492,-0.540742
151,6.839169,5.472756,1.366413
152,6.398450,6.334454,0.063997
153,6.457969,7.276921,-0.818952
154,4.851763,4.819544,0.032219
155,7.043470,7.483587,-0.440117
156,7.661635,8.041393,-0.379758
157,7.249768,7.477121,-0.227353
158,7.146529,6.479394,0.667135
159,7.454432,7.477121,-0.022690
160,6.475326,6.320146,0.155180
161,6.204135,6.397940,-0.193805
162,6.153530,6.113943,0.039587
163,6.474783,6.201397,0.273386
164,6.538054,6.986772,-0.448718
165,6.377485,6.474216,-0.096732
166,6.274510,6.004136,0.270373
167,6.486894,6.477121,0.009773
168,6.170371,6.434888,-0.264517
170,6.362843,6.281033,0.081809
171,6.298615,5.953421,0.345193
173,6.428036,6.556423,-0.128387
174,6.353388,6.348305,0.005083
175,-0.155541,1.954243,-2.109784
177,2.218807,1.301030,0.917777
178,2.135498,1.954918,0.180580
179,3.051562,2.000000,1.051562
180,2.814796,2.146128,0.668668
181,2.706368,3.164353,-0.457985
182,3.026726,1.390935,1.635790
183,3.395895,2.955207,0.440688
184,3.059970,3.562293,-0.502323
185,2.801789,1.926857,0.874933
186,3.344652,1.146128,2.198524
187,3.234412,2.851258,0.383154
188,3.061833,2.000000,1.061833
189,3.790912,3.539452,0.251460
190,2.875001,1.380211,1.494790
192,2.116988,2.579784,-0.462795
193,2.415659,0.633468,1.782190
194,4.590440,6.079181,-1.488741
195,5.296415,5.023952,0.272463
196,4.590078,6.232234,-1.642155
197,4.817859,3.247973,1.569886
198,5.077833,6.302547,-1.224714
199,5.398359,4.598572,0.799788
200,4.796196,4.812913,-0.016717
201,4.862251,3.562293,1.299958
202,5.431423,6.806180,-1.374757
203,4.816774,5.782473,-0.965699
204,5.020394,6.054958,-1.034563
205,6.001503,6.151247,-0.149744
206,5.463792,3.903633,1.560160
207,4.488984,6.501059,-2.012075
208,5.288794,4.892762,0.396032
209,7.164103,7.068186,0.095917
210,4.949849,3.480007,1.469842
211,4.326666,4.336460,-0.009794
212,5.259313,5.000000,0.259313
213,5.586788,6.000000,-0.413212
214,3.401311,5.445604,-2.044293
215,2.128802,1.778151,0.350651
216,3.130429,2.400538,0.729891
217,4.639726,3.000000,1.639726
218,4.878706,3.653213,1.225493
219,4.265473,5.000000,-0.734527
220,5.399818,5.149219,0.250599
221,3.369247,4.101747,-0.732500
222,5.827745,6.255273,-0.427528
223,5.746864,6.361728,-0.614864
224,6.338224,6.421604,-0.083380
225,6.400803,6.176091,0.224712
226,6.378154,6.113943,0.264210
227,6.303505,6.313867,-0.010362
228,6.328843,6.544068,-0.215225
229,6.292873,5.993877,0.298996
230,6.437303,6.544068,-0.106765
231,6.126526,6.187521,-0.060995
232,6.224816,6.526985,-0.302169
233,6.347377,6.100371,0.247007
235,5.693569,5.093422,0.600147
236,4.687006,3.963788,0.723218
237,5.391136,6.075145,-0.684009
238,6.853215,7.146128,-0.292913
239,4.733360,4.792392,-0.059032
240,6.547027,6.863323,-0.316296
241,6.170088,6.531479,-0.361391
242,6.137054,4.472025,1.665029
243,5.828391,5.315970,0.512421
244,6.081322,6.266114,-0.184792
245,3.414929,3.397940,0.016989
246,6.142964,6.109916,0.033048
247,6.379745,6.539076,-0.159331
248,6.563036,6.342817,0.220218
249,3.087775,2.079181,1.008594
251,6.338729,6.409764,-0.071035
252,6.828828,6.477121,0.351706
253,6.343758,6.137927,0.205831
254,6.343577,6.450711,-0.107134
256,6.711311,6.187521,0.523791
257,6.534062,6.278754,0.255309
258,6.414482,6.518514,-0.104032
259,5.939783,4.342423,1.597360
260,6.293611,5.651762,0.641849
261,6.056846,6.301969,-0.245124
262,6.777653,6.903090,-0.125437
263,5.944630,5.983175,-0.038546
265,6.555385,6.584331,-0.028946
266,5.022898,5.229426,-0.206528
267,5.774305,6.136721,-0.362415
268,6.301477,5.000000,1.301477
269,6.275048,6.531479,-0.256431
270,5.787530,4.292256,1.495274
271,6.467094,6.371068,0.096026
272,6.279816,6.305351,-0.025536
273,6.300572,6.477121,-0.176549
274,6.923579,6.894106,0.029474
275,6.227784,6.477121,-0.249337
276,5.677700,6.530840,-0.853140
277,6.707511,6.397940,0.309571
279,6.552852,6.173186,0.379666
280,6.163300,6.591065,-0.427765
281,7.834556,7.074451,0.760105
282,6.110485,6.486487,-0.376002
283,6.551941,6.505150,0.046791
285,6.219138,6.190332,0.028806
286,6.496901,6.196729,0.300172
287,4.984444,4.968483,0.015961
288,6.074154,6.568202,-0.494048
289,5.443543,4.913814,0.529729
290,6.297496,6.207581,0.089915
291,6.704978,6.225309,0.479669
292,6.710140,6.491362,0.218778
293,6.226241,6.209515,0.016726
294,6.336339,6.230449,0.105890
295,6.320425,6.361728,-0.041303
296,6.193616,5.089905,1.103711
297,6.326099,6.426511,-0.100412
298,5.615056,6.095030,-0.479974
299,6.395224,6.223080,0.172143
300,6.309573,6.456366,-0.146793
301,5.589651,5.802774,-0.213123
302,5.817715,6.397940,-0.580225
303,5.803190,5.603642,0.199547
304,6.222987,6.206826,0.016161
305,6.040330,6.342423,-0.302092
306,5.449013,6.301030,-0.852017
307,5.631955,6.505150,-0.873195
308,6.230584,6.176091,0.054493
309,7.092830,7.100371,-0.007541
310,5.679408,5.836197,-0.156789
311,5.271064,6.054709,-0.783645
312,6.532765,6.477121,0.055644
313,5.517799,6.133644,-0.615846
314,5.779568,6.322219,-0.542651
315,5.779387,5.880814,-0.101426
316,5.310654,6.477121,-1.166467
317,5.545344,4.602060,0.943284
318,5.906035,6.025306,-0.119270
319,4.920505,5.477121,-0.556617
320,5.736643,6.505150,-0.768507
321,5.778302,6.812913,-1.034612
322,5.650593,5.178977,0.471616
323,5.832937,5.365488,0.467449
324,5.366516,6.158393,-0.791877
325,4.984505,4.477121,0.507384
326,5.687543,4.453624,1.233919
327,6.551465,6.086360,0.465105
328,6.246782,6.086360,0.160422
329,6.032439,6.319314,-0.286876
330,6.272260,6.477121,-0.204861
331,6.154071,6.374198,-0.220127
332,5.435426,6.397940,-0.962514
333,5.193251,5.187521,0.005730
334,6.315200,5.528917,0.786284
335,6.028781,6.568202,-0.539421
336,5.209426,5.000000,0.209426
337,5.193333,6.079181,-0.885848
339,6.100626,5.081707,1.018918
340,5.766749,6.384712,-0.617963
341,5.996346,6.342423,-0.346077
342,6.381138,5.671173,0.709965
343,5.589495,6.278754,-0.689258
344,5.540458,6.284656,-0.744198
345,5.538465,6.356026,-0.817560
346,5.394733,5.671173,-0.276439
348,5.007958,5.000000,0.007958
349,5.711949,5.852175,-0.140226
350,5.310508,5.397940,-0.087432
351,6.083497,6.139879,-0.056383
352,6.311796,6.273487,0.038308
353,6.174315,6.320624,-0.146309
354,5.893364,6.602060,-0.708696
355,6.318827,6.337459,-0.018633
356,6.490698,6.301030,0.189668
358,6.274920,6.454845,-0.179925
359,6.768079,8.146128,-1.378049
360,5.688147,4.582063,1.106084
361,6.781869,6.272306,0.509563
362,6.767536,5.728256,1.039279
363,6.179086,5.717171,0.461915
364,5.452452,6.049218,-0.596766
365,5.249771,6.396199,-1.146429
366,6.498450,5.550228,0.948222
367,5.576202,5.575072,0.001130
368,5.943297,6.100026,-0.156729
369,5.798749,4.860338,0.938411
370,6.848728,6.489958,0.358770
371,6.149118,6.397940,-0.248822
373,5.127840,4.705864,0.421976
374,5.467041,4.833147,0.633894
375,5.909099,6.182671,-0.273573
376,6.071786,6.262024,-0.190238
377,5.703056,6.408240,-0.705184
378,6.425904,6.591065,-0.165160
379,6.391813,5.876218,0.515595
380,6.122555,6.104146,0.018409
381,6.083360,4.630123,1.453237
382,5.970799,6.591065,-0.620265
383,6.181956,5.978181,0.203775
384,6.266748,6.322219,-0.055471
385,6.048590,6.100026,-0.051436
387,6.271125,6.000000,0.271125
388,5.808990,6.431364,-0.622374
390,6.511900,6.732394,-0.220494
391,5.477472,4.491362,0.986110
392,5.141720,4.779019,0.362701
393,6.525499,6.556303,-0.030804
394,4.229389,4.850033,-0.620644
397,6.194915,6.399154,-0.204239
398,5.846544,6.397940,-0.551396
399,6.103018,5.880814,0.222205
400,6.005790,5.892095,0.113695
401,5.484869,5.716003,-0.231134
402,5.644375,6.696837,-1.052462
403,4.998107,5.530481,-0.532375
404,6.088864,6.465829,-0.376965
405,5.607682,6.591065,-0.983383
406,6.276505,6.919078,-0.642573
407,5.997137,6.301030,-0.303893
408,6.345580,6.380211,-0.034631
409,6.403032,6.204120,0.198912
410,6.376483,6.301030,0.075453
411,5.632917,6.073106,-0.440189
413,6.205551,6.322219,-0.116668
414,5.797348,5.866287,-0.068939
415,6.051173,6.318063,-0.266891
416,6.050992,6.368101,-0.317109
418,5.528357,6.326131,-0.797774
419,5.654908,4.354108,1.300799
420,5.881421,6.396722,-0.515301
421,5.644080,5.619093,0.024987
422,4.224322,3.698970,0.525352
423,5.732723,5.766785,-0.034062
424,6.187442,6.474755,-0.287313
425,5.682189,5.643453,0.038736
426,5.612532,6.453318,-0.840787
427,5.135000,4.764176,0.370824
428,5.792398,6.227115,-0.434717
429,5.418209,6.039255,-0.621047
430,5.797615,6.079181,-0.281566
431,6.068719,6.387212,-0.318493
432,5.798364,5.575072,0.223292
433,6.416485,6.539076,-0.122591
434,5.628327,6.008600,-0.380273
435,6.036043,6.113943,-0.077900
436,6.302461,6.222456,0.080005
437,6.058369,5.276462,0.781908
438,6.386404,6.301030,0.085374
439,6.278654,5.275104,1.003550
440,5.608856,6.884795,-1.275940
441,6.929269,6.849419,0.079850
442,6.740144,6.797960,-0.057816
443,6.520189,7.505150,-0.984961
445,6.418215,6.634981,-0.216765
446,6.550475,6.645275,-0.094799
447,5.101166,6.270679,-1.169513
448,6.486662,6.024896,0.461766
450,6.738696,6.284453,0.454243
451,6.784089,6.501059,0.283030
452,6.401663,6.501059,-0.099396
453,6.549209,6.716003,-0.166795
455,6.726516,6.271656,0.454860
457,6.378784,6.322219,0.056565
458,6.354310,5.337459,1.016850
459,6.387735,6.755875,-0.368140
461,6.284579,6.372912,-0.088333
462,6.276705,4.484300,1.792406
463,6.676085,6.227887,0.448198
464,5.538058,6.477121,-0.939063
465,5.772181,6.079181,-0.307000
466,6.179897,6.397940,-0.218043
467,5.461460,4.742725,0.718735
468,6.128107,6.278754,-0.150647
469,6.202043,6.380211,-0.178169
470,6.411264,5.444669,0.966595
471,6.418283,6.436957,-0.018674
472,6.418476,6.063146,0.355330
473,6.408276,6.442480,-0.034204
474,6.428661,6.645324,-0.216663
476,5.978211,6.477121,-0.498910
477,5.552825,5.283301,0.269524
478,5.301998,6.176091,-0.874093
479,6.044032,6.579784,-0.535752
480,6.239310,5.845098,0.394212
481,5.385867,5.627980,-0.242113
482,6.129956,6.146128,-0.016172
483,5.715162,6.528737,-0.813575
484,6.010195,6.322219,-0.312024
485,6.527363,6.184691,0.342671
486,6.194901,6.602060,-0.407159
487,5.937445,5.900312,0.037133
488,5.675692,6.108227,-0.432534
489,5.980786,6.385606,-0.404820
490,5.828502,6.585461,-0.756959
492,6.295958,6.401573,-0.105614
493,4.992258,3.724276,1.267982
494,5.237691,6.176091,-0.938400
495,4.664831,6.176091,-1.511261
496,6.443043,6.301030,0.142013
497,6.010801,5.046885,0.963916
500,6.106626,6.322219,-0.215593
502,5.405204,6.342423,-0.937219
503,6.370147,6.447158,-0.077011
505,5.975905,6.322219,-0.346314
506,6.330038,7.000000,-0.669962
507,6.123285,6.357935,-0.234649
508,6.590341,6.309758,0.280583
509,6.071495,5.751510,0.319985
510,5.232850,6.290035,-1.057184
511,6.354652,6.301030,0.053622
512,6.614268,6.073352,0.540917
513,6.361864,6.057099,0.304765
514,6.215701,6.186278,0.029423
515,6.318139,6.301030,0.017109
516,6.811297,6.477555,0.333742
517,5.496394,5.995635,-0.499241
518,5.768334,6.204120,-0.435786
519,5.455537,6.089905,-0.634368
520,5.684821,5.043755,0.641066
521,5.489483,6.394452,-0.904969
522,3.916821,3.397940,0.518881
523,5.852139,6.491362,-0.639222
524,5.861271,5.078094,0.783177
525,5.434687,5.120574,0.314113
526,5.246441,5.548758,-0.302317
527,5.622720,5.752048,-0.129329
528,5.217865,5.698970,-0.481105
529,5.477137,5.008600,0.468537
530,5.683234,6.000000,-0.316766
531,5.491233,4.534026,0.957207
532,5.589773,6.164353,-0.574580
533,6.550183,6.552668,-0.002485
534,5.202321,6.423246,-1.220925
535,6.194969,6.079181,0.115787
536,6.406808,6.908485,-0.501677
537,6.970988,6.913284,0.057704
538,6.309749,6.079181,0.230568
540,5.720894,4.615097,1.105797
541,5.957298,6.962369,-1.005071
542,6.132590,6.579784,-0.447193
543,5.966249,5.959041,0.007208
544,5.708068,6.079181,-0.371113
545,6.140872,6.857332,-0.716461
546,5.781823,7.012837,-1.231014
547,5.322842,5.950365,-0.627523
548,7.161423,7.727541,-0.566118
549,6.686152,7.176091,-0.489940
550,6.685971,5.939759,0.746212
551,7.168859,6.592177,0.576682
552,5.502229,5.136721,0.365508
553,4.776447,6.200303,-1.423856
554,5.213329,5.892095,-0.678766
555,7.557118,6.826075,0.731043
556,6.177511,6.919078,-0.741567
558,6.142220,5.176091,0.966128
559,6.416129,6.644044,-0.227916
560,2.958324,2.778151,0.180173
561,5.332853,6.079181,-0.746328
562,2.341460,3.079181,-0.737721
563,5.820608,6.283301,-0.462694
564,6.188887,6.287802,-0.098915
565,6.271257,5.536937,0.734320
566,6.140772,6.301030,-0.160258
567,6.174197,6.472903,-0.298705
569,6.198508,6.531479,-0.332971
570,5.559186,6.033424,-0.474237
571,4.273841,3.662758,0.611083
572,5.915293,6.260548,-0.345255
573,5.806631,5.301030,0.505601
574,5.939372,6.176091,-0.236719
575,5.317697,5.499687,-0.181990
576,5.696432,5.295127,0.401305
577,5.092643,5.301030,-0.208387
578,3.681808,3.911690,-0.229882
579,5.880105,6.324282,-0.444177
580,5.596859,5.720292,-0.123433
581,5.987781,6.367048,-0.379267
582,6.197003,7.204120,-1.007117
583,6.737011,6.012837,0.724174
584,5.229587,5.176091,0.053496
585,6.144473,6.278982,-0.134509
586,5.111135,6.178977,-1.067842
588,5.228863,6.002166,-0.773303
589,6.733079,6.489396,0.243684
590,4.915416,5.000000,-0.084584
591,5.229883,5.000000,0.229883
592,5.526991,4.698970,0.828021
594,5.966050,5.477121,0.488928
596,6.202556,5.000000,1.202556
597,5.848230,4.028164,1.820066
598,6.168588,7.079181,-0.910593
599,5.934849,6.018651,-0.083802
600,6.201832,7.049218,-0.847386
601,5.587183,6.556303,-0.969119
602,5.994899,7.176091,-1.181192
603,5.751568,5.615540,0.136028
605,4.151440,3.838849,0.312591
606,5.720621,6.278754,-0.558133
607,5.997304,7.079181,-1.081878
608,5.597426,5.181844,0.415582
609,5.016383,5.181844,-0.165461
610,4.550925,4.340444,0.210481
611,3.404370,3.403121,0.001250
612,5.324178,4.991226,0.332952
613,5.728132,6.342423,-0.614291
614,5.281432,5.447158,-0.165727
615,6.531439,6.741152,-0.209713
617,6.364916,6.361728,0.003189
618,5.750267,4.176091,1.574176
619,5.439727,5.507856,-0.068129
620,6.419154,6.732394,-0.313240
621,6.198032,4.130334,2.067698
622,6.061577,6.290035,-0.228458
623,6.172110,6.204120,-0.032010
624,6.034995,6.954243,-0.919247
625,6.812218,7.079181,-0.266964
626,5.354697,6.698970,-1.344273
627,6.236513,6.462398,-0.225885
628,6.357154,6.698970,-0.341816
629,6.039709,6.334454,-0.294744
630,5.827632,5.045323,0.782309
631,6.186910,6.544068,-0.357158
632,5.950144,6.602060,-0.651916
633,6.869432,7.589950,-0.720518
634,6.162073,6.942504,-0.780431
635,5.928334,6.435692,-0.507357
636,6.195318,7.079181,-0.883863
637,6.361297,6.838723,-0.477426
638,6.194956,6.365488,-0.170532
639,6.194775,4.880814,1.313961
640,6.091800,4.752356,1.339444
641,5.488559,6.823546,-1.334987
642,5.579764,6.120574,-0.540810
643,5.269224,6.000000,-0.730776
644,5.935871,6.119317,-0.183447
645,5.126264,5.903090,-0.776826
646,6.236313,6.692847,-0.456534
647,6.368312,6.672098,-0.303786
648,5.717010,6.980912,-1.263902
649,5.113220,7.100371,-1.987150
650,6.924632,7.176091,-0.251460
651,5.900683,6.612784,-0.712101
653,4.216632,3.472756,0.743876
654,6.675130,6.812913,-0.137784
655,6.674949,7.000000,-0.325051
656,5.558845,5.477121,0.081724
658,6.105532,6.397940,-0.292408
659,5.711030,7.041393,-1.330363
660,5.987713,6.861534,-0.873821
661,6.190794,4.740363,1.450431
663,6.105983,6.113943,-0.007960
664,5.326250,5.716003,-0.389753
665,6.269204,6.431364,-0.162160
666,6.229456,6.414973,-0.185517
668,5.614626,6.531479,-0.916853
669,5.586230,5.447158,0.139072
670,6.236833,6.361728,-0.124894
672,4.323615,4.317227,0.006387
673,6.178850,6.079181,0.099669
674,5.597807,5.954243,-0.356435
676,5.608475,6.045323,-0.436848
677,5.270199,4.147676,1.122522
678,5.731426,6.397940,-0.666514
679,6.008109,6.556303,-0.548194
680,5.981768,6.079181,-0.097414
681,4.795640,6.079181,-1.283541
682,5.381002,6.079181,-0.698180
683,5.219551,5.775465,-0.555913
684,4.723136,6.106803,-1.383667
685,5.875068,5.681241,0.193826
686,5.762611,5.444825,0.317785
687,6.261840,6.301898,-0.040058
688,6.334220,6.000000,0.334220
689,6.026172,6.018284,0.007888
690,5.640833,5.949878,-0.309044
691,7.371218,6.000000,1.371218
692,5.919896,6.161368,-0.241472
693,6.158134,5.049218,1.108916
694,5.946598,6.011993,-0.065395
695,6.478893,6.315970,0.162923
696,6.359710,6.418301,-0.058591
698,5.155747,6.079181,-0.923435
699,6.120691,6.544068,-0.423378
700,6.430275,6.176091,0.254184
701,6.240458,6.342423,-0.101965
702,6.233276,6.579784,-0.346508
703,6.076345,6.000000,0.076345
704,6.631270,6.313593,0.317677
705,6.191233,6.079181,0.112052
706,6.296108,5.623249,0.672859
707,5.833778,6.033424,-0.199646
709,5.467047,6.360057,-0.893011
710,6.079133,6.261427,-0.182294
711,6.366764,6.124635,0.242129
712,6.078771,6.363612,-0.284841
714,6.263065,6.322219,-0.059154
715,6.488903,6.600973,-0.112070
716,5.982279,5.995429,-0.013150
718,6.028750,5.450757,0.577993
719,6.262160,6.283301,-0.021141
720,5.428545,4.380211,1.048334
721,6.187122,6.230449,-0.043327
722,5.931315,6.278754,-0.347438
724,5.151772,4.153205,0.998567
725,6.102085,7.498311,-1.396225
726,6.251223,6.357935,-0.106712
727,6.100017,4.963788,1.136229
729,5.891812,7.495406,-1.603594
730,5.837505,6.096910,-0.259405
733,5.761784,5.939809,-0.178025
736,6.064158,5.814394,0.249764
737,6.105307,6.060933,0.044375
740,5.968505,6.079181,-0.110676
741,5.667076,5.663701,0.003375
742,5.241689,6.004321,-0.762632
743,6.324268,6.222716,0.101551
744,6.090495,6.079181,0.011314
745,4.815193,5.786751,-0.971558
746,6.287326,6.176091,0.111235
747,6.082161,6.079181,0.002979
748,6.442956,5.995196,0.447759
749,6.020408,6.079181,-0.058773
751,6.071371,6.015360,0.056011
752,5.172637,5.530200,-0.357563
754,6.267169,6.330414,-0.063244
755,5.937270,5.607455,0.329815
756,6.404467,6.103462,0.301005
757,5.808853,6.024732,-0.215879
758,5.697431,4.711807,0.985624
759,5.807780,5.824054,-0.016274
761,6.214237,6.188647,0.025590
762,6.205889,6.977724,-0.771834
763,6.055805,6.000000,0.055805
764,6.058026,4.103804,1.954223
765,6.059985,6.720573,-0.660587
766,6.195450,6.103804,0.091646
767,5.944097,6.000000,-0.055903
768,6.364573,6.000000,0.364573
769,5.865196,5.342423,0.522773
770,6.067771,6.079181,-0.011410
771,5.891840,6.278754,-0.386914
772,6.091092,6.414973,-0.323881
773,5.984514,5.774517,0.209998
774,5.434698,6.377124,-0.942426
775,6.067371,5.938019,0.129352
776,5.424507,6.000000,-0.575493
777,5.586883,6.332236,-0.745353
778,6.072004,6.176091,-0.104087
779,5.863385,6.165244,-0.301859
780,6.922394,6.969416,-0.047021
781,6.389037,6.447158,-0.058121
782,6.116383,6.729165,-0.612781
784,6.389711,6.426999,-0.037288
785,5.758066,4.778151,0.979915
786,6.278154,6.380211,-0.102058
787,6.094090,6.397940,-0.303850
788,5.301662,3.556303,1.745359
789,6.492318,6.633468,-0.141151
790,5.937346,6.243038,-0.305692
791,6.118764,6.187521,-0.068756
792,5.404920,6.176091,-0.771171
793,5.997700,4.770852,1.226848
794,6.481628,6.397940,0.083688
795,6.073263,6.419956,-0.346693
796,6.365078,6.819544,-0.454466
797,5.221673,5.128399,0.093274
798,5.622677,4.948070,0.674606
799,6.047050,6.467904,-0.420853
800,6.455588,6.284656,0.170932
801,6.046689,6.556303,-0.509614
802,5.826707,4.858537,0.968170
803,5.463030,5.230449,0.232581
804,5.322789,4.728029,0.594760
805,5.498449,4.000000,1.498449
806,5.949671,6.049218,-0.099547
807,5.458520,4.826075,0.632446
808,4.843871,5.760422,-0.916551
809,3.977523,4.041393,-0.063870
810,5.166057,5.009876,0.156181
811,5.161428,5.029384,0.132044
812,5.497197,5.544812,-0.047615
813,5.352235,5.041393,0.310842
815,4.814390,5.045323,-0.230933
816,4.933809,4.017868,0.915942
817,4.259356,5.961895,-1.702540
818,3.603104,4.022428,-0.419325
819,5.385241,4.468347,0.916893
820,5.644490,5.748188,-0.103698
821,4.704943,4.389095,0.315848
822,4.921658,4.178977,0.742681
824,4.932362,4.000000,0.932362
826,5.192154,5.689309,-0.497154
827,5.920362,5.851258,0.069104
829,4.227154,4.049218,0.177936
830,5.545744,4.716003,0.829741
831,4.976211,6.763428,-1.787217
832,5.545382,3.832509,1.712873
833,5.263053,5.079181,0.183872
834,4.839166,3.477121,1.362045
835,4.930371,5.285557,-0.355186
836,6.164388,6.255273,-0.090884
837,5.113682,4.845098,0.268584
838,6.011274,6.079181,-0.067907
839,4.619288,4.404834,0.214454
840,5.804600,4.799823,1.004777
841,5.285754,6.698970,-1.413216
842,4.918039,3.494155,1.423884
843,5.529142,6.079181,-0.550039
844,5.718196,4.017033,1.701162
845,5.066893,4.544068,0.522825
846,4.463104,3.342423,1.120681
847,3.297247,4.102777,-0.805530
849,5.250385,6.000000,-0.749615
851,5.358061,4.562174,0.795887
852,5.479655,4.445604,1.034051
853,5.303574,5.477121,-0.173548
854,5.338441,5.064458,0.273983
855,5.566740,7.176091,-1.609351
856,5.826356,6.041393,-0.215037
857,6.023927,5.541579,0.482348
858,4.943996,4.994317,-0.050321
859,5.674838,5.079181,0.595656
860,4.708663,4.542825,0.165837
861,5.684467,6.477121,-0.792654
862,5.526216,5.571709,-0.045493
863,5.862292,6.633468,-0.771177
864,6.583833,6.363048,0.220785
865,4.597877,4.212188,0.385689
866,5.411833,4.972619,0.439214
867,4.978882,6.079181,-1.100299
869,5.447026,4.704854,0.742172
870,4.905652,5.518514,-0.612862
871,4.514230,4.953663,-0.439433
873,4.895280,4.117271,0.778009
874,5.206237,6.397940,-1.191703
876,4.268149,4.357172,-0.089023
877,5.451434,5.089905,0.361529
878,5.056932,4.683947,0.372985
879,5.333615,5.903090,-0.569475
880,5.738022,5.390122,0.347900
881,5.808138,5.477121,0.331017
883,5.980814,4.767898,1.212916
886,4.863444,5.811709,-0.948265
887,5.088796,4.887054,0.201742
888,5.000392,3.857332,1.143060
889,3.279896,3.792392,-0.512495
891,3.853575,3.544068,0.309507
892,3.509086,3.924279,-0.415193
893,6.076525,6.397940,-0.321415
895,5.263190,6.079181,-0.815992
896,5.334637,5.658011,-0.323374
897,4.868947,3.879096,0.989851
898,5.120286,6.079181,-0.958895
899,4.608431,4.495544,0.112886
900,4.297890,6.102135,-1.804245
901,4.297709,5.176091,-0.878382
902,4.618917,3.462398,1.156519
903,5.482840,6.049218,-0.566378
904,4.745857,4.303196,0.442661
905,4.142068,3.698970,0.443098
906,4.929711,4.817565,0.112146
907,5.037568,5.505150,-0.467582
909,5.254183,4.721811,0.532372
910,4.389255,4.505150,-0.115895
911,3.235146,3.238046,-0.002900
913,4.278831,4.822168,-0.543337
914,5.220185,3.230449,1.989736
915,4.577321,2.602060,1.975261
916,4.739697,3.008600,1.731096
917,5.867644,5.949390,-0.081746
918,4.926382,6.778151,-1.851770
920,5.336913,5.331589,0.005324
921,4.459598,5.176091,-0.716493
922,6.241735,6.170555,0.071180
923,5.561618,6.146128,-0.584510
925,5.789218,6.209247,-0.420028
926,6.369899,5.750045,0.619854
927,6.403325,5.401056,1.002269
928,6.442711,6.419129,0.023581
929,6.512942,6.380211,0.132731
930,6.343396,6.505150,-0.161754
931,5.696747,6.204120,-0.507373
932,5.787952,4.939020,0.848932
935,6.662542,6.382017,0.280525
936,6.143696,6.366983,-0.223287
937,5.648005,6.176091,-0.528086
938,5.321589,6.535864,-1.214275
939,5.425023,5.924279,-0.499256
940,6.060888,6.062206,-0.001318
941,6.027775,6.000000,0.027775
942,6.386873,6.120574,0.266299
943,5.458895,4.666612,0.792284
944,6.308588,7.017868,-0.709280
946,5.767033,6.567144,-0.800112
948,5.767618,6.021189,-0.253572
949,6.773834,6.517196,0.256638
950,5.756480,5.934498,-0.178019
951,5.651302,6.322219,-0.670917
952,5.918675,6.301030,-0.382355
954,6.221171,6.003116,0.218056
955,5.655096,6.397940,-0.742844
956,3.934600,3.924279,0.010321
957,5.036801,4.597827,0.438974
959,5.918436,6.462398,-0.543962
960,5.989884,6.898665,-0.908781
961,5.524194,5.847276,-0.323082
962,5.528267,5.441789,0.086478
963,5.632248,4.530840,1.101408
964,6.599087,6.607455,-0.008368
965,5.735697,4.440909,1.294787
966,5.868438,5.596597,0.271841
968,5.246581,5.110590,0.135991
971,5.876698,5.998808,-0.122110
972,5.773723,7.602060,-1.828337
973,6.154380,5.653213,0.501167
974,5.261687,5.000000,0.261687
975,5.617975,4.661813,0.956162
976,6.008714,6.716003,-0.707289
978,4.196612,4.249027,-0.052415
979,2.733601,1.633468,1.100133
980,2.733420,2.182300,0.551120
981,5.244997,4.008600,1.236397
982,5.582787,5.400711,0.182076
983,5.633872,6.078819,-0.444948
984,5.603135,4.736149,0.866985
985,5.690282,6.000000,-0.309718
986,5.165122,4.821841,0.343281
987,5.635794,5.648360,-0.012566
988,6.086002,6.397940,-0.311938
989,5.906534,7.217484,-1.310950
990,6.017593,5.050148,0.967445
991,4.931545,3.959041,0.972503
992,4.864320,6.477121,-1.612801
993,6.435580,7.544068,-1.108488
994,3.939307,6.079181,-2.139875
995,4.942899,6.146128,-1.203229
996,5.725752,5.146128,0.579624
997,5.494806,5.534026,-0.039220
998,6.076734,7.434569,-1.357835
999,5.228948,5.826075,-0.597126
1000,5.535213,6.401401,-0.866187
1001,5.009817,6.079181,-1.069365
1002,5.785283,5.021189,0.764094
1003,5.390781,5.604118,-0.213337
1004,5.667464,4.124504,1.542960
1005,3.505151,3.557507,-0.052356
1006,3.935437,2.954243,0.981195
1007,4.106892,3.942008,0.164884
1008,3.915687,3.511883,0.403803
1009,6.179155,6.621975,-0.442820
1010,6.153307,5.423361,0.729946
1011,5.861205,5.677607,0.183598
1012,5.537783,6.000000,-0.462217
1013,5.798743,6.146128,-0.347385
1014,6.212526,6.161847,0.050679
1015,6.033266,6.079181,-0.045915
1016,2.952219,3.103804,-0.151585
1017,6.476343,7.244277,-0.767934
1018,6.076680,7.082785,-1.006105
1019,6.094425,6.133539,-0.039114
1020,6.023207,6.778151,-0.754945
1021,6.475619,7.579784,-1.104164
1022,5.657771,5.274158,0.383613
1023,5.604144,5.342423,0.261722
1025,3.944231,4.359835,-0.415604
1026,6.359758,6.763428,-0.403670
1027,5.402529,5.832509,-0.429979
1028,5.033778,3.871164,1.162614
1029,5.444803,5.426023,0.018780
1033,3.963988,4.515344,-0.551356
1034,1.826412,1.698970,0.127442
1036,5.009584,5.406540,-0.396956
1037,6.289021,6.400365,-0.111344
1038,5.042828,6.301030,-1.258202
1039,4.428179,4.845098,-0.416919
1040,4.784467,3.845098,0.939369
1041,3.962540,4.845098,-0.882558
1043,4.065794,6.386677,-2.320884
1044,5.701091,5.664642,0.036449
1045,4.040649,4.342225,-0.301577
1046,4.398698,5.672098,-1.273400
1047,2.906391,3.083503,-0.177111
1049,6.230144,5.987635,0.242509
1050,6.186107,6.506505,-0.320398
1051,6.175001,6.068186,0.106816
1053,5.571201,5.673021,-0.101820
1054,5.895272,5.892095,0.003178
1055,6.088472,5.673021,0.415452
1056,5.693971,6.207096,-0.513125
1057,5.535294,4.176091,1.359203
1058,5.914446,5.146128,0.768318
1059,5.459931,6.533518,-1.073587
1060,4.476687,4.462398,0.014289
1061,5.792884,5.000000,0.792884
1062,6.008532,6.152288,-0.143757
1063,5.826129,5.238523,0.587606
1064,5.825948,5.639486,0.186461
1066,5.661511,6.176091,-0.514580
1067,5.119551,5.774838,-0.655287
1068,5.210756,4.681241,0.529515
1069,5.310429,4.017033,1.293396
1070,5.969293,6.123165,-0.153873
1071,5.566682,6.835500,-1.268819
1072,5.617767,6.078819,-0.461053
1073,3.509864,3.633468,-0.123604
1074,5.532218,6.278754,-0.746536
1075,5.532037,3.819873,1.712164
1076,5.450761,6.322219,-0.871459
1077,5.809858,5.737272,0.072586
1078,5.275246,3.886491,1.388755
1079,4.881700,5.797268,-0.915568
1080,5.543866,5.371068,0.172798
1081,5.180189,5.647715,-0.467527
1082,5.342565,4.872739,0.469826
1083,5.794273,7.332438,-1.538165
1084,3.985555,3.096910,0.888645
1085,5.930186,5.146128,0.784058
1086,5.827211,7.427122,-1.599912
1087,5.671824,5.000000,0.671824
1088,6.104628,7.860937,-1.756309
1089,5.745579,5.174932,0.570647
1090,6.412350,8.096423,-1.684074
1091,6.073433,6.021189,0.052243
1092,5.535553,5.729327,-0.193773
1093,5.286055,5.346353,-0.060298
1094,5.780978,5.149527,0.631451
1095,5.448250,5.255273,0.192978
1096,5.724933,6.176091,-0.451158
1099,0.918786,3.079181,-2.160396
1100,4.102138,2.615529,1.486609
1101,2.726151,2.650502,0.075649
1102,4.135383,2.630428,1.504955
1103,4.395867,3.556303,0.839564
1104,2.159411,2.991226,-0.831815
1105,3.193306,2.947434,0.245872
1106,3.266526,3.488551,-0.222024
1107,3.166755,3.510545,-0.343790
1108,3.654171,2.419956,1.234215
1109,5.633708,5.278754,0.354955
1110,5.768742,6.004321,-0.235579
1111,5.613355,6.176091,-0.562736
1112,4.845961,5.008600,-0.162639
1113,5.998247,5.819544,0.178703
1114,5.770281,5.600973,0.169308
1115,5.909662,6.462398,-0.552736
1116,2.916838,2.886491,0.030348
1119,6.133436,6.246499,-0.113063
1120,6.030460,5.286614,0.743847
1121,5.885534,6.079181,-0.193647
1122,4.715121,3.886491,0.828631
1123,5.518244,5.698970,-0.180726
1124,5.874531,5.704151,0.170381
1125,6.158016,5.260071,0.897945
1126,6.307154,5.738067,0.569087
1127,6.186768,6.146128,0.040640
1129,6.157145,6.278754,-0.121608
1130,6.416761,6.365488,0.051273
1131,6.164357,6.447158,-0.282801
1132,6.147658,6.000000,0.147658
1133,6.120632,6.397940,-0.277308
1134,4.873115,5.938920,-1.065805
1135,5.996820,5.484300,0.512520
1136,6.274692,7.301030,-1.026338
1137,6.116441,5.954243,0.162198
1138,5.487315,6.602060,-1.114745
1139,6.674930,6.972203,-0.297273
1141,6.170121,6.248268,-0.078146
1142,6.000573,6.380211,-0.379638
1143,5.974172,6.301030,-0.326858
1144,5.781328,6.322219,-0.540891
1145,6.296692,6.380211,-0.083519
1146,6.247319,6.380211,-0.132892
1147,6.033148,5.603199,0.429950
1148,6.245741,6.322219,-0.076479
1149,5.932620,6.017033,-0.084413
1150,6.160919,6.197832,-0.036913
1151,6.124948,6.171481,-0.046532
1152,6.269379,7.105510,-0.836131
1153,5.492174,6.373096,-0.880922
1154,5.654550,5.419956,0.234594
1155,6.080861,6.332438,-0.251578
1156,5.988156,6.079181,-0.091025
1157,6.116289,5.124830,0.991459
1158,6.080318,6.486147,-0.405829
1159,7.066816,6.174932,0.891884
1160,6.447291,5.886491,0.560801
1162,6.420710,5.413132,1.007578
1163,7.298976,7.292256,0.006720
1164,6.362759,6.698970,-0.336211
1165,6.496558,7.519828,-1.023270
1166,7.184103,7.188037,-0.003934
1167,6.679236,8.071882,-1.392646
1168,5.739688,5.982271,-0.242583
1169,6.621504,6.973128,-0.351624
1170,6.692952,6.077731,0.615221
1171,6.572262,6.397940,0.174322
1172,7.056485,7.294466,-0.237981
1173,6.547607,7.333649,-0.786042
1174,6.581032,7.793755,-1.212723
1175,6.747012,6.087071,0.659941
1176,6.580671,6.000000,0.580671
1177,6.477695,6.544068,-0.066373
1178,6.858352,7.845098,-0.986746
1179,5.965659,7.301030,-1.335371
1180,5.655119,6.975432,-1.320313
1181,6.321766,6.184691,0.137075
1182,5.473427,6.281033,-0.807606
1183,6.284656,5.012837,1.271819
1184,6.395340,7.735998,-1.340658
1185,6.612135,5.301030,1.311105
1186,7.061930,6.618634,0.443296
1187,6.713021,7.665018,-0.951997
1188,7.144208,6.361728,0.782480
1189,6.722651,6.886491,-0.163840
1190,6.246673,7.477121,-1.230448
1191,6.542306,6.079181,0.463125
1192,6.900294,6.744919,0.155375
1193,6.577594,5.245513,1.332082
1194,6.818948,6.698970,0.119978
1195,6.782155,7.174234,-0.392080
1197,5.546128,5.628389,-0.082261
1199,7.224511,6.900312,0.324198
1200,4.899895,6.000000,-1.100105
1201,5.217210,4.041393,1.175817
1202,7.059035,5.352240,1.706794
1203,5.961317,6.000000,-0.038683
1204,5.932921,6.380754,-0.447833
1205,5.881955,6.077004,-0.195049
1206,6.039694,6.252125,-0.212430
1207,5.953186,6.006038,-0.052852
1208,6.168394,5.913019,0.255376
1209,5.883637,5.742725,0.140911
1210,5.926864,4.845098,1.081766
1211,6.246734,5.857031,0.389703
1212,5.727888,6.078094,-0.350206
1213,6.160692,6.382233,-0.221542
1214,6.040306,6.093422,-0.053116
1215,5.693424,5.786254,-0.092830
1217,5.533103,6.093422,-0.560319
1218,5.352293,4.883093,0.469200
1219,5.276926,5.123852,0.153074
1220,6.358322,6.176091,0.182231
1221,4.935059,3.301030,1.634029
1222,6.087344,6.392978,-0.305634
1223,6.263005,6.463445,-0.200440
1224,5.716271,5.000000,0.716271
1225,5.868762,6.544068,-0.675306
1226,6.222895,6.754272,-0.531377
1227,6.119920,6.152288,-0.032368
1228,5.608065,6.079181,-0.471116
1229,5.964352,6.544068,-0.579716
1230,5.930250,5.850033,0.080217
1232,6.254902,6.432328,-0.177425
1233,6.648176,6.776701,-0.128525
1236,5.848070,6.176091,-0.328022
1237,5.578222,5.787319,-0.209097
1238,5.740597,3.892095,1.848503
1239,4.422895,4.096910,0.325985
1240,3.965626,3.404834,0.560793
1241,5.091692,5.816506,-0.724814
1243,4.328997,3.833147,0.495850
1244,5.387985,6.146128,-0.758143
1245,4.421810,4.008600,0.413209
1246,5.114055,4.000000,1.114055
1247,4.880085,4.089905,0.790180
1248,5.076665,3.770852,1.305813
1249,4.772613,3.602060,1.170553
1250,3.537863,3.869232,-0.331368
1251,3.352979,3.206826,0.146153
1252,3.901415,3.589950,0.311465
1253,3.994408,2.903090,1.091318
1254,4.183198,4.167317,0.015880
1255,4.345573,4.035830,0.309744
1256,6.073335,6.024046,0.049289
1257,4.352839,5.247973,-0.895134
1258,5.928699,6.491362,-0.562663
1259,6.472274,4.833147,1.639127
1260,5.708436,6.334454,-0.626018
1261,6.862637,7.708421,-0.845784
1263,5.816440,6.322219,-0.505780
1264,4.816035,6.281261,-1.465225
1265,5.732100,6.230449,-0.498349
1266,5.638437,5.000000,0.638437
1267,5.564795,4.261501,1.303295
1268,6.306579,7.077223,-0.770644
1269,6.273466,7.058654,-0.785188
1270,4.282799,5.000000,-0.717201
1271,4.256687,3.709270,0.547417
1272,4.349680,3.431364,0.918317
1274,5.812427,6.079181,-0.266754
1275,4.001154,3.770852,0.230302
1276,6.310370,6.383654,-0.073284
1277,6.283353,6.281942,0.001412
1278,4.960080,4.152288,0.807792
1279,4.687778,6.176091,-1.488313
1280,5.332751,4.195900,1.136851
1281,3.760773,3.301030,0.459743
1282,5.705405,6.079181,-0.373777
1283,5.090755,5.311754,-0.220998
1284,4.873390,5.041393,-0.168003
1285,5.331846,4.411620,0.920226
1286,5.742302,4.249198,1.493103
1287,5.690762,5.178977,0.511785
1288,5.566149,6.119915,-0.553766
1289,5.207093,6.000000,-0.792907
1290,4.845250,3.824126,1.021124
1291,4.332496,3.740363,0.592133
1292,3.146128,3.146128,-0.000000
1293,6.097056,5.380211,0.716845
1294,5.295024,5.271842,0.023182
1295,6.259967,5.365488,0.894479
1296,6.569552,6.778874,-0.209322
1297,6.380427,5.880814,0.499613
1298,6.331053,6.397940,-0.066887
1299,5.856354,6.377563,-0.521209
1300,6.219496,5.518514,0.700982
1302,6.242394,5.949390,0.293004
1303,6.328932,6.247924,0.081008
1304,5.960772,7.602060,-1.641288
1305,5.926670,5.553883,0.372787
1306,6.243929,6.278754,-0.034824
1307,6.701298,6.445311,0.255986
1308,5.811601,5.622214,0.189387
1309,6.352208,6.201397,0.150811
1310,5.386033,6.176091,-0.790058
1311,5.877421,5.927370,-0.049949
1313,6.361476,6.240549,0.120927
1314,6.203225,5.891147,0.312078
1315,5.806528,6.000000,-0.193472
1316,6.040345,5.847573,0.192773
1317,6.133201,5.931966,0.201235
1318,5.573556,5.146779,0.426777
1319,6.044250,5.079181,0.965069
1320,4.769066,5.021189,-0.252124
1321,4.988013,6.000000,-1.011987
1322,5.832947,6.008600,-0.175653
1324,6.128315,6.214844,-0.086529
1325,6.708085,6.113943,0.594141
1326,5.332000,6.257052,-0.925051
1327,5.130982,5.255273,-0.124291
1328,6.095926,6.041393,0.054533
1329,6.405510,6.602060,-0.196550
1330,6.216385,4.986772,1.229613
1332,5.676137,5.181844,0.494294
1333,6.166650,5.687261,0.479388
1334,5.691951,6.245513,-0.553562
1336,6.054911,6.056905,-0.001994
1337,5.608857,6.113943,-0.505086
1338,5.951755,6.441176,-0.489421
1339,6.091762,5.332438,0.759324
1340,6.290894,5.710117,0.580777
1341,5.614701,6.008600,-0.393899
1342,6.163805,5.552668,0.611136
1343,5.347791,5.093422,0.254369
1344,5.795464,4.602060,1.193404
1345,6.113311,5.895423,0.217888
1346,6.095742,6.100753,-0.005011
1347,5.761000,6.000000,-0.239000
1348,5.674880,5.788875,-0.113996
1349,5.606686,6.176091,-0.569405
1351,5.868314,5.051924,0.816390
1352,5.793905,5.756636,0.037269
1354,5.813645,6.000000,-0.186355
1355,6.076993,5.599883,0.477109
1356,5.702582,5.716838,-0.014256
1357,6.040841,5.812913,0.227927
1358,6.533999,7.929419,-1.395420
1359,6.185090,5.862728,0.322363
1360,5.218915,5.079181,0.139734
1361,5.318667,5.278754,0.039913
1362,6.264914,6.017033,0.247880
1363,5.709941,5.176091,0.533850
1364,5.972747,6.079181,-0.106434
1365,6.615373,6.079181,0.536191
1366,5.150586,5.121560,0.029026
1367,5.562945,4.912275,0.650669
1368,5.676105,6.218273,-0.542168
1369,5.409076,5.700617,-0.291541
1370,6.193091,6.924279,-0.731188
1371,6.034840,6.134496,-0.099655
1372,6.300106,6.509203,-0.209097
1373,6.181628,6.590507,-0.408880
1374,5.608729,5.758912,-0.150183
1376,6.033936,6.762679,-0.728743
1377,5.538073,5.863917,-0.325844
1378,5.871056,5.342423,0.528633
1379,5.414276,6.033424,-0.619148
1380,5.404266,5.518514,-0.114248
1381,5.711048,7.041393,-1.330345
1382,5.638939,4.678518,0.960420
1383,5.283019,6.066773,-0.783754
1384,5.960420,5.899821,0.060600
1385,5.565918,7.429752,-1.863834
1386,5.988301,6.612784,-0.624482
1387,6.023770,6.503791,-0.480020
1388,6.506658,5.240799,1.265859
1389,6.704096,5.968483,0.735613
1390,6.156898,6.053078,0.103820
1391,4.436403,6.008600,-1.572197
1392,5.766566,4.954243,0.812323
1394,6.423312,6.418301,0.005011
1396,1.899117,1.924279,-0.025162
1397,4.165471,4.550228,-0.384757
1398,6.354621,6.354621,0.000000
1399,5.082108,5.856227,-0.774119
1400,5.996994,6.052936,-0.055942
1401,5.115352,6.431364,-1.316011
1403,4.677249,3.447158,1.230091
1404,4.630334,6.563837,-1.933503
1405,4.416580,2.812913,1.603667
1406,4.856448,3.079181,1.777267
1407,5.289252,5.556303,-0.267051
1408,4.034341,4.334856,-0.300515
1409,2.970693,4.698970,-1.728277
1410,4.383465,3.187521,1.195944
1411,4.821622,4.167317,0.654305
1412,3.211154,3.679428,-0.468274
1413,2.753543,0.698970,2.054573
1415,4.470136,2.556303,1.913834
1416,4.909376,5.812913,-0.903537
1417,5.078851,5.186815,-0.107964
1418,5.372941,4.821514,0.551428
1419,5.870308,6.167317,-0.297010
1421,5.961607,5.287130,0.674477
1422,5.346957,5.773069,-0.426112
1423,5.723236,5.845098,-0.121862
1424,5.019530,4.505150,0.514380
1425,6.126071,6.889302,-0.763231
1426,6.100050,5.395850,0.704200
1427,5.882374,6.741546,-0.859172
1428,5.163937,5.698970,-0.535033
1429,1.332544,3.845098,-2.512554
1430,2.809054,2.809054,0.000000
1431,2.505150,2.505150,-0.000000
1432,3.253897,3.447158,-0.193261
1433,3.058604,1.799341,1.259263
1434,3.416291,3.322219,0.094071
1435,3.487834,1.558709,1.929125
1436,5.698043,5.434569,0.263474
1437,4.585376,5.926857,-1.341481
1438,5.649439,5.875061,-0.225623
1439,5.970692,6.237041,-0.266349
1440,5.770780,5.990783,-0.220003
1441,5.983372,6.447158,-0.463786
1442,5.581291,6.257679,-0.676387
1443,7.175012,6.653213,0.521800
1445,6.353788,6.531479,-0.177691
1446,3.299375,3.301030,-0.001655
1447,5.882126,5.301030,0.581096
1449,6.076178,6.340444,-0.264266
1450,5.964801,6.397940,-0.433139
1451,5.988454,4.346744,1.641710
1452,6.718285,6.079181,0.639104
1453,5.258404,6.301030,-1.042626
1454,6.897218,6.623249,0.273969
1455,6.265444,6.531479,-0.266035
1456,5.349247,4.352183,0.997065
1457,5.705535,6.170262,-0.464727
1458,5.671433,6.531479,-0.860046
1459,5.590157,6.358886,-0.768729
1460,5.320309,4.314289,1.006020
1461,5.759549,6.176091,-0.416542
1462,6.002240,6.091315,-0.089075
1463,6.317215,6.286456,0.030759
1464,5.864908,6.913814,-1.048906
1466,6.233195,6.308991,-0.075796
1467,4.797621,5.361728,-0.564107
1468,4.470374,4.095518,0.374856
1469,5.325922,6.544068,-1.218146
1470,5.751556,6.579784,-0.828228
1471,2.680657,2.697229,-0.016572
1472,5.897616,4.746323,1.151294
1474,6.043677,6.747412,-0.703735
1477,5.101600,6.096910,-0.995310
1478,3.983735,3.804821,0.178914
1479,4.721242,5.079181,-0.357939
1480,2.212846,2.220108,-0.007262
1481,5.484037,4.850646,0.633391
1482,5.600549,6.045323,-0.444774
1483,5.802429,5.791691,0.010738
1484,5.703295,5.155609,0.547686
1485,5.665448,5.690196,-0.024748
1487,5.937123,6.806180,-0.869057
1488,5.470036,6.041393,-0.571357
1490,5.482409,6.355068,-0.872660
1491,6.294741,6.324282,-0.029542
1492,4.878748,5.944483,-1.065734
1493,6.004815,6.397940,-0.393125
1495,5.461093,4.413635,1.047458
1498,5.294256,5.072985,0.221271
1499,6.448997,5.697229,0.751768
1500,4.955153,5.698970,-0.743817
1501,4.957986,6.664548,-1.706562
1502,6.107258,6.937016,-0.829758
1503,7.319247,7.531479,-0.212232
1504,6.080676,6.240799,-0.160123
1505,6.718080,6.012837,0.705243
1506,6.242808,6.448706,-0.205898
1508,5.984447,5.778151,0.206296
1509,6.285070,5.732394,0.552676
1510,5.162339,4.954243,0.208097
1511,6.241904,6.857332,-0.615429
1512,5.103626,5.308394,-0.204768
1513,5.761416,6.277091,-0.515675
1514,6.038099,5.857332,0.180766
1515,5.257300,5.000000,0.257300
1516,5.168896,5.301030,-0.132134
1517,3.448401,4.123852,-0.675451
1518,5.433730,4.505150,0.928580
1519,5.359245,6.322219,-0.962975
1520,5.392670,4.505150,0.887520
1521,5.416822,4.568202,0.848621
1522,4.191541,4.900367,-0.708826
1523,5.445142,5.477121,-0.031980
1524,5.744804,6.041393,-0.296589
1525,5.652430,6.496791,-0.844361
1526,5.207701,4.486714,0.720987
1527,5.416923,5.000000,0.416923
1528,5.525563,6.322219,-0.796656
1529,5.135449,4.685742,0.449707
1530,5.535193,6.504702,-0.969509
1532,1.886729,1.447158,0.439571
1533,3.298252,3.113943,0.184308
1534,4.969264,4.826075,0.143189
1535,5.312171,4.247973,1.064198
1536,4.090703,5.000000,-0.909297
1537,4.746911,5.653213,-0.906302
1538,5.484422,5.653213,-0.168790
1539,5.185970,6.204120,-1.018150
1540,5.860123,6.079181,-0.219058
1541,5.985314,6.397940,-0.412626
1542,5.591253,5.223755,0.367498
1543,5.945386,5.079181,0.866204
1544,5.984772,6.778151,-0.793380
1545,5.330556,5.585461,-0.254905
1546,6.205508,5.845098,0.360410
1547,5.861443,5.934498,-0.073055
1548,5.944481,5.771587,0.172893
1549,5.665114,6.653213,-0.988099
1550,5.301436,5.903090,-0.601654
1551,5.858133,4.927370,0.930763
1552,5.125801,4.826075,0.299726
1553,4.963033,5.002166,-0.039133
1554,6.553192,6.662758,-0.109566
1555,6.291015,6.071882,0.219133
1557,5.186724,4.184691,1.002033
1558,5.412076,4.933993,0.478083
1559,5.323672,5.397940,-0.074268
1560,5.385494,6.579784,-1.194289
1561,5.993349,6.000000,-0.006651
1562,4.622069,4.469365,0.152703
1563,4.583512,4.252853,0.330659
1564,5.586832,6.041393,-0.454561
1565,5.537771,5.079181,0.458590
1567,5.546722,6.278754,-0.732032
1568,4.840687,3.892651,0.948036
1569,4.931892,5.079181,-0.147290
1570,5.318970,4.787744,0.531226
1571,5.287998,5.575188,-0.287189
1572,5.720802,4.561578,1.159224
1573,5.069499,7.133858,-2.064359
1574,4.465710,5.221675,-0.755965
1575,5.253353,4.239049,1.014304
1576,5.361210,3.964731,1.396479
1577,3.569303,3.697229,-0.127927
1578,4.853175,5.041393,-0.188218
1579,5.570070,6.000000,-0.429930
1581,6.027257,7.397940,-1.370683
1582,5.678349,6.690196,-1.011848
1583,5.758534,6.079181,-0.320648
1584,5.288053,4.064458,1.223595
1587,5.865621,6.079181,-0.213560
1588,4.601388,5.322219,-0.720832
1589,4.909887,4.895201,0.014685
1590,5.747482,6.079181,-0.331699
1591,4.899696,5.648360,-0.748664
1592,4.465939,4.473925,-0.007986
1593,6.026929,5.931966,0.094962
1594,4.933928,4.939819,-0.005891
1595,4.850556,5.732394,-0.881838
1596,5.061348,3.301030,1.760318
1597,4.529416,4.579784,-0.050368
1599,5.655301,7.199426,-1.544125
1600,6.095658,6.795880,-0.700222
1601,2.600293,4.000000,-1.399707
1602,5.461985,5.532385,-0.070400
1605,5.570812,5.311966,0.258846
1606,5.782922,5.338456,0.444466
1607,5.816348,5.489958,0.326389
1608,5.594849,5.205096,0.389753
1609,5.839820,6.531479,-0.691659
1610,5.201337,6.079181,-0.877845
1611,4.890796,4.301030,0.589766
1613,6.499457,6.000000,0.499457
1614,6.462166,6.185542,0.276624
1615,5.180981,5.301030,-0.120049
1616,6.297788,6.079181,0.218607
1617,5.948879,4.892373,1.056506
1618,5.958690,6.176091,-0.217402
1619,4.872642,6.491362,-1.618720
1620,3.464553,3.556303,-0.091749
1621,5.333688,4.089905,1.243783
1623,5.239294,5.221023,0.018272
1624,6.211385,5.698970,0.512415
1625,7.312357,7.342423,-0.030066
1626,5.739346,6.176091,-0.436745
1627,6.838977,6.414973,0.424004
1628,6.808144,6.977724,-0.169579
1629,4.693281,4.765072,-0.071791
1630,-0.418832,1.342423,-1.761255
1631,2.092273,2.748188,-0.655915
1632,4.163970,2.455302,1.708668
1633,4.527133,5.716003,-1.188870
1634,4.692376,4.765072,-0.072696
1635,5.098070,5.000000,0.098070
1636,2.864789,0.113943,2.750845
1637,2.797041,1.698970,1.098071
1638,5.088442,2.135769,2.952673
1639,1.988517,2.560421,-0.571903
1640,6.450623,6.113943,0.336680
1641,5.881995,6.041393,-0.159397
1642,4.601568,5.334454,-0.732886
1643,3.746892,1.744293,2.002599
1644,2.970759,1.576226,1.394533
1645,2.348883,2.143015,0.205868
1646,3.853062,-0.158641,4.011702
1647,1.715486,3.029384,-1.313898
1648,4.090015,0.079181,4.010834
1649,4.686366,2.477121,2.209245
1651,1.852973,2.146128,-0.293155
1652,4.639507,5.688420,-1.048913
1653,4.745578,1.301030,3.444548
1654,5.471496,3.954243,1.517254
1655,2.630682,2.623249,0.007432
1656,4.725377,0.000000,4.725377
1657,4.525449,4.778151,-0.252702
1658,2.346531,2.143015,0.203516
1659,5.012310,3.903090,1.109220
1660,5.603495,3.633468,1.970026
