Pair_ID,SMILE A,SMILE B,row_index,MLP_YoungsModulus_pred
Pair_1,[*]NC(C(N1CCCC1C(NCC(N2CC(CC2C(NC(C(NCC([*])=O)=O)CO)=O)O)=O)=O)=O)CCCCN,[*]NC(CCCCNC(C(C)=C)=O)C(N1CCCC1C(NCC(N2CC(O)CC2C(NC(COC(C(C)=C)=O)C(NCC([*])=O)=O)=O)=O)=O)=O,0,2.7897212720843507
Pair_2,OCC(C(C(C1N)O)O[*])OC1OC2C(OC(C(C2O)N)[*])CO,[*]NC(C(N1CCCC1C(NCC(N2CC(CC2C(NC(C(NCC([*])=O)=O)CO)=O)O)=O)=O)=O)CCCCN,1,5.001905121622373
Pair_3,[*]C([H])([H])C(O)([H])[*],[*]NC(C(N1CCCC1C(NCC(N2CC(CC2C(NC(C(NCC([*])=O)=O)CO)=O)O)=O)=O)=O)CCCCN,2,4.034090907313215
Pair_4,[*]NC(C(N1CCCC1C(NCC(N2CC(CC2C(NC(C(NCC([*])=O)=O)CO)=O)O)=O)=O)=O)CCCCN,[H]N(C([H])([H])C(N([H])C(C)([H])C(N(C([H])([H])C([*])=O)[H])=O)=O)C(C(N([*])[H])(C)[H])=O,3,4.545553349517384
Pair_5,[*]NC(C(N1CCCC1C(NCC(N2CC(CC2C(NC(C(NCC([*])=O)=O)CO)=O)O)=O)=O)=O)CCCCN,[*]OC1C(C(O)=O)OC(OC2C(NC(C)=O)C([*])OC(CO)C2O)C(O)C1O,4,4.559930485970687
Pair_6,[*]NC(C(N1CCCC1C(NCC(N2CC(CC2C(NC(C(NCC([*])=O)=O)CO)=O)O)=O)=O)=O)CCCCN,[*]OCC[*],5,4.113652095057353
Pair_7,[*]C1C(C(C(OC1C(O[Na])=O)OC2C(C(O[Na])=O)OC(O[*])C(O)C2O)O)O,[*]NC(C(N1CCCC1C(NCC(N2CC(CC2C(NC(C(NCC([*])=O)=O)CO)=O)O)=O)=O)=O)CCCCN,6,3.692032755023696
Pair_8,OC1C(OC(C(C1O)O)[*])CO[*],[*]NC(C(N1CCCC1C(NCC(N2CC(CC2C(NC(C(NCC([*])=O)=O)CO)=O)O)=O)=O)=O)CCCCN,7,4.58297321193955
Pair_9,OCC1OC(C(C(C1[*])O)O)OC2C(C(C(OC2CO)O[*])O)O,[*]NC(C(N1CCCC1C(NCC(N2CC(CC2C(NC(C(NCC([*])=O)=O)CO)=O)O)=O)=O)=O)CCCCN,8,5.135771764047191
Pair_10,[*]C([C@H](C)OC([C@H](C)O[*])=O)=O,[*]NC(C(N1CCCC1C(NCC(N2CC(CC2C(NC(C(NCC([*])=O)=O)CO)=O)O)=O)=O)=O)CCCCN,9,5.1522873975125245
Pair_11,[*]C1C(OC(C(C1O)O)OC2C(OC(C(C2O)O)OC3C(OC(C(C3O)O)O[*])CO)CO)CO,[*]NC(C(N1CCCC1C(NCC(N2CC(CC2C(NC(C(NCC([*])=O)=O)CO)=O)O)=O)=O)=O)CCCCN,10,5.025141544343259
Pair_12,[*]C(CCCCCO[*])=O,[*]NC(C(N1CCCC1C(NCC(N2CC(CC2C(NC(C(NCC([*])=O)=O)CO)=O)O)=O)=O)=O)CCCCN,11,4.676323864954383
Pair_13,[*]NC(C(N1CCCC1C(NCC(N2CC(CC2C(NC(C(NCC([*])=O)=O)CO)=O)O)=O)=O)=O)CCCCN,[*]NC(C(O)=O)CCC([*])=O,12,5.012922964192261
Pair_14,[*]C(C)C(OCC(O[*])=O)=O,[*]NC(C(N1CCCC1C(NCC(N2CC(CC2C(NC(C(NCC([*])=O)=O)CO)=O)O)=O)=O)=O)CCCCN,13,4.71089005446574
Pair_15,O=C(N([*])C([*])=O)CC=C,[*]NC(C(N1CCCC1C(NCC(N2CC(CC2C(NC(C(NCC([*])=O)=O)CO)=O)O)=O)=O)=O)CCCCN,14,4.150039034485087
Pair_16,[*]C1=C(C=CN2)C2=C([*])C(O)=C1O,[*]NC(C(N1CCCC1C(NCC(N2CC(CC2C(NC(C(NCC([*])=O)=O)CO)=O)O)=O)=O)=O)CCCCN,15,4.695651822456235
Pair_17,O=C(C(C[*])[*])N,[*]NC(C(N1CCCC1C(NCC(N2CC(CC2C(NC(C(NCC([*])=O)=O)CO)=O)O)=O)=O)=O)CCCCN,16,2.4388219295872045
Pair_18,OCC1OC(C(C(C1O[*])O)NC(C)=O)OC2C(O)C(C(OC2CO)[*])NC(C)=O,[*]NC(C(N1CCCC1C(NCC(N2CC(CC2C(NC(C(NCC([*])=O)=O)CO)=O)O)=O)=O)=O)CCCCN,17,4.400863608520006
Pair_19,O=C(N)C([*])C[*],[*]NC(C(N1CCCC1C(NCC(N2CC(CC2C(NC(C(NCC([*])=O)=O)CO)=O)O)=O)=O)=O)CCCCN,18,2.4388219295872045
Pair_20,[*]CC(C1=CC=C(C=C1)S(O)(=O)=O)[*],[*]NC(C(N1CCCC1C(NCC(N2CC(CC2C(NC(C(NCC([*])=O)=O)CO)=O)O)=O)=O)=O)CCCCN,19,4.2524513455474615
Pair_21,[*]NC(C(N1CCCC1C(NCC(N2CC(CC2C(NC(C(NCC([*])=O)=O)CO)=O)O)=O)=O)=O)CCCCN,[*]NC(CCC([*])=O)C(O)=O,20,5.012922964192261
Pair_22,CC(NC1C(OC(C(C1OC2OC(C(C(C2OCC(COC(C(C)=C)=O)O)O)O[*])C([O-])=O)O)O)O[*])=O,[*]NC(C(N1CCCC1C(NCC(N2CC(CC2C(NC(C(NCC([*])=O)=O)CO)=O)O)=O)=O)=O)CCCCN,21,4.242875180048797
Pair_23,[*]C(C)(C(OCCN(C)C)=O)C[*],[*]NC(C(N1CCCC1C(NCC(N2CC(CC2C(NC(C(NCC([*])=O)=O)CO)=O)O)=O)=O)=O)CCCCN,22,3.7452521390045694
Pair_24,[*]NC(C(N1CCCC1C(NCC(N2CC(CC2C(NC(C(NCC([*])=O)=O)CO)=O)O)=O)=O)=O)CCCCN,[*]OC1C(C(C(OC1C)OC2C(C(OC(C2O)COC(C)=O)OC3C(C(C(OC3C(O)=O)OC4C(C(C(OC4CO)O[*])O)O)O)O)OC(C(O)CO)=O)O)O,23,5.319944496380577
Pair_25,CC(NC1C([C@@H](C(O[C@H]1O[*])CO)O[C@@H]2OC([C@H]([C@@H](C2NC(C)=O)O)[*])CO)O)=O,[*]NC(C(N1CCCC1C(NCC(N2CC(CC2C(NC(C(NCC([*])=O)=O)CO)=O)O)=O)=O)=O)CCCCN,24,4.95293774881999
Pair_26,O=C([*])C(C)O[*],[*]NC(C(N1CCCC1C(NCC(N2CC(CC2C(NC(C(NCC([*])=O)=O)CO)=O)O)=O)=O)=O)CCCCN,25,4.909915429409256
Pair_27,COCC1OC(OC2C(CO)OC(O[*])C(OC)C2OC)C(OC)C(O)C1O[*],[*]NC(C(N1CCCC1C(NCC(N2CC(CC2C(NC(C(NCC([*])=O)=O)CO)=O)O)=O)=O)=O)CCCCN,26,4.750396966960321
Pair_28,[*]NC(C(N1CCCC1C(NCC(N2CC(CC2C(NC(C(NCC([*])=O)=O)CO)=O)O)=O)=O)=O)CCCCN,[H]N(C(O[*])=O)CCCCCCN(C(OCCCCO[*])=O)[H],27,4.475715380834447
Pair_29,COC(C(C[*])([*])C)=O,[*]NC(C(N1CCCC1C(NCC(N2CC(CC2C(NC(C(NCC([*])=O)=O)CO)=O)O)=O)=O)=O)CCCCN,28,4.542160137289379
Pair_30,[*]NC(C(N1CCCC1C(NCC(N2CC(CC2C(NC(C(NCC([*])=O)=O)CO)=O)O)=O)=O)=O)CCCCN,[*]OC1OC(CO)C(OC2C(O)C(O)C([*])C(CO)O2)C(O)C1O,29,5.135771764047191
Pair_31,[*]CC(C)(C(OCCO)=O)[*],[*]NC(C(N1CCCC1C(NCC(N2CC(CC2C(NC(C(NCC([*])=O)=O)CO)=O)O)=O)=O)=O)CCCCN,30,3.153646184480011
Pair_32,[*]C(N(CN(C(OCOC(N(CN(C(OCCO[*])=O)[H])[H])=O)=O)[H])[H])=O,[*]NC(C(N1CCCC1C(NCC(N2CC(CC2C(NC(C(NCC([*])=O)=O)CO)=O)O)=O)=O)=O)CCCCN,31,4.46554155270523
Pair_33,O=C([*])CCCCCO[*],[*]NC(C(N1CCCC1C(NCC(N2CC(CC2C(NC(C(NCC([*])=O)=O)CO)=O)O)=O)=O)=O)CCCCN,32,4.676323864954383
Pair_34,O=C(N1C(C([*])=O)CC(O)C1)CNC(C2CCCN2[*])=O,[*]NC(C(N1CCCC1C(NCC(N2CC(CC2C(NC(C(NCC([*])=O)=O)CO)=O)O)=O)=O)=O)CCCCN,33,4.7573320261623335
Pair_35,O=C(C(OC(C=O)OC1C(C(C(OC1C(O[Na])=O)O[*])O)O)C(C=O)[*])O[Na],[*]NC(C(N1CCCC1C(NCC(N2CC(CC2C(NC(C(NCC([*])=O)=O)CO)=O)O)=O)=O)=O)CCCCN,34,4.863663341237436
Pair_37,OCC(C(C(C1N)O)O[*])OC1OC2C(OC(C(C2O)N)[*])CO,[*]NC(CCCCNC(C(C)=C)=O)C(N1CCCC1C(NCC(N2CC(O)CC2C(NC(COC(C(C)=C)=O)C(NCC([*])=O)=O)=O)=O)=O)=O,35,3.098744501349435
Pair_38,[*]C([H])([H])C(O)([H])[*],[*]NC(CCCCNC(C(C)=C)=O)C(N1CCCC1C(NCC(N2CC(O)CC2C(NC(COC(C(C)=C)=O)C(NCC([*])=O)=O)=O)=O)=O)=O,36,2.3953344557334457
Pair_39,[*]NC(CCCCNC(C(C)=C)=O)C(N1CCCC1C(NCC(N2CC(O)CC2C(NC(COC(C(C)=C)=O)C(NCC([*])=O)=O)=O)=O)=O)=O,[H]N(C([H])([H])C(N([H])C(C)([H])C(N(C([H])([H])C([*])=O)[H])=O)=O)C(C(N([*])[H])(C)[H])=O,37,2.913182385327375
Pair_40,[*]NC(CCCCNC(C(C)=C)=O)C(N1CCCC1C(NCC(N2CC(O)CC2C(NC(COC(C(C)=C)=O)C(NCC([*])=O)=O)=O)=O)=O)=O,[*]OC1C(C(O)=O)OC(OC2C(NC(C)=O)C([*])OC(CO)C2O)C(O)C1O,38,2.818222655105995
Pair_41,[*]NC(CCCCNC(C(C)=C)=O)C(N1CCCC1C(NCC(N2CC(O)CC2C(NC(COC(C(C)=C)=O)C(NCC([*])=O)=O)=O)=O)=O)=O,[*]OCC[*],39,2.43600529636277
Pair_42,[*]C1C(C(C(OC1C(O[Na])=O)OC2C(C(O[Na])=O)OC(O[*])C(O)C2O)O)O,[*]NC(CCCCNC(C(C)=C)=O)C(N1CCCC1C(NCC(N2CC(O)CC2C(NC(COC(C(C)=C)=O)C(NCC([*])=O)=O)=O)=O)=O)=O,40,2.3132266043942247
Pair_43,OC1C(OC(C(C1O)O)[*])CO[*],[*]NC(CCCCNC(C(C)=C)=O)C(N1CCCC1C(NCC(N2CC(O)CC2C(NC(COC(C(C)=C)=O)C(NCC([*])=O)=O)=O)=O)=O)=O,41,2.81235167881621
Pair_44,OCC1OC(C(C(C1[*])O)O)OC2C(C(C(OC2CO)O[*])O)O,[*]NC(CCCCNC(C(C)=C)=O)C(N1CCCC1C(NCC(N2CC(O)CC2C(NC(COC(C(C)=C)=O)C(NCC([*])=O)=O)=O)=O)=O)=O,42,3.2982061794865456
Pair_45,[*]C([C@H](C)OC([C@H](C)O[*])=O)=O,[*]NC(CCCCNC(C(C)=C)=O)C(N1CCCC1C(NCC(N2CC(O)CC2C(NC(COC(C(C)=C)=O)C(NCC([*])=O)=O)=O)=O)=O)=O,43,3.3278069629968368
Pair_46,[*]C1C(OC(C(C1O)O)OC2C(OC(C(C2O)O)OC3C(OC(C(C3O)O)O[*])CO)CO)CO,[*]NC(CCCCNC(C(C)=C)=O)C(N1CCCC1C(NCC(N2CC(O)CC2C(NC(COC(C(C)=C)=O)C(NCC([*])=O)=O)=O)=O)=O)=O,44,3.2935934265387914
Pair_47,[*]C(CCCCCO[*])=O,[*]NC(CCCCNC(C(C)=C)=O)C(N1CCCC1C(NCC(N2CC(O)CC2C(NC(COC(C(C)=C)=O)C(NCC([*])=O)=O)=O)=O)=O)=O,45,2.893452285281434
Pair_48,[*]NC(C(O)=O)CCC([*])=O,[*]NC(CCCCNC(C(C)=C)=O)C(N1CCCC1C(NCC(N2CC(O)CC2C(NC(COC(C(C)=C)=O)C(NCC([*])=O)=O)=O)=O)=O)=O,46,3.1645371009666565
Pair_49,[*]C(C)C(OCC(O[*])=O)=O,[*]NC(CCCCNC(C(C)=C)=O)C(N1CCCC1C(NCC(N2CC(O)CC2C(NC(COC(C(C)=C)=O)C(NCC([*])=O)=O)=O)=O)=O)=O,47,2.9485537815378207
Pair_50,O=C(N([*])C([*])=O)CC=C,[*]NC(CCCCNC(C(C)=C)=O)C(N1CCCC1C(NCC(N2CC(O)CC2C(NC(COC(C(C)=C)=O)C(NCC([*])=O)=O)=O)=O)=O)=O,48,2.563307216168186
Pair_51,[*]C1=C(C=CN2)C2=C([*])C(O)=C1O,[*]NC(CCCCNC(C(C)=C)=O)C(N1CCCC1C(NCC(N2CC(O)CC2C(NC(COC(C(C)=C)=O)C(NCC([*])=O)=O)=O)=O)=O)=O,49,2.860463710785463
Pair_52,O=C(C(C[*])[*])N,[*]NC(CCCCNC(C(C)=C)=O)C(N1CCCC1C(NCC(N2CC(O)CC2C(NC(COC(C(C)=C)=O)C(NCC([*])=O)=O)=O)=O)=O)=O,50,1.4629015430160297
Pair_53,OCC1OC(C(C(C1O[*])O)NC(C)=O)OC2C(O)C(C(OC2CO)[*])NC(C)=O,[*]NC(CCCCNC(C(C)=C)=O)C(N1CCCC1C(NCC(N2CC(O)CC2C(NC(COC(C(C)=C)=O)C(NCC([*])=O)=O)=O)=O)=O)=O,51,2.755188844682424
Pair_54,O=C(N)C([*])C[*],[*]NC(CCCCNC(C(C)=C)=O)C(N1CCCC1C(NCC(N2CC(O)CC2C(NC(COC(C(C)=C)=O)C(NCC([*])=O)=O)=O)=O)=O)=O,52,1.4629015430160297
Pair_55,[*]CC(C1=CC=C(C=C1)S(O)(=O)=O)[*],[*]NC(CCCCNC(C(C)=C)=O)C(N1CCCC1C(NCC(N2CC(O)CC2C(NC(COC(C(C)=C)=O)C(NCC([*])=O)=O)=O)=O)=O)=O,53,2.5746901966255997
Pair_56,[*]NC(CCC([*])=O)C(O)=O,[*]NC(CCCCNC(C(C)=C)=O)C(N1CCCC1C(NCC(N2CC(O)CC2C(NC(COC(C(C)=C)=O)C(NCC([*])=O)=O)=O)=O)=O)=O,54,3.1645371009666565
Pair_57,CC(NC1C(OC(C(C1OC2OC(C(C(C2OCC(COC(C(C)=C)=O)O)O)O[*])C([O-])=O)O)O)O[*])=O,[*]NC(CCCCNC(C(C)=C)=O)C(N1CCCC1C(NCC(N2CC(O)CC2C(NC(COC(C(C)=C)=O)C(NCC([*])=O)=O)=O)=O)=O)=O,55,2.878440928796711
Pair_58,[*]C(C)(C(OCCN(C)C)=O)C[*],[*]NC(CCCCNC(C(C)=C)=O)C(N1CCCC1C(NCC(N2CC(O)CC2C(NC(COC(C(C)=C)=O)C(NCC([*])=O)=O)=O)=O)=O)=O,56,2.534639457843738
Pair_59,[*]NC(CCCCNC(C(C)=C)=O)C(N1CCCC1C(NCC(N2CC(O)CC2C(NC(COC(C(C)=C)=O)C(NCC([*])=O)=O)=O)=O)=O)=O,[*]OC1C(C(C(OC1C)OC2C(C(OC(C2O)COC(C)=O)OC3C(C(C(OC3C(O)=O)OC4C(C(C(OC4CO)O[*])O)O)O)O)OC(C(O)CO)=O)O)O,57,3.6533067686787613
Pair_60,CC(NC1C([C@@H](C(O[C@H]1O[*])CO)O[C@@H]2OC([C@H]([C@@H](C2NC(C)=O)O)[*])CO)O)=O,[*]NC(CCCCNC(C(C)=C)=O)C(N1CCCC1C(NCC(N2CC(O)CC2C(NC(COC(C(C)=C)=O)C(NCC([*])=O)=O)=O)=O)=O)=O,58,3.1996257813373212
Pair_61,O=C([*])C(C)O[*],[*]NC(CCCCNC(C(C)=C)=O)C(N1CCCC1C(NCC(N2CC(O)CC2C(NC(COC(C(C)=C)=O)C(NCC([*])=O)=O)=O)=O)=O)=O,59,3.030330435294112
Pair_62,COCC1OC(OC2C(CO)OC(O[*])C(OC)C2OC)C(OC)C(O)C1O[*],[*]NC(CCCCNC(C(C)=C)=O)C(N1CCCC1C(NCC(N2CC(O)CC2C(NC(COC(C(C)=C)=O)C(NCC([*])=O)=O)=O)=O)=O)=O,60,2.941748476776902
Pair_63,[*]NC(CCCCNC(C(C)=C)=O)C(N1CCCC1C(NCC(N2CC(O)CC2C(NC(COC(C(C)=C)=O)C(NCC([*])=O)=O)=O)=O)=O)=O,[H]N(C(O[*])=O)CCCCCCN(C(OCCCCO[*])=O)[H],61,2.7734357810522368
Pair_64,COC(C(C[*])([*])C)=O,[*]NC(CCCCNC(C(C)=C)=O)C(N1CCCC1C(NCC(N2CC(O)CC2C(NC(COC(C(C)=C)=O)C(NCC([*])=O)=O)=O)=O)=O)=O,62,2.8425564165131614
Pair_65,[*]NC(CCCCNC(C(C)=C)=O)C(N1CCCC1C(NCC(N2CC(O)CC2C(NC(COC(C(C)=C)=O)C(NCC([*])=O)=O)=O)=O)=O)=O,[*]OC1OC(CO)C(OC2C(O)C(O)C([*])C(CO)O2)C(O)C1O,63,3.2982061794865456
Pair_66,[*]CC(C)(C(OCCO)=O)[*],[*]NC(CCCCNC(C(C)=C)=O)C(N1CCCC1C(NCC(N2CC(O)CC2C(NC(COC(C(C)=C)=O)C(NCC([*])=O)=O)=O)=O)=O)=O,64,2.2320016158107756
Pair_67,[*]C(N(CN(C(OCOC(N(CN(C(OCCO[*])=O)[H])[H])=O)=O)[H])[H])=O,[*]NC(CCCCNC(C(C)=C)=O)C(N1CCCC1C(NCC(N2CC(O)CC2C(NC(COC(C(C)=C)=O)C(NCC([*])=O)=O)=O)=O)=O)=O,65,2.852013874159594
Pair_68,O=C([*])CCCCCO[*],[*]NC(CCCCNC(C(C)=C)=O)C(N1CCCC1C(NCC(N2CC(O)CC2C(NC(COC(C(C)=C)=O)C(NCC([*])=O)=O)=O)=O)=O)=O,66,2.893452285281434
Pair_69,O=C(N1C(C([*])=O)CC(O)C1)CNC(C2CCCN2[*])=O,[*]NC(CCCCNC(C(C)=C)=O)C(N1CCCC1C(NCC(N2CC(O)CC2C(NC(COC(C(C)=C)=O)C(NCC([*])=O)=O)=O)=O)=O)=O,67,3.026043489246
Pair_70,O=C(C(OC(C=O)OC1C(C(C(OC1C(O[Na])=O)O[*])O)O)C(C=O)[*])O[Na],[*]NC(CCCCNC(C(C)=C)=O)C(N1CCCC1C(NCC(N2CC(O)CC2C(NC(COC(C(C)=C)=O)C(NCC([*])=O)=O)=O)=O)=O)=O,68,3.1862836878727583
Pair_73,OCC(C(C(C1N)O)O[*])OC1OC2C(OC(C(C2O)N)[*])CO,[*]C([H])([H])C(O)([H])[*],69,5.593402268260529
Pair_74,OCC(C(C(C1N)O)O[*])OC1OC2C(OC(C(C2O)N)[*])CO,[H]N(C([H])([H])C(N([H])C(C)([H])C(N(C([H])([H])C([*])=O)[H])=O)=O)C(C(N([*])[H])(C)[H])=O,70,5.9865170156600795
Pair_75,OCC(C(C(C1N)O)O[*])OC1OC2C(OC(C(C2O)N)[*])CO,[*]OC1C(C(O)=O)OC(OC2C(NC(C)=O)C([*])OC(CO)C2O)C(O)C1O,71,5.096226262233709
Pair_76,OCC(C(C(C1N)O)O[*])OC1OC2C(OC(C(C2O)N)[*])CO,[*]OCC[*],72,5.410558226864178
Pair_77,OCC(C(C(C1N)O)O[*])OC1OC2C(OC(C(C2O)N)[*])CO,[*]C1C(C(C(OC1C(O[Na])=O)OC2C(C(O[Na])=O)OC(O[*])C(O)C2O)O)O,73,4.931000251901229
Pair_78,OC1C(OC(C(C1O)O)[*])CO[*],OCC(C(C(C1N)O)O[*])OC1OC2C(OC(C(C2O)N)[*])CO,74,6.028410099196276
Pair_79,OCC(C(C(C1N)O)O[*])OC1OC2C(OC(C(C2O)N)[*])CO,OCC1OC(C(C(C1[*])O)O)OC2C(C(C(OC2CO)O[*])O)O,75,6.344938325852512
Pair_80,OCC(C(C(C1N)O)O[*])OC1OC2C(OC(C(C2O)N)[*])CO,[*]C([C@H](C)OC([C@H](C)O[*])=O)=O,76,6.540160713160268
Pair_81,OCC(C(C(C1N)O)O[*])OC1OC2C(OC(C(C2O)N)[*])CO,[*]C1C(OC(C(C1O)O)OC2C(OC(C(C2O)O)OC3C(OC(C(C3O)O)O[*])CO)CO)CO,77,5.996512680309794
Pair_82,OCC(C(C(C1N)O)O[*])OC1OC2C(OC(C(C2O)N)[*])CO,[*]C(CCCCCO[*])=O,78,5.6036864442002186
Pair_83,OCC(C(C(C1N)O)O[*])OC1OC2C(OC(C(C2O)N)[*])CO,[*]NC(C(O)=O)CCC([*])=O,79,6.422250935607947
Pair_84,OCC(C(C(C1N)O)O[*])OC1OC2C(OC(C(C2O)N)[*])CO,[*]C(C)C(OCC(O[*])=O)=O,80,6.24746518904763
Pair_85,O=C(N([*])C([*])=O)CC=C,OCC(C(C(C1N)O)O[*])OC1OC2C(OC(C(C2O)N)[*])CO,81,5.473817477749086
Pair_86,OCC(C(C(C1N)O)O[*])OC1OC2C(OC(C(C2O)N)[*])CO,[*]C1=C(C=CN2)C2=C([*])C(O)=C1O,82,5.823550525513183
Pair_87,O=C(C(C[*])[*])N,OCC(C(C(C1N)O)O[*])OC1OC2C(OC(C(C2O)N)[*])CO,83,2.837304978521777
Pair_88,OCC(C(C(C1N)O)O[*])OC1OC2C(OC(C(C2O)N)[*])CO,OCC1OC(C(C(C1O[*])O)NC(C)=O)OC2C(O)C(C(OC2CO)[*])NC(C)=O,84,5.799536667264376
Pair_89,O=C(N)C([*])C[*],OCC(C(C(C1N)O)O[*])OC1OC2C(OC(C(C2O)N)[*])CO,85,2.837304978521777
Pair_90,OCC(C(C(C1N)O)O[*])OC1OC2C(OC(C(C2O)N)[*])CO,[*]CC(C1=CC=C(C=C1)S(O)(=O)=O)[*],86,5.608930362389358
Pair_91,OCC(C(C(C1N)O)O[*])OC1OC2C(OC(C(C2O)N)[*])CO,[*]NC(CCC([*])=O)C(O)=O,87,6.422250935607947
Pair_92,CC(NC1C(OC(C(C1OC2OC(C(C(C2OCC(COC(C(C)=C)=O)O)O)O[*])C([O-])=O)O)O)O[*])=O,OCC(C(C(C1N)O)O[*])OC1OC2C(OC(C(C2O)N)[*])CO,88,5.464733172519167
Pair_93,OCC(C(C(C1N)O)O[*])OC1OC2C(OC(C(C2O)N)[*])CO,[*]C(C)(C(OCCN(C)C)=O)C[*],89,4.9082785901982104
Pair_94,OCC(C(C(C1N)O)O[*])OC1OC2C(OC(C(C2O)N)[*])CO,[*]OC1C(C(C(OC1C)OC2C(C(OC(C2O)COC(C)=O)OC3C(C(C(OC3C(O)=O)OC4C(C(C(OC4CO)O[*])O)O)O)O)OC(C(O)CO)=O)O)O,90,6.313826269980184
Pair_95,CC(NC1C([C@@H](C(O[C@H]1O[*])CO)O[C@@H]2OC([C@H]([C@@H](C2NC(C)=O)O)[*])CO)O)=O,OCC(C(C(C1N)O)O[*])OC1OC2C(OC(C(C2O)N)[*])CO,91,6.832542213143555
Pair_96,O=C([*])C(C)O[*],OCC(C(C(C1N)O)O[*])OC1OC2C(OC(C(C2O)N)[*])CO,92,6.349380982576862
Pair_97,COCC1OC(OC2C(CO)OC(O[*])C(OC)C2OC)C(OC)C(O)C1O[*],OCC(C(C(C1N)O)O[*])OC1OC2C(OC(C(C2O)N)[*])CO,93,6.167346730790181
Pair_98,OCC(C(C(C1N)O)O[*])OC1OC2C(OC(C(C2O)N)[*])CO,[H]N(C(O[*])=O)CCCCCCN(C(OCCCCO[*])=O)[H],94,5.312304498646065
Pair_99,COC(C(C[*])([*])C)=O,OCC(C(C(C1N)O)O[*])OC1OC2C(OC(C(C2O)N)[*])CO,95,6.145709924715935
Pair_100,OCC(C(C(C1N)O)O[*])OC1OC2C(OC(C(C2O)N)[*])CO,[*]OC1OC(CO)C(OC2C(O)C(O)C([*])C(CO)O2)C(O)C1O,96,6.344938325852512
Pair_101,OCC(C(C(C1N)O)O[*])OC1OC2C(OC(C(C2O)N)[*])CO,[*]CC(C)(C(OCCO)=O)[*],97,3.930498744868826
Pair_102,OCC(C(C(C1N)O)O[*])OC1OC2C(OC(C(C2O)N)[*])CO,[*]C(N(CN(C(OCOC(N(CN(C(OCCO[*])=O)[H])[H])=O)=O)[H])[H])=O,98,5.191240954206685
Pair_103,O=C([*])CCCCCO[*],OCC(C(C(C1N)O)O[*])OC1OC2C(OC(C(C2O)N)[*])CO,99,5.6036864442002186
Pair_104,O=C(N1C(C([*])=O)CC(O)C1)CNC(C2CCCN2[*])=O,OCC(C(C(C1N)O)O[*])OC1OC2C(OC(C(C2O)N)[*])CO,100,5.358872018540541
Pair_105,O=C(C(OC(C=O)OC1C(C(C(OC1C(O[Na])=O)O[*])O)O)C(C=O)[*])O[Na],OCC(C(C(C1N)O)O[*])OC1OC2C(OC(C(C2O)N)[*])CO,101,6.442683423039042
Pair_109,[*]C([H])([H])C(O)([H])[*],[H]N(C([H])([H])C(N([H])C(C)([H])C(N(C([H])([H])C([*])=O)[H])=O)=O)C(C(N([*])[H])(C)[H])=O,102,5.491473882856803
Pair_110,[*]C([H])([H])C(O)([H])[*],[*]OC1C(C(O)=O)OC(OC2C(NC(C)=O)C([*])OC(CO)C2O)C(O)C1O,103,4.90616119596172
Pair_111,[*]C([H])([H])C(O)([H])[*],[*]OCC[*],104,4.959609544363594
Pair_112,[*]C([H])([H])C(O)([H])[*],[*]C1C(C(C(OC1C(O[Na])=O)OC2C(C(O[Na])=O)OC(O[*])C(O)C2O)O)O,105,4.642121001418594
Pair_113,OC1C(OC(C(C1O)O)[*])CO[*],[*]C([H])([H])C(O)([H])[*],106,5.650347419844516
Pair_114,OCC1OC(C(C(C1[*])O)O)OC2C(C(C(OC2CO)O[*])O)O,[*]C([H])([H])C(O)([H])[*],107,6.038325277441246
Pair_115,[*]C([C@H](C)OC([C@H](C)O[*])=O)=O,[*]C([H])([H])C(O)([H])[*],108,6.09078832955831
Pair_116,[*]C([H])([H])C(O)([H])[*],[*]C1C(OC(C(C1O)O)OC2C(OC(C(C2O)O)OC3C(OC(C(C3O)O)O[*])CO)CO)CO,109,5.667383356455679
Pair_117,[*]C(CCCCCO[*])=O,[*]C([H])([H])C(O)([H])[*],110,5.189607897181443
Pair_118,[*]C([H])([H])C(O)([H])[*],[*]NC(C(O)=O)CCC([*])=O,111,5.938296708257867
Pair_119,[*]C(C)C(OCC(O[*])=O)=O,[*]C([H])([H])C(O)([H])[*],112,5.799364219232484
Pair_120,O=C(N([*])C([*])=O)CC=C,[*]C([H])([H])C(O)([H])[*],113,4.982720846867664
Pair_121,[*]C([H])([H])C(O)([H])[*],[*]C1=C(C=CN2)C2=C([*])C(O)=C1O,114,5.65349807871455
Pair_122,O=C(C(C[*])[*])N,[*]C([H])([H])C(O)([H])[*],115,2.3694599768192193
Pair_123,OCC1OC(C(C(C1O[*])O)NC(C)=O)OC2C(O)C(C(OC2CO)[*])NC(C)=O,[*]C([H])([H])C(O)([H])[*],116,5.508947600341844
Pair_124,O=C(N)C([*])C[*],[*]C([H])([H])C(O)([H])[*],117,2.3694599768192193
Pair_125,[*]C([H])([H])C(O)([H])[*],[*]CC(C1=CC=C(C=C1)S(O)(=O)=O)[*],118,5.199850444440593
Pair_126,[*]C([H])([H])C(O)([H])[*],[*]NC(CCC([*])=O)C(O)=O,119,5.938296708257867
Pair_127,CC(NC1C(OC(C(C1OC2OC(C(C(C2OCC(COC(C(C)=C)=O)O)O)O[*])C([O-])=O)O)O)O[*])=O,[*]C([H])([H])C(O)([H])[*],120,4.916468189815485
Pair_128,[*]C(C)(C(OCCN(C)C)=O)C[*],[*]C([H])([H])C(O)([H])[*],121,4.308099836358328
Pair_129,[*]C([H])([H])C(O)([H])[*],[*]OC1C(C(C(OC1C)OC2C(C(OC(C2O)COC(C)=O)OC3C(C(C(OC3C(O)=O)OC4C(C(C(OC4CO)O[*])O)O)O)O)OC(C(O)CO)=O)O)O,122,5.907114905561273
Pair_130,CC(NC1C([C@@H](C(O[C@H]1O[*])CO)O[C@@H]2OC([C@H]([C@@H](C2NC(C)=O)O)[*])CO)O)=O,[*]C([H])([H])C(O)([H])[*],123,6.5063928632099675
Pair_131,O=C([*])C(C)O[*],[*]C([H])([H])C(O)([H])[*],124,5.931353767505925
Pair_132,COCC1OC(OC2C(CO)OC(O[*])C(OC)C2OC)C(OC)C(O)C1O[*],[*]C([H])([H])C(O)([H])[*],125,5.8128285828815
Pair_133,[*]C([H])([H])C(O)([H])[*],[H]N(C(O[*])=O)CCCCCCN(C(OCCCCO[*])=O)[H],126,5.087540629558361
Pair_134,COC(C(C[*])([*])C)=O,[*]C([H])([H])C(O)([H])[*],127,5.625563807382807
Pair_135,[*]C([H])([H])C(O)([H])[*],[*]OC1OC(CO)C(OC2C(O)C(O)C([*])C(CO)O2)C(O)C1O,128,6.038325277441246
Pair_136,[*]C([H])([H])C(O)([H])[*],[*]CC(C)(C(OCCO)=O)[*],129,3.4481598270187614
Pair_137,[*]C(N(CN(C(OCOC(N(CN(C(OCCO[*])=O)[H])[H])=O)=O)[H])[H])=O,[*]C([H])([H])C(O)([H])[*],130,4.612078364302459
Pair_138,O=C([*])CCCCCO[*],[*]C([H])([H])C(O)([H])[*],131,5.189607897181443
Pair_139,O=C(N1C(C([*])=O)CC(O)C1)CNC(C2CCCN2[*])=O,[*]C([H])([H])C(O)([H])[*],132,4.718513148792646
Pair_140,O=C(C(OC(C=O)OC1C(C(C(OC1C(O[Na])=O)O[*])O)O)C(C=O)[*])O[Na],[*]C([H])([H])C(O)([H])[*],133,6.063955002419505
Pair_145,[*]OC1C(C(O)=O)OC(OC2C(NC(C)=O)C([*])OC(CO)C2O)C(O)C1O,[H]N(C([H])([H])C(N([H])C(C)([H])C(N(C([H])([H])C([*])=O)[H])=O)=O)C(C(N([*])[H])(C)[H])=O,134,5.379883439181756
Pair_146,[*]OCC[*],[H]N(C([H])([H])C(N([H])C(C)([H])C(N(C([H])([H])C([*])=O)[H])=O)=O)C(C(N([*])[H])(C)[H])=O,135,5.3518390582798565
Pair_147,[*]C1C(C(C(OC1C(O[Na])=O)OC2C(C(O[Na])=O)OC(O[*])C(O)C2O)O)O,[H]N(C([H])([H])C(N([H])C(C)([H])C(N(C([H])([H])C([*])=O)[H])=O)=O)C(C(N([*])[H])(C)[H])=O,136,4.980470682791521
Pair_148,OC1C(OC(C(C1O)O)[*])CO[*],[H]N(C([H])([H])C(N([H])C(C)([H])C(N(C([H])([H])C([*])=O)[H])=O)=O)C(C(N([*])[H])(C)[H])=O,137,5.793817889156573
Pair_149,OCC1OC(C(C(C1[*])O)O)OC2C(C(C(OC2CO)O[*])O)O,[H]N(C([H])([H])C(N([H])C(C)([H])C(N(C([H])([H])C([*])=O)[H])=O)=O)C(C(N([*])[H])(C)[H])=O,138,6.084210938219397
Pair_150,[*]C([C@H](C)OC([C@H](C)O[*])=O)=O,[H]N(C([H])([H])C(N([H])C(C)([H])C(N(C([H])([H])C([*])=O)[H])=O)=O)C(C(N([*])[H])(C)[H])=O,139,6.107413275835889
Pair_151,[*]C1C(OC(C(C1O)O)OC2C(OC(C(C2O)O)OC3C(OC(C(C3O)O)O[*])CO)CO)CO,[H]N(C([H])([H])C(N([H])C(C)([H])C(N(C([H])([H])C([*])=O)[H])=O)=O)C(C(N([*])[H])(C)[H])=O,140,5.774509936198204
Pair_152,[*]C(CCCCCO[*])=O,[H]N(C([H])([H])C(N([H])C(C)([H])C(N(C([H])([H])C([*])=O)[H])=O)=O)C(C(N([*])[H])(C)[H])=O,141,5.455584240857665
Pair_153,[*]NC(C(O)=O)CCC([*])=O,[H]N(C([H])([H])C(N([H])C(C)([H])C(N(C([H])([H])C([*])=O)[H])=O)=O)C(C(N([*])[H])(C)[H])=O,142,5.993107561955363
Pair_154,[*]C(C)C(OCC(O[*])=O)=O,[H]N(C([H])([H])C(N([H])C(C)([H])C(N(C([H])([H])C([*])=O)[H])=O)=O)C(C(N([*])[H])(C)[H])=O,143,5.884535511666168
Pair_155,O=C(N([*])C([*])=O)CC=C,[H]N(C([H])([H])C(N([H])C(C)([H])C(N(C([H])([H])C([*])=O)[H])=O)=O)C(C(N([*])[H])(C)[H])=O,144,5.248305755247448
Pair_156,[*]C1=C(C=CN2)C2=C([*])C(O)=C1O,[H]N(C([H])([H])C(N([H])C(C)([H])C(N(C([H])([H])C([*])=O)[H])=O)=O)C(C(N([*])[H])(C)[H])=O,145,5.967258341248222
Pair_157,O=C(C(C[*])[*])N,[H]N(C([H])([H])C(N([H])C(C)([H])C(N(C([H])([H])C([*])=O)[H])=O)=O)C(C(N([*])[H])(C)[H])=O,146,3.1859634355075928
Pair_158,OCC1OC(C(C(C1O[*])O)NC(C)=O)OC2C(O)C(C(OC2CO)[*])NC(C)=O,[H]N(C([H])([H])C(N([H])C(C)([H])C(N(C([H])([H])C([*])=O)[H])=O)=O)C(C(N([*])[H])(C)[H])=O,147,5.704409907966111
Pair_159,O=C(N)C([*])C[*],[H]N(C([H])([H])C(N([H])C(C)([H])C(N(C([H])([H])C([*])=O)[H])=O)=O)C(C(N([*])[H])(C)[H])=O,148,3.1859634355075928
Pair_160,[*]CC(C1=CC=C(C=C1)S(O)(=O)=O)[*],[H]N(C([H])([H])C(N([H])C(C)([H])C(N(C([H])([H])C([*])=O)[H])=O)=O)C(C(N([*])[H])(C)[H])=O,149,5.501962805858359
Pair_161,[*]NC(CCC([*])=O)C(O)=O,[H]N(C([H])([H])C(N([H])C(C)([H])C(N(C([H])([H])C([*])=O)[H])=O)=O)C(C(N([*])[H])(C)[H])=O,150,5.993107561955363
Pair_162,CC(NC1C(OC(C(C1OC2OC(C(C(C2OCC(COC(C(C)=C)=O)O)O)O[*])C([O-])=O)O)O)O[*])=O,[H]N(C([H])([H])C(N([H])C(C)([H])C(N(C([H])([H])C([*])=O)[H])=O)=O)C(C(N([*])[H])(C)[H])=O,151,5.039055612422657
Pair_163,[*]C(C)(C(OCCN(C)C)=O)C[*],[H]N(C([H])([H])C(N([H])C(C)([H])C(N(C([H])([H])C([*])=O)[H])=O)=O)C(C(N([*])[H])(C)[H])=O,152,4.5503010880984345
Pair_164,[*]OC1C(C(C(OC1C)OC2C(C(OC(C2O)COC(C)=O)OC3C(C(C(OC3C(O)=O)OC4C(C(C(OC4CO)O[*])O)O)O)O)OC(C(O)CO)=O)O)O,[H]N(C([H])([H])C(N([H])C(C)([H])C(N(C([H])([H])C([*])=O)[H])=O)=O)C(C(N([*])[H])(C)[H])=O,153,5.982195675114544
Pair_165,CC(NC1C([C@@H](C(O[C@H]1O[*])CO)O[C@@H]2OC([C@H]([C@@H](C2NC(C)=O)O)[*])CO)O)=O,[H]N(C([H])([H])C(N([H])C(C)([H])C(N(C([H])([H])C([*])=O)[H])=O)=O)C(C(N([*])[H])(C)[H])=O,154,6.434851452746662
Pair_166,O=C([*])C(C)O[*],[H]N(C([H])([H])C(N([H])C(C)([H])C(N(C([H])([H])C([*])=O)[H])=O)=O)C(C(N([*])[H])(C)[H])=O,155,6.045870396705102
Pair_167,COCC1OC(OC2C(CO)OC(O[*])C(OC)C2OC)C(OC)C(O)C1O[*],[H]N(C([H])([H])C(N([H])C(C)([H])C(N(C([H])([H])C([*])=O)[H])=O)=O)C(C(N([*])[H])(C)[H])=O,156,5.996130661034708
Pair_168,[H]N(C(O[*])=O)CCCCCCN(C(OCCCCO[*])=O)[H],[H]N(C([H])([H])C(N([H])C(C)([H])C(N(C([H])([H])C([*])=O)[H])=O)=O)C(C(N([*])[H])(C)[H])=O,157,5.309480627170922
Pair_169,COC(C(C[*])([*])C)=O,[H]N(C([H])([H])C(N([H])C(C)([H])C(N(C([H])([H])C([*])=O)[H])=O)=O)C(C(N([*])[H])(C)[H])=O,158,5.714186817674489
Pair_170,[*]OC1OC(CO)C(OC2C(O)C(O)C([*])C(CO)O2)C(O)C1O,[H]N(C([H])([H])C(N([H])C(C)([H])C(N(C([H])([H])C([*])=O)[H])=O)=O)C(C(N([*])[H])(C)[H])=O,159,6.084210938219397
Pair_171,[*]CC(C)(C(OCCO)=O)[*],[H]N(C([H])([H])C(N([H])C(C)([H])C(N(C([H])([H])C([*])=O)[H])=O)=O)C(C(N([*])[H])(C)[H])=O,160,3.7684886709383445
Pair_172,[*]C(N(CN(C(OCOC(N(CN(C(OCCO[*])=O)[H])[H])=O)=O)[H])[H])=O,[H]N(C([H])([H])C(N([H])C(C)([H])C(N(C([H])([H])C([*])=O)[H])=O)=O)C(C(N([*])[H])(C)[H])=O,161,5.037302053713016
Pair_173,O=C([*])CCCCCO[*],[H]N(C([H])([H])C(N([H])C(C)([H])C(N(C([H])([H])C([*])=O)[H])=O)=O)C(C(N([*])[H])(C)[H])=O,162,5.455584240857665
Pair_174,O=C(N1C(C([*])=O)CC(O)C1)CNC(C2CCCN2[*])=O,[H]N(C([H])([H])C(N([H])C(C)([H])C(N(C([H])([H])C([*])=O)[H])=O)=O)C(C(N([*])[H])(C)[H])=O,163,5.2380182941368885
Pair_175,O=C(C(OC(C=O)OC1C(C(C(OC1C(O[Na])=O)O[*])O)O)C(C=O)[*])O[Na],[H]N(C([H])([H])C(N([H])C(C)([H])C(N(C([H])([H])C([*])=O)[H])=O)=O)C(C(N([*])[H])(C)[H])=O,164,6.01352559882196
Pair_181,[*]OC1C(C(O)=O)OC(OC2C(NC(C)=O)C([*])OC(CO)C2O)C(O)C1O,[*]OCC[*],165,4.557129292113657
Pair_182,[*]C1C(C(C(OC1C(O[Na])=O)OC2C(C(O[Na])=O)OC(O[*])C(O)C2O)O)O,[*]OC1C(C(O)=O)OC(OC2C(NC(C)=O)C([*])OC(CO)C2O)C(O)C1O,166,3.882435952068315
Pair_183,OC1C(OC(C(C1O)O)[*])CO[*],[*]OC1C(C(O)=O)OC(OC2C(NC(C)=O)C([*])OC(CO)C2O)C(O)C1O,167,5.289670724314443
Pair_184,OCC1OC(C(C(C1[*])O)O)OC2C(C(C(OC2CO)O[*])O)O,[*]OC1C(C(O)=O)OC(OC2C(NC(C)=O)C([*])OC(CO)C2O)C(O)C1O,168,5.545781164997031
Pair_185,[*]C([C@H](C)OC([C@H](C)O[*])=O)=O,[*]OC1C(C(O)=O)OC(OC2C(NC(C)=O)C([*])OC(CO)C2O)C(O)C1O,169,6.127660311501269
Pair_186,[*]C1C(OC(C(C1O)O)OC2C(OC(C(C2O)O)OC3C(OC(C(C3O)O)O[*])CO)CO)CO,[*]OC1C(C(O)=O)OC(OC2C(NC(C)=O)C([*])OC(CO)C2O)C(O)C1O,170,5.148168836690909
Pair_187,[*]C(CCCCCO[*])=O,[*]OC1C(C(O)=O)OC(OC2C(NC(C)=O)C([*])OC(CO)C2O)C(O)C1O,171,4.782420551767333
Pair_188,[*]NC(C(O)=O)CCC([*])=O,[*]OC1C(C(O)=O)OC(OC2C(NC(C)=O)C([*])OC(CO)C2O)C(O)C1O,172,5.914734553774777
Pair_189,[*]C(C)C(OCC(O[*])=O)=O,[*]OC1C(C(O)=O)OC(OC2C(NC(C)=O)C([*])OC(CO)C2O)C(O)C1O,173,5.665173607964966
Pair_190,O=C(N([*])C([*])=O)CC=C,[*]OC1C(C(O)=O)OC(OC2C(NC(C)=O)C([*])OC(CO)C2O)C(O)C1O,174,4.844442063544088
Pair_191,[*]C1=C(C=CN2)C2=C([*])C(O)=C1O,[*]OC1C(C(O)=O)OC(OC2C(NC(C)=O)C([*])OC(CO)C2O)C(O)C1O,175,4.917557975343654
Pair_192,O=C(C(C[*])[*])N,[*]OC1C(C(O)=O)OC(OC2C(NC(C)=O)C([*])OC(CO)C2O)C(O)C1O,176,2.103835106862452
Pair_193,OCC1OC(C(C(C1O[*])O)NC(C)=O)OC2C(O)C(C(OC2CO)[*])NC(C)=O,[*]OC1C(C(O)=O)OC(OC2C(NC(C)=O)C([*])OC(CO)C2O)C(O)C1O,177,5.092590018484545
Pair_194,O=C(N)C([*])C[*],[*]OC1C(C(O)=O)OC(OC2C(NC(C)=O)C([*])OC(CO)C2O)C(O)C1O,178,2.103835106862452
Pair_195,[*]CC(C1=CC=C(C=C1)S(O)(=O)=O)[*],[*]OC1C(C(O)=O)OC(OC2C(NC(C)=O)C([*])OC(CO)C2O)C(O)C1O,179,4.905055319585453
Pair_196,[*]NC(CCC([*])=O)C(O)=O,[*]OC1C(C(O)=O)OC(OC2C(NC(C)=O)C([*])OC(CO)C2O)C(O)C1O,180,5.914734553774777
Pair_197,CC(NC1C(OC(C(C1OC2OC(C(C(C2OCC(COC(C(C)=C)=O)O)O)O[*])C([O-])=O)O)O)O[*])=O,[*]OC1C(C(O)=O)OC(OC2C(NC(C)=O)C([*])OC(CO)C2O)C(O)C1O,181,4.8755840841727265
Pair_198,[*]C(C)(C(OCCN(C)C)=O)C[*],[*]OC1C(C(O)=O)OC(OC2C(NC(C)=O)C([*])OC(CO)C2O)C(O)C1O,182,4.363070003699257
Pair_199,[*]OC1C(C(C(OC1C)OC2C(C(OC(C2O)COC(C)=O)OC3C(C(C(OC3C(O)=O)OC4C(C(C(OC4CO)O[*])O)O)O)O)OC(C(O)CO)=O)O)O,[*]OC1C(C(O)=O)OC(OC2C(NC(C)=O)C([*])OC(CO)C2O)C(O)C1O,183,5.745469853896161
Pair_200,CC(NC1C([C@@H](C(O[C@H]1O[*])CO)O[C@@H]2OC([C@H]([C@@H](C2NC(C)=O)O)[*])CO)O)=O,[*]OC1C(C(O)=O)OC(OC2C(NC(C)=O)C([*])OC(CO)C2O)C(O)C1O,184,6.20574398388601
Pair_201,O=C([*])C(C)O[*],[*]OC1C(C(O)=O)OC(OC2C(NC(C)=O)C([*])OC(CO)C2O)C(O)C1O,185,5.8391832228434275
Pair_202,COCC1OC(OC2C(CO)OC(O[*])C(OC)C2OC)C(OC)C(O)C1O[*],[*]OC1C(C(O)=O)OC(OC2C(NC(C)=O)C([*])OC(CO)C2O)C(O)C1O,186,5.513085413811212
Pair_203,[*]OC1C(C(O)=O)OC(OC2C(NC(C)=O)C([*])OC(CO)C2O)C(O)C1O,[H]N(C(O[*])=O)CCCCCCN(C(OCCCCO[*])=O)[H],187,4.318590199215108
Pair_204,COC(C(C[*])([*])C)=O,[*]OC1C(C(O)=O)OC(OC2C(NC(C)=O)C([*])OC(CO)C2O)C(O)C1O,188,5.576442208222697
Pair_205,[*]OC1C(C(O)=O)OC(OC2C(NC(C)=O)C([*])OC(CO)C2O)C(O)C1O,[*]OC1OC(CO)C(OC2C(O)C(O)C([*])C(CO)O2)C(O)C1O,189,5.545781164997031
Pair_206,[*]CC(C)(C(OCCO)=O)[*],[*]OC1C(C(O)=O)OC(OC2C(NC(C)=O)C([*])OC(CO)C2O)C(O)C1O,190,3.4406454882935957
Pair_207,[*]C(N(CN(C(OCOC(N(CN(C(OCCO[*])=O)[H])[H])=O)=O)[H])[H])=O,[*]OC1C(C(O)=O)OC(OC2C(NC(C)=O)C([*])OC(CO)C2O)C(O)C1O,191,4.322646065634998
Pair_208,O=C([*])CCCCCO[*],[*]OC1C(C(O)=O)OC(OC2C(NC(C)=O)C([*])OC(CO)C2O)C(O)C1O,192,4.782420551767333
Pair_209,O=C(N1C(C([*])=O)CC(O)C1)CNC(C2CCCN2[*])=O,[*]OC1C(C(O)=O)OC(OC2C(NC(C)=O)C([*])OC(CO)C2O)C(O)C1O,193,4.816469581171401
Pair_210,O=C(C(OC(C=O)OC1C(C(C(OC1C(O[Na])=O)O[*])O)O)C(C=O)[*])O[Na],[*]OC1C(C(O)=O)OC(OC2C(NC(C)=O)C([*])OC(CO)C2O)C(O)C1O,194,5.764377740440869
Pair_217,[*]C1C(C(C(OC1C(O[Na])=O)OC2C(C(O[Na])=O)OC(O[*])C(O)C2O)O)O,[*]OCC[*],195,4.354032446058716
Pair_218,OC1C(OC(C(C1O)O)[*])CO[*],[*]OCC[*],196,5.368268327103591
Pair_219,OCC1OC(C(C(C1[*])O)O)OC2C(C(C(OC2CO)O[*])O)O,[*]OCC[*],197,5.665851168376546
Pair_220,[*]C([C@H](C)OC([C@H](C)O[*])=O)=O,[*]OCC[*],198,5.928515163756374
Pair_221,[*]C1C(OC(C(C1O)O)OC2C(OC(C(C2O)O)OC3C(OC(C(C3O)O)O[*])CO)CO)CO,[*]OCC[*],199,5.285179518174998
Pair_222,[*]C(CCCCCO[*])=O,[*]OCC[*],200,4.776304128106867
Pair_223,[*]NC(C(O)=O)CCC([*])=O,[*]OCC[*],201,5.721405352703881
Pair_224,[*]C(C)C(OCC(O[*])=O)=O,[*]OCC[*],202,5.585989812232959
Pair_225,O=C(N([*])C([*])=O)CC=C,[*]OCC[*],203,4.786709578118024
Pair_226,[*]C1=C(C=CN2)C2=C([*])C(O)=C1O,[*]OCC[*],204,5.307369283789281
Pair_227,O=C(C(C[*])[*])N,[*]OCC[*],205,2.123578503869822
Pair_228,OCC1OC(C(C(C1O[*])O)NC(C)=O)OC2C(O)C(C(OC2CO)[*])NC(C)=O,[*]OCC[*],206,5.406973768672574
Pair_229,O=C(N)C([*])C[*],[*]OCC[*],207,2.123578503869822
Pair_230,[*]CC(C1=CC=C(C=C1)S(O)(=O)=O)[*],[*]OCC[*],208,5.019525240694684
Pair_231,[*]NC(CCC([*])=O)C(O)=O,[*]OCC[*],209,5.721405352703881
Pair_232,CC(NC1C(OC(C(C1OC2OC(C(C(C2OCC(COC(C(C)=C)=O)O)O)O[*])C([O-])=O)O)O)O[*])=O,[*]OCC[*],210,4.7910609275021825
Pair_233,[*]C(C)(C(OCCN(C)C)=O)C[*],[*]OCC[*],211,4.18265531569954
Pair_234,[*]OC1C(C(C(OC1C)OC2C(C(OC(C2O)COC(C)=O)OC3C(C(C(OC3C(O)=O)OC4C(C(C(OC4CO)O[*])O)O)O)O)OC(C(O)CO)=O)O)O,[*]OCC[*],212,5.78462318145633
Pair_235,CC(NC1C([C@@H](C(O[C@H]1O[*])CO)O[C@@H]2OC([C@H]([C@@H](C2NC(C)=O)O)[*])CO)O)=O,[*]OCC[*],213,6.363910782194854
Pair_236,O=C([*])C(C)O[*],[*]OCC[*],214,5.712372966772151
Pair_237,COCC1OC(OC2C(CO)OC(O[*])C(OC)C2OC)C(OC)C(O)C1O[*],[*]OCC[*],215,5.616279840587751
Pair_238,[*]OCC[*],[H]N(C(O[*])=O)CCCCCCN(C(OCCCCO[*])=O)[H],216,4.628831609616285
Pair_239,COC(C(C[*])([*])C)=O,[*]OCC[*],217,5.4382808603313535
Pair_240,[*]OC1OC(CO)C(OC2C(O)C(O)C([*])C(CO)O2)C(O)C1O,[*]OCC[*],218,5.665851168376546
Pair_241,[*]CC(C)(C(OCCO)=O)[*],[*]OCC[*],219,3.3060960074422647
Pair_242,[*]C(N(CN(C(OCOC(N(CN(C(OCCO[*])=O)[H])[H])=O)=O)[H])[H])=O,[*]OCC[*],220,4.2921049939758165
Pair_243,O=C([*])CCCCCO[*],[*]OCC[*],221,4.776304128106867
Pair_244,O=C(N1C(C([*])=O)CC(O)C1)CNC(C2CCCN2[*])=O,[*]OCC[*],222,4.656876298805443
Pair_245,O=C(C(OC(C=O)OC1C(C(C(OC1C(O[Na])=O)O[*])O)O)C(C=O)[*])O[Na],[*]OCC[*],223,5.848402203846281
Pair_253,OC1C(OC(C(C1O)O)[*])CO[*],[*]C1C(C(C(OC1C(O[Na])=O)OC2C(C(O[Na])=O)OC(O[*])C(O)C2O)O)O,224,5.0634913485758934
Pair_254,OCC1OC(C(C(C1[*])O)O)OC2C(C(C(OC2CO)O[*])O)O,[*]C1C(C(C(OC1C(O[Na])=O)OC2C(C(O[Na])=O)OC(O[*])C(O)C2O)O)O,225,5.554719063052002
Pair_255,[*]C([C@H](C)OC([C@H](C)O[*])=O)=O,[*]C1C(C(C(OC1C(O[Na])=O)OC2C(C(O[Na])=O)OC(O[*])C(O)C2O)O)O,226,6.078859617751101
Pair_256,[*]C1C(C(C(OC1C(O[Na])=O)OC2C(C(O[Na])=O)OC(O[*])C(O)C2O)O)O,[*]C1C(OC(C(C1O)O)OC2C(OC(C(C2O)O)OC3C(OC(C(C3O)O)O[*])CO)CO)CO,227,5.1418750391723815
Pair_257,[*]C(CCCCCO[*])=O,[*]C1C(C(C(OC1C(O[Na])=O)OC2C(C(O[Na])=O)OC(O[*])C(O)C2O)O)O,228,4.696453365008431
Pair_258,[*]C1C(C(C(OC1C(O[Na])=O)OC2C(C(O[Na])=O)OC(O[*])C(O)C2O)O)O,[*]NC(C(O)=O)CCC([*])=O,229,5.751870931895842
Pair_259,[*]C(C)C(OCC(O[*])=O)=O,[*]C1C(C(C(OC1C(O[Na])=O)OC2C(C(O[Na])=O)OC(O[*])C(O)C2O)O)O,230,5.482958884460435
Pair_260,O=C(N([*])C([*])=O)CC=C,[*]C1C(C(C(OC1C(O[Na])=O)OC2C(C(O[Na])=O)OC(O[*])C(O)C2O)O)O,231,4.3975737404253845
Pair_261,[*]C1=C(C=CN2)C2=C([*])C(O)=C1O,[*]C1C(C(C(OC1C(O[Na])=O)OC2C(C(O[Na])=O)OC(O[*])C(O)C2O)O)O,232,4.86599912212578
Pair_262,O=C(C(C[*])[*])N,[*]C1C(C(C(OC1C(O[Na])=O)OC2C(C(O[Na])=O)OC(O[*])C(O)C2O)O)O,233,1.8609631281112462
Pair_263,OCC1OC(C(C(C1O[*])O)NC(C)=O)OC2C(O)C(C(OC2CO)[*])NC(C)=O,[*]C1C(C(C(OC1C(O[Na])=O)OC2C(C(O[Na])=O)OC(O[*])C(O)C2O)O)O,234,4.787045539375065
Pair_264,O=C(N)C([*])C[*],[*]C1C(C(C(OC1C(O[Na])=O)OC2C(C(O[Na])=O)OC(O[*])C(O)C2O)O)O,235,1.8609631281112462
Pair_265,[*]C1C(C(C(OC1C(O[Na])=O)OC2C(C(O[Na])=O)OC(O[*])C(O)C2O)O)O,[*]CC(C1=CC=C(C=C1)S(O)(=O)=O)[*],236,4.560411234983728
Pair_266,[*]C1C(C(C(OC1C(O[Na])=O)OC2C(C(O[Na])=O)OC(O[*])C(O)C2O)O)O,[*]NC(CCC([*])=O)C(O)=O,237,5.751870931895842
Pair_267,CC(NC1C(OC(C(C1OC2OC(C(C(C2OCC(COC(C(C)=C)=O)O)O)O[*])C([O-])=O)O)O)O[*])=O,[*]C1C(C(C(OC1C(O[Na])=O)OC2C(C(O[Na])=O)OC(O[*])C(O)C2O)O)O,238,4.440632415716162
Pair_268,[*]C(C)(C(OCCN(C)C)=O)C[*],[*]C1C(C(C(OC1C(O[Na])=O)OC2C(C(O[Na])=O)OC(O[*])C(O)C2O)O)O,239,3.93569154201285
Pair_269,[*]C1C(C(C(OC1C(O[Na])=O)OC2C(C(O[Na])=O)OC(O[*])C(O)C2O)O)O,[*]OC1C(C(C(OC1C)OC2C(C(OC(C2O)COC(C)=O)OC3C(C(C(OC3C(O)=O)OC4C(C(C(OC4CO)O[*])O)O)O)O)OC(C(O)CO)=O)O)O,240,5.508837619613359
Pair_270,CC(NC1C([C@@H](C(O[C@H]1O[*])CO)O[C@@H]2OC([C@H]([C@@H](C2NC(C)=O)O)[*])CO)O)=O,[*]C1C(C(C(OC1C(O[Na])=O)OC2C(C(O[Na])=O)OC(O[*])C(O)C2O)O)O,241,5.948378014562518
Pair_271,O=C([*])C(C)O[*],[*]C1C(C(C(OC1C(O[Na])=O)OC2C(C(O[Na])=O)OC(O[*])C(O)C2O)O)O,242,5.772419380298041
Pair_272,COCC1OC(OC2C(CO)OC(O[*])C(OC)C2OC)C(OC)C(O)C1O[*],[*]C1C(C(C(OC1C(O[Na])=O)OC2C(C(O[Na])=O)OC(O[*])C(O)C2O)O)O,243,5.241983176937066
Pair_273,[*]C1C(C(C(OC1C(O[Na])=O)OC2C(C(O[Na])=O)OC(O[*])C(O)C2O)O)O,[H]N(C(O[*])=O)CCCCCCN(C(OCCCCO[*])=O)[H],244,4.06946682668609
Pair_274,COC(C(C[*])([*])C)=O,[*]C1C(C(C(OC1C(O[Na])=O)OC2C(C(O[Na])=O)OC(O[*])C(O)C2O)O)O,245,5.335118218795104
Pair_275,[*]C1C(C(C(OC1C(O[Na])=O)OC2C(C(O[Na])=O)OC(O[*])C(O)C2O)O)O,[*]OC1OC(CO)C(OC2C(O)C(O)C([*])C(CO)O2)C(O)C1O,246,5.554719063052002
Pair_276,[*]C1C(C(C(OC1C(O[Na])=O)OC2C(C(O[Na])=O)OC(O[*])C(O)C2O)O)O,[*]CC(C)(C(OCCO)=O)[*],247,3.1255111738094135
Pair_277,[*]C(N(CN(C(OCOC(N(CN(C(OCCO[*])=O)[H])[H])=O)=O)[H])[H])=O,[*]C1C(C(C(OC1C(O[Na])=O)OC2C(C(O[Na])=O)OC(O[*])C(O)C2O)O)O,248,3.84000531838835
Pair_278,O=C([*])CCCCCO[*],[*]C1C(C(C(OC1C(O[Na])=O)OC2C(C(O[Na])=O)OC(O[*])C(O)C2O)O)O,249,4.696453365008431
Pair_279,O=C(N1C(C([*])=O)CC(O)C1)CNC(C2CCCN2[*])=O,[*]C1C(C(C(OC1C(O[Na])=O)OC2C(C(O[Na])=O)OC(O[*])C(O)C2O)O)O,250,4.246188391389004
Pair_280,O=C(C(OC(C=O)OC1C(C(C(OC1C(O[Na])=O)O[*])O)O)C(C=O)[*])O[Na],[*]C1C(C(C(OC1C(O[Na])=O)OC2C(C(O[Na])=O)OC(O[*])C(O)C2O)O)O,251,5.456274491031544
Pair_289,OC1C(OC(C(C1O)O)[*])CO[*],OCC1OC(C(C(C1[*])O)O)OC2C(C(C(OC2CO)O[*])O)O,252,6.100681215334114
Pair_290,OC1C(OC(C(C1O)O)[*])CO[*],[*]C([C@H](C)OC([C@H](C)O[*])=O)=O,253,6.264421366216101
Pair_291,OC1C(OC(C(C1O)O)[*])CO[*],[*]C1C(OC(C(C1O)O)OC2C(OC(C(C2O)O)OC3C(OC(C(C3O)O)O[*])CO)CO)CO,254,5.727528476972506
Pair_292,OC1C(OC(C(C1O)O)[*])CO[*],[*]C(CCCCCO[*])=O,255,5.419027557498301
Pair_293,OC1C(OC(C(C1O)O)[*])CO[*],[*]NC(C(O)=O)CCC([*])=O,256,6.142107942570869
Pair_294,OC1C(OC(C(C1O)O)[*])CO[*],[*]C(C)C(OCC(O[*])=O)=O,257,6.046209038605568
Pair_295,O=C(N([*])C([*])=O)CC=C,OC1C(OC(C(C1O)O)[*])CO[*],258,5.4185756376290515
Pair_296,OC1C(OC(C(C1O)O)[*])CO[*],[*]C1=C(C=CN2)C2=C([*])C(O)=C1O,259,6.003815773509159
Pair_297,O=C(C(C[*])[*])N,OC1C(OC(C(C1O)O)[*])CO[*],260,3.032751222012384
Pair_298,OC1C(OC(C(C1O)O)[*])CO[*],OCC1OC(C(C(C1O[*])O)NC(C)=O)OC2C(O)C(C(OC2CO)[*])NC(C)=O,261,5.908725306365913
Pair_299,O=C(N)C([*])C[*],OC1C(OC(C(C1O)O)[*])CO[*],262,3.032751222012384
Pair_300,OC1C(OC(C(C1O)O)[*])CO[*],[*]CC(C1=CC=C(C=C1)S(O)(=O)=O)[*],263,5.700505037577303
Pair_301,OC1C(OC(C(C1O)O)[*])CO[*],[*]NC(CCC([*])=O)C(O)=O,264,6.142107942570869
Pair_302,CC(NC1C(OC(C(C1OC2OC(C(C(C2OCC(COC(C(C)=C)=O)O)O)O[*])C([O-])=O)O)O)O[*])=O,OC1C(OC(C(C1O)O)[*])CO[*],265,5.243139797797383
Pair_303,OC1C(OC(C(C1O)O)[*])CO[*],[*]C(C)(C(OCCN(C)C)=O)C[*],266,4.677107270169134
Pair_304,OC1C(OC(C(C1O)O)[*])CO[*],[*]OC1C(C(C(OC1C)OC2C(C(OC(C2O)COC(C)=O)OC3C(C(C(OC3C(O)=O)OC4C(C(C(OC4CO)O[*])O)O)O)O)OC(C(O)CO)=O)O)O,267,6.046824209776113
Pair_305,CC(NC1C([C@@H](C(O[C@H]1O[*])CO)O[C@@H]2OC([C@H]([C@@H](C2NC(C)=O)O)[*])CO)O)=O,OC1C(OC(C(C1O)O)[*])CO[*],268,6.699344677982096
Pair_306,O=C([*])C(C)O[*],OC1C(OC(C(C1O)O)[*])CO[*],269,6.182879394418764
Pair_307,COCC1OC(OC2C(CO)OC(O[*])C(OC)C2OC)C(OC)C(O)C1O[*],OC1C(OC(C(C1O)O)[*])CO[*],270,6.139810698019266
Pair_308,OC1C(OC(C(C1O)O)[*])CO[*],[H]N(C(O[*])=O)CCCCCCN(C(OCCCCO[*])=O)[H],271,5.403108129925941
Pair_309,COC(C(C[*])([*])C)=O,OC1C(OC(C(C1O)O)[*])CO[*],272,5.912549766708662
Pair_310,OC1C(OC(C(C1O)O)[*])CO[*],[*]OC1OC(CO)C(OC2C(O)C(O)C([*])C(CO)O2)C(O)C1O,273,6.100681215334114
Pair_311,OC1C(OC(C(C1O)O)[*])CO[*],[*]CC(C)(C(OCCO)=O)[*],274,3.779638722279007
Pair_312,OC1C(OC(C(C1O)O)[*])CO[*],[*]C(N(CN(C(OCOC(N(CN(C(OCCO[*])=O)[H])[H])=O)=O)[H])[H])=O,275,4.9635437274357335
Pair_313,O=C([*])CCCCCO[*],OC1C(OC(C(C1O)O)[*])CO[*],276,5.419027557498301
Pair_314,O=C(N1C(C([*])=O)CC(O)C1)CNC(C2CCCN2[*])=O,OC1C(OC(C(C1O)O)[*])CO[*],277,5.242082204235207
Pair_315,O=C(C(OC(C=O)OC1C(C(C(OC1C(O[Na])=O)O[*])O)O)C(C=O)[*])O[Na],OC1C(OC(C(C1O)O)[*])CO[*],278,6.2230103495527995
Pair_325,OCC1OC(C(C(C1[*])O)O)OC2C(C(C(OC2CO)O[*])O)O,[*]C([C@H](C)OC([C@H](C)O[*])=O)=O,279,6.350878075145835
Pair_326,OCC1OC(C(C(C1[*])O)O)OC2C(C(C(OC2CO)O[*])O)O,[*]C1C(OC(C(C1O)O)OC2C(OC(C(C2O)O)OC3C(OC(C(C3O)O)O[*])CO)CO)CO,280,5.614441760438436
Pair_327,OCC1OC(C(C(C1[*])O)O)OC2C(C(C(OC2CO)O[*])O)O,[*]C(CCCCCO[*])=O,281,5.5559522331309665
Pair_328,OCC1OC(C(C(C1[*])O)O)OC2C(C(C(OC2CO)O[*])O)O,[*]NC(C(O)=O)CCC([*])=O,282,6.2725772681271765
Pair_329,OCC1OC(C(C(C1[*])O)O)OC2C(C(C(OC2CO)O[*])O)O,[*]C(C)C(OCC(O[*])=O)=O,283,6.2100802012769005
Pair_330,O=C(N([*])C([*])=O)CC=C,OCC1OC(C(C(C1[*])O)O)OC2C(C(C(OC2CO)O[*])O)O,284,5.817330159223755
Pair_331,OCC1OC(C(C(C1[*])O)O)OC2C(C(C(OC2CO)O[*])O)O,[*]C1=C(C=CN2)C2=C([*])C(O)=C1O,285,6.268696387379107
Pair_332,O=C(C(C[*])[*])N,OCC1OC(C(C(C1[*])O)O)OC2C(C(C(OC2CO)O[*])O)O,286,3.682880822940644
Pair_333,OCC1OC(C(C(C1O[*])O)NC(C)=O)OC2C(O)C(C(OC2CO)[*])NC(C)=O,OCC1OC(C(C(C1[*])O)O)OC2C(C(C(OC2CO)O[*])O)O,287,6.240798840896484
Pair_334,O=C(N)C([*])C[*],OCC1OC(C(C(C1[*])O)O)OC2C(C(C(OC2CO)O[*])O)O,288,3.682880822940644
Pair_335,OCC1OC(C(C(C1[*])O)O)OC2C(C(C(OC2CO)O[*])O)O,[*]CC(C1=CC=C(C=C1)S(O)(=O)=O)[*],289,6.128697335016075
Pair_336,OCC1OC(C(C(C1[*])O)O)OC2C(C(C(OC2CO)O[*])O)O,[*]NC(CCC([*])=O)C(O)=O,290,6.2725772681271765
Pair_337,CC(NC1C(OC(C(C1OC2OC(C(C(C2OCC(COC(C(C)=C)=O)O)O)O[*])C([O-])=O)O)O)O[*])=O,OCC1OC(C(C(C1[*])O)O)OC2C(C(C(OC2CO)O[*])O)O,291,5.581426418606978
Pair_338,OCC1OC(C(C(C1[*])O)O)OC2C(C(C(OC2CO)O[*])O)O,[*]C(C)(C(OCCN(C)C)=O)C[*],292,5.033611479126396
Pair_339,OCC1OC(C(C(C1[*])O)O)OC2C(C(C(OC2CO)O[*])O)O,[*]OC1C(C(C(OC1C)OC2C(C(OC(C2O)COC(C)=O)OC3C(C(C(OC3C(O)=O)OC4C(C(C(OC4CO)O[*])O)O)O)O)OC(C(O)CO)=O)O)O,293,6.117236291195321
Pair_340,CC(NC1C([C@@H](C(O[C@H]1O[*])CO)O[C@@H]2OC([C@H]([C@@H](C2NC(C)=O)O)[*])CO)O)=O,OCC1OC(C(C(C1[*])O)O)OC2C(C(C(OC2CO)O[*])O)O,294,6.80434980403573
Pair_341,O=C([*])C(C)O[*],OCC1OC(C(C(C1[*])O)O)OC2C(C(C(OC2CO)O[*])O)O,295,6.324034397361174
Pair_342,COCC1OC(OC2C(CO)OC(O[*])C(OC)C2OC)C(OC)C(O)C1O[*],OCC1OC(C(C(C1[*])O)O)OC2C(C(C(OC2CO)O[*])O)O,296,6.364578142892827
Pair_343,OCC1OC(C(C(C1[*])O)O)OC2C(C(C(OC2CO)O[*])O)O,[H]N(C(O[*])=O)CCCCCCN(C(OCCCCO[*])=O)[H],297,5.811467031421439
Pair_344,COC(C(C[*])([*])C)=O,OCC1OC(C(C(C1[*])O)O)OC2C(C(C(OC2CO)O[*])O)O,298,6.111750903001769
Pair_345,OCC1OC(C(C(C1[*])O)O)OC2C(C(C(OC2CO)O[*])O)O,[*]OC1OC(CO)C(OC2C(O)C(O)C([*])C(CO)O2)C(O)C1O,299,6.001354303407159
Pair_346,OCC1OC(C(C(C1[*])O)O)OC2C(C(C(OC2CO)O[*])O)O,[*]CC(C)(C(OCCO)=O)[*],300,4.132477135395603
Pair_347,OCC1OC(C(C(C1[*])O)O)OC2C(C(C(OC2CO)O[*])O)O,[*]C(N(CN(C(OCOC(N(CN(C(OCCO[*])=O)[H])[H])=O)=O)[H])[H])=O,301,5.269135797024247
Pair_348,O=C([*])CCCCCO[*],OCC1OC(C(C(C1[*])O)O)OC2C(C(C(OC2CO)O[*])O)O,302,5.5559522331309665
Pair_349,O=C(N1C(C([*])=O)CC(O)C1)CNC(C2CCCN2[*])=O,OCC1OC(C(C(C1[*])O)O)OC2C(C(C(OC2CO)O[*])O)O,303,5.694221133975477
Pair_350,O=C(C(OC(C=O)OC1C(C(C(OC1C(O[Na])=O)O[*])O)O)C(C=O)[*])O[Na],OCC1OC(C(C(C1[*])O)O)OC2C(C(C(OC2CO)O[*])O)O,304,6.349596300257999
Pair_361,[*]C([C@H](C)OC([C@H](C)O[*])=O)=O,[*]C1C(OC(C(C1O)O)OC2C(OC(C(C2O)O)OC3C(OC(C(C3O)O)O[*])CO)CO)CO,305,6.068536254314681
Pair_362,[*]C(CCCCCO[*])=O,[*]C([C@H](C)OC([C@H](C)O[*])=O)=O,306,5.846673803608449
Pair_363,[*]C([C@H](C)OC([C@H](C)O[*])=O)=O,[*]NC(C(O)=O)CCC([*])=O,307,6.27859603040886
Pair_364,[*]C(C)C(OCC(O[*])=O)=O,[*]C([C@H](C)OC([C@H](C)O[*])=O)=O,308,6.2377999858430835
Pair_365,O=C(N([*])C([*])=O)CC=C,[*]C([C@H](C)OC([C@H](C)O[*])=O)=O,309,5.89458896607397
Pair_366,[*]C([C@H](C)OC([C@H](C)O[*])=O)=O,[*]C1=C(C=CN2)C2=C([*])C(O)=C1O,310,6.558741869243782
Pair_367,O=C(C(C[*])[*])N,[*]C([C@H](C)OC([C@H](C)O[*])=O)=O,311,4.082846419208601
Pair_368,OCC1OC(C(C(C1O[*])O)NC(C)=O)OC2C(O)C(C(OC2CO)[*])NC(C)=O,[*]C([C@H](C)OC([C@H](C)O[*])=O)=O,312,6.369613599146424
Pair_369,O=C(N)C([*])C[*],[*]C([C@H](C)OC([C@H](C)O[*])=O)=O,313,4.082846419208601
Pair_370,[*]C([C@H](C)OC([C@H](C)O[*])=O)=O,[*]CC(C1=CC=C(C=C1)S(O)(=O)=O)[*],314,6.210147113377135
Pair_371,[*]C([C@H](C)OC([C@H](C)O[*])=O)=O,[*]NC(CCC([*])=O)C(O)=O,315,6.27859603040886
Pair_372,CC(NC1C(OC(C(C1OC2OC(C(C(C2OCC(COC(C(C)=C)=O)O)O)O[*])C([O-])=O)O)O)O[*])=O,[*]C([C@H](C)OC([C@H](C)O[*])=O)=O,316,5.657920286292119
Pair_373,[*]C(C)(C(OCCN(C)C)=O)C[*],[*]C([C@H](C)OC([C@H](C)O[*])=O)=O,317,5.162477245180855
Pair_374,[*]C([C@H](C)OC([C@H](C)O[*])=O)=O,[*]OC1C(C(C(OC1C)OC2C(C(OC(C2O)COC(C)=O)OC3C(C(C(OC3C(O)=O)OC4C(C(C(OC4CO)O[*])O)O)O)O)OC(C(O)CO)=O)O)O,318,6.285072887812085
Pair_375,CC(NC1C([C@@H](C(O[C@H]1O[*])CO)O[C@@H]2OC([C@H]([C@@H](C2NC(C)=O)O)[*])CO)O)=O,[*]C([C@H](C)OC([C@H](C)O[*])=O)=O,319,6.862017322496118
Pair_376,O=C([*])C(C)O[*],[*]C([C@H](C)OC([C@H](C)O[*])=O)=O,320,6.2982188988709735
Pair_377,COCC1OC(OC2C(CO)OC(O[*])C(OC)C2OC)C(OC)C(O)C1O[*],[*]C([C@H](C)OC([C@H](C)O[*])=O)=O,321,6.488089492156834
Pair_378,[*]C([C@H](C)OC([C@H](C)O[*])=O)=O,[H]N(C(O[*])=O)CCCCCCN(C(OCCCCO[*])=O)[H],322,6.243046223887943
Pair_379,COC(C(C[*])([*])C)=O,[*]C([C@H](C)OC([C@H](C)O[*])=O)=O,323,6.14572612953518
Pair_380,[*]C([C@H](C)OC([C@H](C)O[*])=O)=O,[*]OC1OC(CO)C(OC2C(O)C(O)C([*])C(CO)O2)C(O)C1O,324,6.350878075145835
Pair_381,[*]C([C@H](C)OC([C@H](C)O[*])=O)=O,[*]CC(C)(C(OCCO)=O)[*],325,4.368470354900663
Pair_382,[*]C(N(CN(C(OCOC(N(CN(C(OCCO[*])=O)[H])[H])=O)=O)[H])[H])=O,[*]C([C@H](C)OC([C@H](C)O[*])=O)=O,326,5.7157659844137365
Pair_383,O=C([*])CCCCCO[*],[*]C([C@H](C)OC([C@H](C)O[*])=O)=O,327,5.846673803608449
Pair_384,O=C(N1C(C([*])=O)CC(O)C1)CNC(C2CCCN2[*])=O,[*]C([C@H](C)OC([C@H](C)O[*])=O)=O,328,5.795392075856477
Pair_385,O=C(C(OC(C=O)OC1C(C(C(OC1C(O[Na])=O)O[*])O)O)C(C=O)[*])O[Na],[*]C([C@H](C)OC([C@H](C)O[*])=O)=O,329,6.452009969269965
Pair_397,[*]C(CCCCCO[*])=O,[*]C1C(OC(C(C1O)O)OC2C(OC(C(C2O)O)OC3C(OC(C(C3O)O)O[*])CO)CO)CO,330,5.208497128050397
Pair_398,[*]C1C(OC(C(C1O)O)OC2C(OC(C(C2O)O)OC3C(OC(C(C3O)O)O[*])CO)CO)CO,[*]NC(C(O)=O)CCC([*])=O,331,5.974530177864229
Pair_399,[*]C(C)C(OCC(O[*])=O)=O,[*]C1C(OC(C(C1O)O)OC2C(OC(C(C2O)O)OC3C(OC(C(C3O)O)O[*])CO)CO)CO,332,5.872862658528554
Pair_400,O=C(N([*])C([*])=O)CC=C,[*]C1C(OC(C(C1O)O)OC2C(OC(C(C2O)O)OC3C(OC(C(C3O)O)O[*])CO)CO)CO,333,5.489187116594443
Pair_401,[*]C1=C(C=CN2)C2=C([*])C(O)=C1O,[*]C1C(OC(C(C1O)O)OC2C(OC(C(C2O)O)OC3C(OC(C(C3O)O)O[*])CO)CO)CO,334,5.873673260904134
Pair_402,O=C(C(C[*])[*])N,[*]C1C(OC(C(C1O)O)OC2C(OC(C(C2O)O)OC3C(OC(C(C3O)O)O[*])CO)CO)CO,335,3.4199863964860175
Pair_403,OCC1OC(C(C(C1O[*])O)NC(C)=O)OC2C(O)C(C(OC2CO)[*])NC(C)=O,[*]C1C(OC(C(C1O)O)OC2C(OC(C(C2O)O)OC3C(OC(C(C3O)O)O[*])CO)CO)CO,336,5.869697588883718
Pair_404,O=C(N)C([*])C[*],[*]C1C(OC(C(C1O)O)OC2C(OC(C(C2O)O)OC3C(OC(C(C3O)O)O[*])CO)CO)CO,337,3.4199863964860175
Pair_405,[*]C1C(OC(C(C1O)O)OC2C(OC(C(C2O)O)OC3C(OC(C(C3O)O)O[*])CO)CO)CO,[*]CC(C1=CC=C(C=C1)S(O)(=O)=O)[*],338,5.771726340766869
Pair_406,[*]C1C(OC(C(C1O)O)OC2C(OC(C(C2O)O)OC3C(OC(C(C3O)O)O[*])CO)CO)CO,[*]NC(CCC([*])=O)C(O)=O,339,5.974530177864229
Pair_407,CC(NC1C(OC(C(C1OC2OC(C(C(C2OCC(COC(C(C)=C)=O)O)O)O[*])C([O-])=O)O)O)O[*])=O,[*]C1C(OC(C(C1O)O)OC2C(OC(C(C2O)O)OC3C(OC(C(C3O)O)O[*])CO)CO)CO,340,5.305515012169777
Pair_408,[*]C(C)(C(OCCN(C)C)=O)C[*],[*]C1C(OC(C(C1O)O)OC2C(OC(C(C2O)O)OC3C(OC(C(C3O)O)O[*])CO)CO)CO,341,4.794562532090977
Pair_409,[*]C1C(OC(C(C1O)O)OC2C(OC(C(C2O)O)OC3C(OC(C(C3O)O)O[*])CO)CO)CO,[*]OC1C(C(C(OC1C)OC2C(C(OC(C2O)COC(C)=O)OC3C(C(C(OC3C(O)=O)OC4C(C(C(OC4CO)O[*])O)O)O)O)OC(C(O)CO)=O)O)O,342,5.833050943173478
Pair_410,CC(NC1C([C@@H](C(O[C@H]1O[*])CO)O[C@@H]2OC([C@H]([C@@H](C2NC(C)=O)O)[*])CO)O)=O,[*]C1C(OC(C(C1O)O)OC2C(OC(C(C2O)O)OC3C(OC(C(C3O)O)O[*])CO)CO)CO,343,6.460361017971491
Pair_411,O=C([*])C(C)O[*],[*]C1C(OC(C(C1O)O)OC2C(OC(C(C2O)O)OC3C(OC(C(C3O)O)O[*])CO)CO)CO,344,6.003275556405819
Pair_412,COCC1OC(OC2C(CO)OC(O[*])C(OC)C2OC)C(OC)C(O)C1O[*],[*]C1C(OC(C(C1O)O)OC2C(OC(C(C2O)O)OC3C(OC(C(C3O)O)O[*])CO)CO)CO,345,6.006959754621379
Pair_413,[*]C1C(OC(C(C1O)O)OC2C(OC(C(C2O)O)OC3C(OC(C(C3O)O)O[*])CO)CO)CO,[H]N(C(O[*])=O)CCCCCCN(C(OCCCCO[*])=O)[H],346,5.45311527046551
Pair_414,COC(C(C[*])([*])C)=O,[*]C1C(OC(C(C1O)O)OC2C(OC(C(C2O)O)OC3C(OC(C(C3O)O)O[*])CO)CO)CO,347,5.784797758379596
Pair_415,[*]C1C(OC(C(C1O)O)OC2C(OC(C(C2O)O)OC3C(OC(C(C3O)O)O[*])CO)CO)CO,[*]OC1OC(CO)C(OC2C(O)C(O)C([*])C(CO)O2)C(O)C1O,348,5.614441760438436
Pair_416,[*]C1C(OC(C(C1O)O)OC2C(OC(C(C2O)O)OC3C(OC(C(C3O)O)O[*])CO)CO)CO,[*]CC(C)(C(OCCO)=O)[*],349,3.9511135004208464
Pair_417,[*]C(N(CN(C(OCOC(N(CN(C(OCCO[*])=O)[H])[H])=O)=O)[H])[H])=O,[*]C1C(OC(C(C1O)O)OC2C(OC(C(C2O)O)OC3C(OC(C(C3O)O)O[*])CO)CO)CO,350,4.9749467266005905
Pair_418,O=C([*])CCCCCO[*],[*]C1C(OC(C(C1O)O)OC2C(OC(C(C2O)O)OC3C(OC(C(C3O)O)O[*])CO)CO)CO,351,5.208497128050397
Pair_419,O=C(N1C(C([*])=O)CC(O)C1)CNC(C2CCCN2[*])=O,[*]C1C(OC(C(C1O)O)OC2C(OC(C(C2O)O)OC3C(OC(C(C3O)O)O[*])CO)CO)CO,352,5.4844667868473875
Pair_420,O=C(C(OC(C=O)OC1C(C(C(OC1C(O[Na])=O)O[*])O)O)C(C=O)[*])O[Na],[*]C1C(OC(C(C1O)O)OC2C(OC(C(C2O)O)OC3C(OC(C(C3O)O)O[*])CO)CO)CO,353,5.995660888546209
Pair_433,[*]C(CCCCCO[*])=O,[*]NC(C(O)=O)CCC([*])=O,354,5.682751484042589
Pair_434,[*]C(C)C(OCC(O[*])=O)=O,[*]C(CCCCCO[*])=O,355,5.570914940279898
Pair_435,O=C(N([*])C([*])=O)CC=C,[*]C(CCCCCO[*])=O,356,5.030005859044732
Pair_436,[*]C(CCCCCO[*])=O,[*]C1=C(C=CN2)C2=C([*])C(O)=C1O,357,5.405775197410338
Pair_437,O=C(C(C[*])[*])N,[*]C(CCCCCO[*])=O,358,2.7269826371427954
Pair_438,OCC1OC(C(C(C1O[*])O)NC(C)=O)OC2C(O)C(C(OC2CO)[*])NC(C)=O,[*]C(CCCCCO[*])=O,359,5.6438077489410095
Pair_439,O=C(N)C([*])C[*],[*]C(CCCCCO[*])=O,360,2.7269826371427954
Pair_440,[*]C(CCCCCO[*])=O,[*]CC(C1=CC=C(C=C1)S(O)(=O)=O)[*],361,5.280242105961886
Pair_441,[*]C(CCCCCO[*])=O,[*]NC(CCC([*])=O)C(O)=O,362,5.682751484042589
Pair_442,CC(NC1C(OC(C(C1OC2OC(C(C(C2OCC(COC(C(C)=C)=O)O)O)O[*])C([O-])=O)O)O)O[*])=O,[*]C(CCCCCO[*])=O,363,4.989565285447407
Pair_443,[*]C(C)(C(OCCN(C)C)=O)C[*],[*]C(CCCCCO[*])=O,364,4.476737364929851
Pair_444,[*]C(CCCCCO[*])=O,[*]OC1C(C(C(OC1C)OC2C(C(OC(C2O)COC(C)=O)OC3C(C(C(OC3C(O)=O)OC4C(C(C(OC4CO)O[*])O)O)O)O)OC(C(O)CO)=O)O)O,365,5.805767260040641
Pair_445,CC(NC1C([C@@H](C(O[C@H]1O[*])CO)O[C@@H]2OC([C@H]([C@@H](C2NC(C)=O)O)[*])CO)O)=O,[*]C(CCCCCO[*])=O,366,6.356654708639394
Pair_446,O=C([*])C(C)O[*],[*]C(CCCCCO[*])=O,367,5.6827087743426885
Pair_447,COCC1OC(OC2C(CO)OC(O[*])C(OC)C2OC)C(OC)C(O)C1O[*],[*]C(CCCCCO[*])=O,368,5.71521269317988
Pair_448,[*]C(CCCCCO[*])=O,[H]N(C(O[*])=O)CCCCCCN(C(OCCCCO[*])=O)[H],369,4.7348862903180935
Pair_449,COC(C(C[*])([*])C)=O,[*]C(CCCCCO[*])=O,370,5.511833916252169
Pair_450,[*]C(CCCCCO[*])=O,[*]OC1OC(CO)C(OC2C(O)C(O)C([*])C(CO)O2)C(O)C1O,371,5.5559522331309665
Pair_451,[*]C(CCCCCO[*])=O,[*]CC(C)(C(OCCO)=O)[*],372,3.625504281236214
Pair_452,[*]C(CCCCCO[*])=O,[*]C(N(CN(C(OCOC(N(CN(C(OCCO[*])=O)[H])[H])=O)=O)[H])[H])=O,373,4.488992687247789
Pair_453,O=C([*])CCCCCO[*],[*]C(CCCCCO[*])=O,374,4.747277717597018
Pair_454,O=C(N1C(C([*])=O)CC(O)C1)CNC(C2CCCN2[*])=O,[*]C(CCCCCO[*])=O,375,4.992021511129724
Pair_455,O=C(C(OC(C=O)OC1C(C(C(OC1C(O[Na])=O)O[*])O)O)C(C=O)[*])O[Na],[*]C(CCCCCO[*])=O,376,5.796418429240631
Pair_469,[*]C(C)C(OCC(O[*])=O)=O,[*]NC(C(O)=O)CCC([*])=O,377,6.163546136461447
Pair_470,O=C(N([*])C([*])=O)CC=C,[*]NC(C(O)=O)CCC([*])=O,378,5.728046084000245
Pair_471,[*]C1=C(C=CN2)C2=C([*])C(O)=C1O,[*]NC(C(O)=O)CCC([*])=O,379,6.373020571042849
Pair_472,O=C(C(C[*])[*])N,[*]NC(C(O)=O)CCC([*])=O,380,3.7220139187771903
Pair_473,OCC1OC(C(C(C1O[*])O)NC(C)=O)OC2C(O)C(C(OC2CO)[*])NC(C)=O,[*]NC(C(O)=O)CCC([*])=O,381,6.271693661937012
Pair_474,O=C(N)C([*])C[*],[*]NC(C(O)=O)CCC([*])=O,382,3.722013918777191
Pair_475,[*]CC(C1=CC=C(C=C1)S(O)(=O)=O)[*],[*]NC(C(O)=O)CCC([*])=O,383,6.048705012819453
Pair_476,[*]NC(C(O)=O)CCC([*])=O,[*]NC(CCC([*])=O)C(O)=O,384,6.185883375336236
Pair_477,CC(NC1C(OC(C(C1OC2OC(C(C(C2OCC(COC(C(C)=C)=O)O)O)O[*])C([O-])=O)O)O)O[*])=O,[*]NC(C(O)=O)CCC([*])=O,385,5.5267459443561755
Pair_478,[*]C(C)(C(OCCN(C)C)=O)C[*],[*]NC(C(O)=O)CCC([*])=O,386,5.003094187338749
Pair_479,[*]NC(C(O)=O)CCC([*])=O,[*]OC1C(C(C(OC1C)OC2C(C(OC(C2O)COC(C)=O)OC3C(C(C(OC3C(O)=O)OC4C(C(C(OC4CO)O[*])O)O)O)O)OC(C(O)CO)=O)O)O,387,6.283128656130563
Pair_480,CC(NC1C([C@@H](C(O[C@H]1O[*])CO)O[C@@H]2OC([C@H]([C@@H](C2NC(C)=O)O)[*])CO)O)=O,[*]NC(C(O)=O)CCC([*])=O,388,6.816826551461144
Pair_481,O=C([*])C(C)O[*],[*]NC(C(O)=O)CCC([*])=O,389,6.249426927534924
Pair_482,COCC1OC(OC2C(CO)OC(O[*])C(OC)C2OC)C(OC)C(O)C1O[*],[*]NC(C(O)=O)CCC([*])=O,390,6.388448036368703
Pair_483,[*]NC(C(O)=O)CCC([*])=O,[H]N(C(O[*])=O)CCCCCCN(C(OCCCCO[*])=O)[H],391,5.929971414219684
Pair_484,COC(C(C[*])([*])C)=O,[*]NC(C(O)=O)CCC([*])=O,392,6.055126611200275
Pair_485,[*]NC(C(O)=O)CCC([*])=O,[*]OC1OC(CO)C(OC2C(O)C(O)C([*])C(CO)O2)C(O)C1O,393,6.2725772681271765
Pair_486,[*]CC(C)(C(OCCO)=O)[*],[*]NC(C(O)=O)CCC([*])=O,394,4.15462332919607
Pair_487,[*]C(N(CN(C(OCOC(N(CN(C(OCCO[*])=O)[H])[H])=O)=O)[H])[H])=O,[*]NC(C(O)=O)CCC([*])=O,395,5.469222822598101
Pair_488,O=C([*])CCCCCO[*],[*]NC(C(O)=O)CCC([*])=O,396,5.682751484042589
Pair_489,O=C(N1C(C([*])=O)CC(O)C1)CNC(C2CCCN2[*])=O,[*]NC(C(O)=O)CCC([*])=O,397,5.690694363697333
Pair_490,O=C(C(OC(C=O)OC1C(C(C(OC1C(O[Na])=O)O[*])O)O)C(C=O)[*])O[Na],[*]NC(C(O)=O)CCC([*])=O,398,6.371012204468497
Pair_505,O=C(N([*])C([*])=O)CC=C,[*]C(C)C(OCC(O[*])=O)=O,399,5.585153683516306
Pair_506,[*]C(C)C(OCC(O[*])=O)=O,[*]C1=C(C=CN2)C2=C([*])C(O)=C1O,400,6.244714855470591
Pair_507,O=C(C(C[*])[*])N,[*]C(C)C(OCC(O[*])=O)=O,401,3.37620298885457
Pair_508,OCC1OC(C(C(C1O[*])O)NC(C)=O)OC2C(O)C(C(OC2CO)[*])NC(C)=O,[*]C(C)C(OCC(O[*])=O)=O,402,6.083708333634008
Pair_509,O=C(N)C([*])C[*],[*]C(C)C(OCC(O[*])=O)=O,403,3.37620298885457
Pair_510,[*]C(C)C(OCC(O[*])=O)=O,[*]CC(C1=CC=C(C=C1)S(O)(=O)=O)[*],404,5.875275344032424
Pair_511,[*]C(C)C(OCC(O[*])=O)=O,[*]NC(CCC([*])=O)C(O)=O,405,6.163546136461447
Pair_512,CC(NC1C(OC(C(C1OC2OC(C(C(C2OCC(COC(C(C)=C)=O)O)O)O[*])C([O-])=O)O)O)O[*])=O,[*]C(C)C(OCC(O[*])=O)=O,406,5.393558126203285
Pair_513,[*]C(C)(C(OCCN(C)C)=O)C[*],[*]C(C)C(OCC(O[*])=O)=O,407,4.8293899696173455
Pair_514,[*]C(C)C(OCC(O[*])=O)=O,[*]OC1C(C(C(OC1C)OC2C(C(OC(C2O)COC(C)=O)OC3C(C(C(OC3C(O)=O)OC4C(C(C(OC4CO)O[*])O)O)O)O)OC(C(O)CO)=O)O)O,408,6.147560827023169
Pair_515,CC(NC1C([C@@H](C(O[C@H]1O[*])CO)O[C@@H]2OC([C@H]([C@@H](C2NC(C)=O)O)[*])CO)O)=O,[*]C(C)C(OCC(O[*])=O)=O,409,6.75947866429537
Pair_516,O=C([*])C(C)O[*],[*]C(C)C(OCC(O[*])=O)=O,410,6.204970978694351
Pair_517,COCC1OC(OC2C(CO)OC(O[*])C(OC)C2OC)C(OC)C(O)C1O[*],[*]C(C)C(OCC(O[*])=O)=O,411,6.28791474509312
Pair_518,[*]C(C)C(OCC(O[*])=O)=O,[H]N(C(O[*])=O)CCCCCCN(C(OCCCCO[*])=O)[H],412,5.750905887200396
Pair_519,COC(C(C[*])([*])C)=O,[*]C(C)C(OCC(O[*])=O)=O,413,5.976132715927636
Pair_520,[*]C(C)C(OCC(O[*])=O)=O,[*]OC1OC(CO)C(OC2C(O)C(O)C([*])C(CO)O2)C(O)C1O,414,6.2100802012769005
Pair_521,[*]C(C)C(OCC(O[*])=O)=O,[*]CC(C)(C(OCCO)=O)[*],415,3.964920137245369
Pair_522,[*]C(C)C(OCC(O[*])=O)=O,[*]C(N(CN(C(OCOC(N(CN(C(OCCO[*])=O)[H])[H])=O)=O)[H])[H])=O,416,5.237211605886257
Pair_523,O=C([*])CCCCCO[*],[*]C(C)C(OCC(O[*])=O)=O,417,5.570914940279898
Pair_524,O=C(N1C(C([*])=O)CC(O)C1)CNC(C2CCCN2[*])=O,[*]C(C)C(OCC(O[*])=O)=O,418,5.407998370350057
Pair_525,O=C(C(OC(C=O)OC1C(C(C(OC1C(O[Na])=O)O[*])O)O)C(C=O)[*])O[Na],[*]C(C)C(OCC(O[*])=O)=O,419,6.316016221002431
Pair_541,O=C(N([*])C([*])=O)CC=C,[*]C1=C(C=CN2)C2=C([*])C(O)=C1O,420,5.462812490769086
Pair_542,O=C(C(C[*])[*])N,O=C(N([*])C([*])=O)CC=C,421,2.3958510600264233
Pair_543,O=C(N([*])C([*])=O)CC=C,OCC1OC(C(C(C1O[*])O)NC(C)=O)OC2C(O)C(C(OC2CO)[*])NC(C)=O,422,5.353694828668224
Pair_544,O=C(N([*])C([*])=O)CC=C,O=C(N)C([*])C[*],423,2.3958510600264233
Pair_545,O=C(N([*])C([*])=O)CC=C,[*]CC(C1=CC=C(C=C1)S(O)(=O)=O)[*],424,4.986070283019439
Pair_546,O=C(N([*])C([*])=O)CC=C,[*]NC(CCC([*])=O)C(O)=O,425,5.728046084000245
Pair_547,CC(NC1C(OC(C(C1OC2OC(C(C(C2OCC(COC(C(C)=C)=O)O)O)O[*])C([O-])=O)O)O)O[*])=O,O=C(N([*])C([*])=O)CC=C,426,4.696023489103557
Pair_548,O=C(N([*])C([*])=O)CC=C,[*]C(C)(C(OCCN(C)C)=O)C[*],427,4.168775165029644
Pair_549,O=C(N([*])C([*])=O)CC=C,[*]OC1C(C(C(OC1C)OC2C(C(OC(C2O)COC(C)=O)OC3C(C(C(OC3C(O)=O)OC4C(C(C(OC4CO)O[*])O)O)O)O)OC(C(O)CO)=O)O)O,428,5.7918734142277755
Pair_550,CC(NC1C([C@@H](C(O[C@H]1O[*])CO)O[C@@H]2OC([C@H]([C@@H](C2NC(C)=O)O)[*])CO)O)=O,O=C(N([*])C([*])=O)CC=C,429,6.238664684462237
Pair_551,O=C(N([*])C([*])=O)CC=C,O=C([*])C(C)O[*],430,5.729937279936842
Pair_552,COCC1OC(OC2C(CO)OC(O[*])C(OC)C2OC)C(OC)C(O)C1O[*],O=C(N([*])C([*])=O)CC=C,431,5.592428246083565
Pair_553,O=C(N([*])C([*])=O)CC=C,[H]N(C(O[*])=O)CCCCCCN(C(OCCCCO[*])=O)[H],432,4.791693416730424
Pair_554,COC(C(C[*])([*])C)=O,O=C(N([*])C([*])=O)CC=C,433,5.409385309065089
Pair_555,O=C(N([*])C([*])=O)CC=C,[*]OC1OC(CO)C(OC2C(O)C(O)C([*])C(CO)O2)C(O)C1O,434,5.817330159223755
Pair_556,O=C(N([*])C([*])=O)CC=C,[*]CC(C)(C(OCCO)=O)[*],435,3.380077880988843
Pair_557,O=C(N([*])C([*])=O)CC=C,[*]C(N(CN(C(OCOC(N(CN(C(OCCO[*])=O)[H])[H])=O)=O)[H])[H])=O,436,4.524051334736257
Pair_558,O=C(N([*])C([*])=O)CC=C,O=C([*])CCCCCO[*],437,5.030005859044732
Pair_559,O=C(N([*])C([*])=O)CC=C,O=C(N1C(C([*])=O)CC(O)C1)CNC(C2CCCN2[*])=O,438,4.720256549840209
Pair_560,O=C(C(OC(C=O)OC1C(C(C(OC1C(O[Na])=O)O[*])O)O)C(C=O)[*])O[Na],O=C(N([*])C([*])=O)CC=C,439,5.786704025320289
Pair_577,O=C(C(C[*])[*])N,[*]C1=C(C=CN2)C2=C([*])C(O)=C1O,440,2.737136499017501
Pair_578,OCC1OC(C(C(C1O[*])O)NC(C)=O)OC2C(O)C(C(OC2CO)[*])NC(C)=O,[*]C1=C(C=CN2)C2=C([*])C(O)=C1O,441,5.861428933368511
Pair_579,O=C(N)C([*])C[*],[*]C1=C(C=CN2)C2=C([*])C(O)=C1O,442,2.7371364990175016
Pair_580,[*]C1=C(C=CN2)C2=C([*])C(O)=C1O,[*]CC(C1=CC=C(C=C1)S(O)(=O)=O)[*],443,5.612280288956471
Pair_581,[*]C1=C(C=CN2)C2=C([*])C(O)=C1O,[*]NC(CCC([*])=O)C(O)=O,444,6.37302057104285
Pair_582,CC(NC1C(OC(C(C1OC2OC(C(C(C2OCC(COC(C(C)=C)=O)O)O)O[*])C([O-])=O)O)O)O[*])=O,[*]C1=C(C=CN2)C2=C([*])C(O)=C1O,445,5.3702169742726245
Pair_583,[*]C(C)(C(OCCN(C)C)=O)C[*],[*]C1=C(C=CN2)C2=C([*])C(O)=C1O,446,4.817124338998603
Pair_584,[*]C1=C(C=CN2)C2=C([*])C(O)=C1O,[*]OC1C(C(C(OC1C)OC2C(C(OC(C2O)COC(C)=O)OC3C(C(C(OC3C(O)=O)OC4C(C(C(OC4CO)O[*])O)O)O)O)OC(C(O)CO)=O)O)O,447,6.237885377051461
Pair_585,CC(NC1C([C@@H](C(O[C@H]1O[*])CO)O[C@@H]2OC([C@H]([C@@H](C2NC(C)=O)O)[*])CO)O)=O,[*]C1=C(C=CN2)C2=C([*])C(O)=C1O,448,6.866082480209289
Pair_586,O=C([*])C(C)O[*],[*]C1=C(C=CN2)C2=C([*])C(O)=C1O,449,6.383933008816372
Pair_587,COCC1OC(OC2C(CO)OC(O[*])C(OC)C2OC)C(OC)C(O)C1O[*],[*]C1=C(C=CN2)C2=C([*])C(O)=C1O,450,6.167653590311106
Pair_588,[*]C1=C(C=CN2)C2=C([*])C(O)=C1O,[H]N(C(O[*])=O)CCCCCCN(C(OCCCCO[*])=O)[H],451,5.099521377380818
Pair_589,COC(C(C[*])([*])C)=O,[*]C1=C(C=CN2)C2=C([*])C(O)=C1O,452,6.145973989810295
Pair_590,[*]C1=C(C=CN2)C2=C([*])C(O)=C1O,[*]OC1OC(CO)C(OC2C(O)C(O)C([*])C(CO)O2)C(O)C1O,453,6.268696387379107
Pair_591,[*]C1=C(C=CN2)C2=C([*])C(O)=C1O,[*]CC(C)(C(OCCO)=O)[*],454,3.8157797296618416
Pair_592,[*]C(N(CN(C(OCOC(N(CN(C(OCCO[*])=O)[H])[H])=O)=O)[H])[H])=O,[*]C1=C(C=CN2)C2=C([*])C(O)=C1O,455,4.846638874409442
Pair_593,O=C([*])CCCCCO[*],[*]C1=C(C=CN2)C2=C([*])C(O)=C1O,456,5.405775197410338
Pair_594,O=C(N1C(C([*])=O)CC(O)C1)CNC(C2CCCN2[*])=O,[*]C1=C(C=CN2)C2=C([*])C(O)=C1O,457,5.177728467795185
Pair_595,O=C(C(OC(C=O)OC1C(C(C(OC1C(O[Na])=O)O[*])O)O)C(C=O)[*])O[Na],[*]C1=C(C=CN2)C2=C([*])C(O)=C1O,458,6.417094111771444
Pair_613,O=C(C(C[*])[*])N,OCC1OC(C(C(C1O[*])O)NC(C)=O)OC2C(O)C(C(OC2CO)[*])NC(C)=O,459,2.8846807307836473
Pair_614,O=C(C(C[*])[*])N,O=C(N)C([*])C[*],460,0.07388481299055003
Pair_615,O=C(C(C[*])[*])N,[*]CC(C1=CC=C(C=C1)S(O)(=O)=O)[*],461,2.4252633509258876
Pair_616,O=C(C(C[*])[*])N,[*]NC(CCC([*])=O)C(O)=O,462,3.722013918777191
Pair_617,CC(NC1C(OC(C(C1OC2OC(C(C(C2OCC(COC(C(C)=C)=O)O)O)O[*])C([O-])=O)O)O)O[*])=O,O=C(C(C[*])[*])N,463,2.8288626836336266
Pair_618,O=C(C(C[*])[*])N,[*]C(C)(C(OCCN(C)C)=O)C[*],464,2.3626119861910175
Pair_619,O=C(C(C[*])[*])N,[*]OC1C(C(C(OC1C)OC2C(C(OC(C2O)COC(C)=O)OC3C(C(C(OC3C(O)=O)OC4C(C(C(OC4CO)O[*])O)O)O)O)OC(C(O)CO)=O)O)O,465,4.149259277362206
Pair_620,CC(NC1C([C@@H](C(O[C@H]1O[*])CO)O[C@@H]2OC([C@H]([C@@H](C2NC(C)=O)O)[*])CO)O)=O,O=C(C(C[*])[*])N,466,4.1632962984035595
Pair_621,O=C(C(C[*])[*])N,O=C([*])C(C)O[*],467,3.567853325362571
Pair_622,COCC1OC(OC2C(CO)OC(O[*])C(OC)C2OC)C(OC)C(O)C1O[*],O=C(C(C[*])[*])N,468,3.175130938040043
Pair_623,O=C(C(C[*])[*])N,[H]N(C(O[*])=O)CCCCCCN(C(OCCCCO[*])=O)[H],469,2.3489779348351822
Pair_624,COC(C(C[*])([*])C)=O,O=C(C(C[*])[*])N,470,3.2285922951493777
Pair_625,O=C(C(C[*])[*])N,[*]OC1OC(CO)C(OC2C(O)C(O)C([*])C(CO)O2)C(O)C1O,471,3.682880822940644
Pair_626,O=C(C(C[*])[*])N,[*]CC(C)(C(OCCO)=O)[*],472,1.8063295209789467
Pair_627,O=C(C(C[*])[*])N,[*]C(N(CN(C(OCOC(N(CN(C(OCCO[*])=O)[H])[H])=O)=O)[H])[H])=O,473,2.2602305307946806
Pair_628,O=C(C(C[*])[*])N,O=C([*])CCCCCO[*],474,2.726982637142795
Pair_629,O=C(C(C[*])[*])N,O=C(N1C(C([*])=O)CC(O)C1)CNC(C2CCCN2[*])=O,475,2.517852663330072
Pair_630,O=C(C(C[*])[*])N,O=C(C(OC(C=O)OC1C(C(C(OC1C(O[Na])=O)O[*])O)O)C(C=O)[*])O[Na],476,3.727441928219907
Pair_649,O=C(N)C([*])C[*],OCC1OC(C(C(C1O[*])O)NC(C)=O)OC2C(O)C(C(OC2CO)[*])NC(C)=O,477,2.8846807307836473
Pair_650,OCC1OC(C(C(C1O[*])O)NC(C)=O)OC2C(O)C(C(OC2CO)[*])NC(C)=O,[*]CC(C1=CC=C(C=C1)S(O)(=O)=O)[*],478,5.474552104326281
Pair_651,OCC1OC(C(C(C1O[*])O)NC(C)=O)OC2C(O)C(C(OC2CO)[*])NC(C)=O,[*]NC(CCC([*])=O)C(O)=O,479,6.271693661937012
Pair_652,CC(NC1C(OC(C(C1OC2OC(C(C(C2OCC(COC(C(C)=C)=O)O)O)O[*])C([O-])=O)O)O)O[*])=O,OCC1OC(C(C(C1O[*])O)NC(C)=O)OC2C(O)C(C(OC2CO)[*])NC(C)=O,480,5.153739639588653
Pair_653,OCC1OC(C(C(C1O[*])O)NC(C)=O)OC2C(O)C(C(OC2CO)[*])NC(C)=O,[*]C(C)(C(OCCN(C)C)=O)C[*],481,4.618479826906257
Pair_654,OCC1OC(C(C(C1O[*])O)NC(C)=O)OC2C(O)C(C(OC2CO)[*])NC(C)=O,[*]OC1C(C(C(OC1C)OC2C(C(OC(C2O)COC(C)=O)OC3C(C(C(OC3C(O)=O)OC4C(C(C(OC4CO)O[*])O)O)O)O)OC(C(O)CO)=O)O)O,482,6.0118311322713005
Pair_655,CC(NC1C([C@@H](C(O[C@H]1O[*])CO)O[C@@H]2OC([C@H]([C@@H](C2NC(C)=O)O)[*])CO)O)=O,OCC1OC(C(C(C1O[*])O)NC(C)=O)OC2C(O)C(C(OC2CO)[*])NC(C)=O,483,6.499045190386579
Pair_656,O=C([*])C(C)O[*],OCC1OC(C(C(C1O[*])O)NC(C)=O)OC2C(O)C(C(OC2CO)[*])NC(C)=O,484,6.2565235601953075
Pair_657,COCC1OC(OC2C(CO)OC(O[*])C(OC)C2OC)C(OC)C(O)C1O[*],OCC1OC(C(C(C1O[*])O)NC(C)=O)OC2C(O)C(C(OC2CO)[*])NC(C)=O,485,6.029717922527957
Pair_658,OCC1OC(C(C(C1O[*])O)NC(C)=O)OC2C(O)C(C(OC2CO)[*])NC(C)=O,[H]N(C(O[*])=O)CCCCCCN(C(OCCCCO[*])=O)[H],486,5.4621714740333
Pair_659,COC(C(C[*])([*])C)=O,OCC1OC(C(C(C1O[*])O)NC(C)=O)OC2C(O)C(C(OC2CO)[*])NC(C)=O,487,5.933206330740456
Pair_660,OCC1OC(C(C(C1O[*])O)NC(C)=O)OC2C(O)C(C(OC2CO)[*])NC(C)=O,[*]OC1OC(CO)C(OC2C(O)C(O)C([*])C(CO)O2)C(O)C1O,488,6.240798840896484
Pair_661,OCC1OC(C(C(C1O[*])O)NC(C)=O)OC2C(O)C(C(OC2CO)[*])NC(C)=O,[*]CC(C)(C(OCCO)=O)[*],489,3.7195763332095906
Pair_662,OCC1OC(C(C(C1O[*])O)NC(C)=O)OC2C(O)C(C(OC2CO)[*])NC(C)=O,[*]C(N(CN(C(OCOC(N(CN(C(OCCO[*])=O)[H])[H])=O)=O)[H])[H])=O,490,5.092415726508191
Pair_663,O=C([*])CCCCCO[*],OCC1OC(C(C(C1O[*])O)NC(C)=O)OC2C(O)C(C(OC2CO)[*])NC(C)=O,491,5.6438077489410095
Pair_664,O=C(N1C(C([*])=O)CC(O)C1)CNC(C2CCCN2[*])=O,OCC1OC(C(C(C1O[*])O)NC(C)=O)OC2C(O)C(C(OC2CO)[*])NC(C)=O,492,5.122658107195293
Pair_665,O=C(C(OC(C=O)OC1C(C(C(OC1C(O[Na])=O)O[*])O)O)C(C=O)[*])O[Na],OCC1OC(C(C(C1O[*])O)NC(C)=O)OC2C(O)C(C(OC2CO)[*])NC(C)=O,493,6.243892675155442
Pair_685,O=C(N)C([*])C[*],[*]CC(C1=CC=C(C=C1)S(O)(=O)=O)[*],494,2.4252633509258876
Pair_686,O=C(N)C([*])C[*],[*]NC(CCC([*])=O)C(O)=O,495,3.722013918777191
Pair_687,CC(NC1C(OC(C(C1OC2OC(C(C(C2OCC(COC(C(C)=C)=O)O)O)O[*])C([O-])=O)O)O)O[*])=O,O=C(N)C([*])C[*],496,2.8288626836336266
Pair_688,O=C(N)C([*])C[*],[*]C(C)(C(OCCN(C)C)=O)C[*],497,2.3626119861910175
Pair_689,O=C(N)C([*])C[*],[*]OC1C(C(C(OC1C)OC2C(C(OC(C2O)COC(C)=O)OC3C(C(C(OC3C(O)=O)OC4C(C(C(OC4CO)O[*])O)O)O)O)OC(C(O)CO)=O)O)O,498,4.149259277362206
Pair_690,CC(NC1C([C@@H](C(O[C@H]1O[*])CO)O[C@@H]2OC([C@H]([C@@H](C2NC(C)=O)O)[*])CO)O)=O,O=C(N)C([*])C[*],499,4.1632962984035595
Pair_691,O=C(N)C([*])C[*],O=C([*])C(C)O[*],500,3.567853325362571
Pair_692,COCC1OC(OC2C(CO)OC(O[*])C(OC)C2OC)C(OC)C(O)C1O[*],O=C(N)C([*])C[*],501,3.175130938040043
Pair_693,O=C(N)C([*])C[*],[H]N(C(O[*])=O)CCCCCCN(C(OCCCCO[*])=O)[H],502,2.3489779348351822
Pair_694,COC(C(C[*])([*])C)=O,O=C(N)C([*])C[*],503,3.228592295149377
Pair_695,O=C(N)C([*])C[*],[*]OC1OC(CO)C(OC2C(O)C(O)C([*])C(CO)O2)C(O)C1O,504,3.6828808229406444
Pair_696,O=C(N)C([*])C[*],[*]CC(C)(C(OCCO)=O)[*],505,1.8063295209789474
Pair_697,O=C(N)C([*])C[*],[*]C(N(CN(C(OCOC(N(CN(C(OCCO[*])=O)[H])[H])=O)=O)[H])[H])=O,506,2.2602305307946806
Pair_698,O=C(N)C([*])C[*],O=C([*])CCCCCO[*],507,2.7269826371427954
Pair_699,O=C(N)C([*])C[*],O=C(N1C(C([*])=O)CC(O)C1)CNC(C2CCCN2[*])=O,508,2.517852663330072
Pair_700,O=C(C(OC(C=O)OC1C(C(C(OC1C(O[Na])=O)O[*])O)O)C(C=O)[*])O[Na],O=C(N)C([*])C[*],509,3.727441928219907
Pair_721,[*]CC(C1=CC=C(C=C1)S(O)(=O)=O)[*],[*]NC(CCC([*])=O)C(O)=O,510,6.048705012819453
Pair_722,CC(NC1C(OC(C(C1OC2OC(C(C(C2OCC(COC(C(C)=C)=O)O)O)O[*])C([O-])=O)O)O)O[*])=O,[*]CC(C1=CC=C(C=C1)S(O)(=O)=O)[*],511,4.935075451623409
Pair_723,[*]C(C)(C(OCCN(C)C)=O)C[*],[*]CC(C1=CC=C(C=C1)S(O)(=O)=O)[*],512,4.385191301784325
Pair_724,[*]CC(C1=CC=C(C=C1)S(O)(=O)=O)[*],[*]OC1C(C(C(OC1C)OC2C(C(OC(C2O)COC(C)=O)OC3C(C(C(OC3C(O)=O)OC4C(C(C(OC4CO)O[*])O)O)O)O)OC(C(O)CO)=O)O)O,513,5.9640676215502095
Pair_725,CC(NC1C([C@@H](C(O[C@H]1O[*])CO)O[C@@H]2OC([C@H]([C@@H](C2NC(C)=O)O)[*])CO)O)=O,[*]CC(C1=CC=C(C=C1)S(O)(=O)=O)[*],514,6.492701210604664
Pair_726,O=C([*])C(C)O[*],[*]CC(C1=CC=C(C=C1)S(O)(=O)=O)[*],515,6.027297579030704
Pair_727,COCC1OC(OC2C(CO)OC(O[*])C(OC)C2OC)C(OC)C(O)C1O[*],[*]CC(C1=CC=C(C=C1)S(O)(=O)=O)[*],516,5.838273835742871
Pair_728,[*]CC(C1=CC=C(C=C1)S(O)(=O)=O)[*],[H]N(C(O[*])=O)CCCCCCN(C(OCCCCO[*])=O)[H],517,5.007188182505508
Pair_729,COC(C(C[*])([*])C)=O,[*]CC(C1=CC=C(C=C1)S(O)(=O)=O)[*],518,5.71558043945327
Pair_730,[*]CC(C1=CC=C(C=C1)S(O)(=O)=O)[*],[*]OC1OC(CO)C(OC2C(O)C(O)C([*])C(CO)O2)C(O)C1O,519,6.128697335016075
Pair_731,[*]CC(C)(C(OCCO)=O)[*],[*]CC(C1=CC=C(C=C1)S(O)(=O)=O)[*],520,3.5033886121678774
Pair_732,[*]C(N(CN(C(OCOC(N(CN(C(OCCO[*])=O)[H])[H])=O)=O)[H])[H])=O,[*]CC(C1=CC=C(C=C1)S(O)(=O)=O)[*],521,4.71017687700269
Pair_733,O=C([*])CCCCCO[*],[*]CC(C1=CC=C(C=C1)S(O)(=O)=O)[*],522,5.280242105961886
Pair_734,O=C(N1C(C([*])=O)CC(O)C1)CNC(C2CCCN2[*])=O,[*]CC(C1=CC=C(C=C1)S(O)(=O)=O)[*],523,4.8607148746523094
Pair_735,O=C(C(OC(C=O)OC1C(C(C(OC1C(O[Na])=O)O[*])O)O)C(C=O)[*])O[Na],[*]CC(C1=CC=C(C=C1)S(O)(=O)=O)[*],524,6.078237382811801
Pair_757,CC(NC1C(OC(C(C1OC2OC(C(C(C2OCC(COC(C(C)=C)=O)O)O)O[*])C([O-])=O)O)O)O[*])=O,[*]NC(CCC([*])=O)C(O)=O,525,5.5267459443561755
Pair_758,[*]C(C)(C(OCCN(C)C)=O)C[*],[*]NC(CCC([*])=O)C(O)=O,526,5.003094187338749
Pair_759,[*]NC(CCC([*])=O)C(O)=O,[*]OC1C(C(C(OC1C)OC2C(C(OC(C2O)COC(C)=O)OC3C(C(C(OC3C(O)=O)OC4C(C(C(OC4CO)O[*])O)O)O)O)OC(C(O)CO)=O)O)O,527,6.283128656130563
Pair_760,CC(NC1C([C@@H](C(O[C@H]1O[*])CO)O[C@@H]2OC([C@H]([C@@H](C2NC(C)=O)O)[*])CO)O)=O,[*]NC(CCC([*])=O)C(O)=O,528,6.816826551461144
Pair_761,O=C([*])C(C)O[*],[*]NC(CCC([*])=O)C(O)=O,529,6.249426927534924
Pair_762,COCC1OC(OC2C(CO)OC(O[*])C(OC)C2OC)C(OC)C(O)C1O[*],[*]NC(CCC([*])=O)C(O)=O,530,6.388448036368703
Pair_763,[*]NC(CCC([*])=O)C(O)=O,[H]N(C(O[*])=O)CCCCCCN(C(OCCCCO[*])=O)[H],531,5.929971414219684
Pair_764,COC(C(C[*])([*])C)=O,[*]NC(CCC([*])=O)C(O)=O,532,6.055126611200275
Pair_765,[*]NC(CCC([*])=O)C(O)=O,[*]OC1OC(CO)C(OC2C(O)C(O)C([*])C(CO)O2)C(O)C1O,533,6.2725772681271765
Pair_766,[*]CC(C)(C(OCCO)=O)[*],[*]NC(CCC([*])=O)C(O)=O,534,4.1546233291960695
Pair_767,[*]C(N(CN(C(OCOC(N(CN(C(OCCO[*])=O)[H])[H])=O)=O)[H])[H])=O,[*]NC(CCC([*])=O)C(O)=O,535,5.469222822598102
Pair_768,O=C([*])CCCCCO[*],[*]NC(CCC([*])=O)C(O)=O,536,5.682751484042589
Pair_769,O=C(N1C(C([*])=O)CC(O)C1)CNC(C2CCCN2[*])=O,[*]NC(CCC([*])=O)C(O)=O,537,5.690694363697333
Pair_770,O=C(C(OC(C=O)OC1C(C(C(OC1C(O[Na])=O)O[*])O)O)C(C=O)[*])O[Na],[*]NC(CCC([*])=O)C(O)=O,538,6.371012204468497
Pair_793,CC(NC1C(OC(C(C1OC2OC(C(C(C2OCC(COC(C(C)=C)=O)O)O)O[*])C([O-])=O)O)O)O[*])=O,[*]C(C)(C(OCCN(C)C)=O)C[*],539,4.186257005301228
Pair_794,CC(NC1C(OC(C(C1OC2OC(C(C(C2OCC(COC(C(C)=C)=O)O)O)O[*])C([O-])=O)O)O)O[*])=O,[*]OC1C(C(C(OC1C)OC2C(C(OC(C2O)COC(C)=O)OC3C(C(C(OC3C(O)=O)OC4C(C(C(OC4CO)O[*])O)O)O)O)OC(C(O)CO)=O)O)O,540,5.595083547186724
Pair_795,CC(NC1C(OC(C(C1OC2OC(C(C(C2OCC(COC(C(C)=C)=O)O)O)O[*])C([O-])=O)O)O)O[*])=O,CC(NC1C([C@@H](C(O[C@H]1O[*])CO)O[C@@H]2OC([C@H]([C@@H](C2NC(C)=O)O)[*])CO)O)=O,541,5.891278040494404
Pair_796,CC(NC1C(OC(C(C1OC2OC(C(C(C2OCC(COC(C(C)=C)=O)O)O)O[*])C([O-])=O)O)O)O[*])=O,O=C([*])C(C)O[*],542,5.535832677041739
Pair_797,CC(NC1C(OC(C(C1OC2OC(C(C(C2OCC(COC(C(C)=C)=O)O)O)O[*])C([O-])=O)O)O)O[*])=O,COCC1OC(OC2C(CO)OC(O[*])C(OC)C2OC)C(OC)C(O)C1O[*],543,5.435936042270865
Pair_798,CC(NC1C(OC(C(C1OC2OC(C(C(C2OCC(COC(C(C)=C)=O)O)O)O[*])C([O-])=O)O)O)O[*])=O,[H]N(C(O[*])=O)CCCCCCN(C(OCCCCO[*])=O)[H],544,4.8269176935474105
Pair_799,CC(NC1C(OC(C(C1OC2OC(C(C(C2OCC(COC(C(C)=C)=O)O)O)O[*])C([O-])=O)O)O)O[*])=O,COC(C(C[*])([*])C)=O,545,5.206506643992923
Pair_800,CC(NC1C(OC(C(C1OC2OC(C(C(C2OCC(COC(C(C)=C)=O)O)O)O[*])C([O-])=O)O)O)O[*])=O,[*]OC1OC(CO)C(OC2C(O)C(O)C([*])C(CO)O2)C(O)C1O,546,5.581426418606978
Pair_801,CC(NC1C(OC(C(C1OC2OC(C(C(C2OCC(COC(C(C)=C)=O)O)O)O[*])C([O-])=O)O)O)O[*])=O,[*]CC(C)(C(OCCO)=O)[*],547,3.5379886566911796
Pair_802,CC(NC1C(OC(C(C1OC2OC(C(C(C2OCC(COC(C(C)=C)=O)O)O)O[*])C([O-])=O)O)O)O[*])=O,[*]C(N(CN(C(OCOC(N(CN(C(OCCO[*])=O)[H])[H])=O)=O)[H])[H])=O,548,4.660057473613377
Pair_803,CC(NC1C(OC(C(C1OC2OC(C(C(C2OCC(COC(C(C)=C)=O)O)O)O[*])C([O-])=O)O)O)O[*])=O,O=C([*])CCCCCO[*],549,4.989565285447407
Pair_804,CC(NC1C(OC(C(C1OC2OC(C(C(C2OCC(COC(C(C)=C)=O)O)O)O[*])C([O-])=O)O)O)O[*])=O,O=C(N1C(C([*])=O)CC(O)C1)CNC(C2CCCN2[*])=O,550,4.856905752490371
Pair_805,CC(NC1C(OC(C(C1OC2OC(C(C(C2OCC(COC(C(C)=C)=O)O)O)O[*])C([O-])=O)O)O)O[*])=O,O=C(C(OC(C=O)OC1C(C(C(OC1C(O[Na])=O)O[*])O)O)C(C=O)[*])O[Na],551,5.496025839426175
Pair_829,[*]C(C)(C(OCCN(C)C)=O)C[*],[*]OC1C(C(C(OC1C)OC2C(C(OC(C2O)COC(C)=O)OC3C(C(C(OC3C(O)=O)OC4C(C(C(OC4CO)O[*])O)O)O)O)OC(C(O)CO)=O)O)O,552,5.178840803958885
Pair_830,CC(NC1C([C@@H](C(O[C@H]1O[*])CO)O[C@@H]2OC([C@H]([C@@H](C2NC(C)=O)O)[*])CO)O)=O,[*]C(C)(C(OCCN(C)C)=O)C[*],553,5.365330725342711
Pair_831,O=C([*])C(C)O[*],[*]C(C)(C(OCCN(C)C)=O)C[*],554,4.982001846106299
Pair_832,COCC1OC(OC2C(CO)OC(O[*])C(OC)C2OC)C(OC)C(O)C1O[*],[*]C(C)(C(OCCN(C)C)=O)C[*],555,4.8902393482995
Pair_833,[*]C(C)(C(OCCN(C)C)=O)C[*],[H]N(C(O[*])=O)CCCCCCN(C(OCCCCO[*])=O)[H],556,4.366597700744531
Pair_834,COC(C(C[*])([*])C)=O,[*]C(C)(C(OCCN(C)C)=O)C[*],557,4.613479379820443
Pair_835,[*]C(C)(C(OCCN(C)C)=O)C[*],[*]OC1OC(CO)C(OC2C(O)C(O)C([*])C(CO)O2)C(O)C1O,558,5.033611479126396
Pair_836,[*]C(C)(C(OCCN(C)C)=O)C[*],[*]CC(C)(C(OCCO)=O)[*],559,3.158629218874102
Pair_837,[*]C(C)(C(OCCN(C)C)=O)C[*],[*]C(N(CN(C(OCOC(N(CN(C(OCCO[*])=O)[H])[H])=O)=O)[H])[H])=O,560,4.16160203454596
Pair_838,O=C([*])CCCCCO[*],[*]C(C)(C(OCCN(C)C)=O)C[*],561,4.476737364929851
Pair_839,O=C(N1C(C([*])=O)CC(O)C1)CNC(C2CCCN2[*])=O,[*]C(C)(C(OCCN(C)C)=O)C[*],562,4.366860980130368
Pair_840,O=C(C(OC(C=O)OC1C(C(C(OC1C(O[Na])=O)O[*])O)O)C(C=O)[*])O[Na],[*]C(C)(C(OCCN(C)C)=O)C[*],563,5.008068551680658
Pair_865,CC(NC1C([C@@H](C(O[C@H]1O[*])CO)O[C@@H]2OC([C@H]([C@@H](C2NC(C)=O)O)[*])CO)O)=O,[*]OC1C(C(C(OC1C)OC2C(C(OC(C2O)COC(C)=O)OC3C(C(C(OC3C(O)=O)OC4C(C(C(OC4CO)O[*])O)O)O)O)OC(C(O)CO)=O)O)O,564,6.549825824436132
Pair_866,O=C([*])C(C)O[*],[*]OC1C(C(C(OC1C)OC2C(C(OC(C2O)COC(C)=O)OC3C(C(C(OC3C(O)=O)OC4C(C(C(OC4CO)O[*])O)O)O)O)OC(C(O)CO)=O)O)O,565,6.254592138850067
Pair_867,COCC1OC(OC2C(CO)OC(O[*])C(OC)C2OC)C(OC)C(O)C1O[*],[*]OC1C(C(C(OC1C)OC2C(C(OC(C2O)COC(C)=O)OC3C(C(C(OC3C(O)=O)OC4C(C(C(OC4CO)O[*])O)O)O)O)OC(C(O)CO)=O)O)O,566,6.289895782772674
Pair_868,[*]OC1C(C(C(OC1C)OC2C(C(OC(C2O)COC(C)=O)OC3C(C(C(OC3C(O)=O)OC4C(C(C(OC4CO)O[*])O)O)O)O)OC(C(O)CO)=O)O)O,[H]N(C(O[*])=O)CCCCCCN(C(OCCCCO[*])=O)[H],567,5.940013940607456
Pair_869,COC(C(C[*])([*])C)=O,[*]OC1C(C(C(OC1C)OC2C(C(OC(C2O)COC(C)=O)OC3C(C(C(OC3C(O)=O)OC4C(C(C(OC4CO)O[*])O)O)O)O)OC(C(O)CO)=O)O)O,568,6.043603703471718
Pair_870,[*]OC1C(C(C(OC1C)OC2C(C(OC(C2O)COC(C)=O)OC3C(C(C(OC3C(O)=O)OC4C(C(C(OC4CO)O[*])O)O)O)O)OC(C(O)CO)=O)O)O,[*]OC1OC(CO)C(OC2C(O)C(O)C([*])C(CO)O2)C(O)C1O,569,6.117236291195321
Pair_871,[*]CC(C)(C(OCCO)=O)[*],[*]OC1C(C(C(OC1C)OC2C(C(OC(C2O)COC(C)=O)OC3C(C(C(OC3C(O)=O)OC4C(C(C(OC4CO)O[*])O)O)O)O)OC(C(O)CO)=O)O)O,570,4.436867987707136
Pair_872,[*]C(N(CN(C(OCOC(N(CN(C(OCCO[*])=O)[H])[H])=O)=O)[H])[H])=O,[*]OC1C(C(C(OC1C)OC2C(C(OC(C2O)COC(C)=O)OC3C(C(C(OC3C(O)=O)OC4C(C(C(OC4CO)O[*])O)O)O)O)OC(C(O)CO)=O)O)O,571,5.6201419114011015
Pair_873,O=C([*])CCCCCO[*],[*]OC1C(C(C(OC1C)OC2C(C(OC(C2O)COC(C)=O)OC3C(C(C(OC3C(O)=O)OC4C(C(C(OC4CO)O[*])O)O)O)O)OC(C(O)CO)=O)O)O,572,5.805767260040641
Pair_874,O=C(N1C(C([*])=O)CC(O)C1)CNC(C2CCCN2[*])=O,[*]OC1C(C(C(OC1C)OC2C(C(OC(C2O)COC(C)=O)OC3C(C(C(OC3C(O)=O)OC4C(C(C(OC4CO)O[*])O)O)O)O)OC(C(O)CO)=O)O)O,573,5.901761311509934
Pair_875,O=C(C(OC(C=O)OC1C(C(C(OC1C(O[Na])=O)O[*])O)O)C(C=O)[*])O[Na],[*]OC1C(C(C(OC1C)OC2C(C(OC(C2O)COC(C)=O)OC3C(C(C(OC3C(O)=O)OC4C(C(C(OC4CO)O[*])O)O)O)O)OC(C(O)CO)=O)O)O,574,6.2425640387215795
Pair_901,CC(NC1C([C@@H](C(O[C@H]1O[*])CO)O[C@@H]2OC([C@H]([C@@H](C2NC(C)=O)O)[*])CO)O)=O,O=C([*])C(C)O[*],575,6.903632992467135
Pair_902,CC(NC1C([C@@H](C(O[C@H]1O[*])CO)O[C@@H]2OC([C@H]([C@@H](C2NC(C)=O)O)[*])CO)O)=O,COCC1OC(OC2C(CO)OC(O[*])C(OC)C2OC)C(OC)C(O)C1O[*],576,6.848489220794164
Pair_903,CC(NC1C([C@@H](C(O[C@H]1O[*])CO)O[C@@H]2OC([C@H]([C@@H](C2NC(C)=O)O)[*])CO)O)=O,[H]N(C(O[*])=O)CCCCCCN(C(OCCCCO[*])=O)[H],577,6.4060665558613445
Pair_904,CC(NC1C([C@@H](C(O[C@H]1O[*])CO)O[C@@H]2OC([C@H]([C@@H](C2NC(C)=O)O)[*])CO)O)=O,COC(C(C[*])([*])C)=O,578,6.619331396476173
Pair_905,CC(NC1C([C@@H](C(O[C@H]1O[*])CO)O[C@@H]2OC([C@H]([C@@H](C2NC(C)=O)O)[*])CO)O)=O,[*]OC1OC(CO)C(OC2C(O)C(O)C([*])C(CO)O2)C(O)C1O,579,6.80434980403573
Pair_906,CC(NC1C([C@@H](C(O[C@H]1O[*])CO)O[C@@H]2OC([C@H]([C@@H](C2NC(C)=O)O)[*])CO)O)=O,[*]CC(C)(C(OCCO)=O)[*],580,4.409234382862317
Pair_907,CC(NC1C([C@@H](C(O[C@H]1O[*])CO)O[C@@H]2OC([C@H]([C@@H](C2NC(C)=O)O)[*])CO)O)=O,[*]C(N(CN(C(OCOC(N(CN(C(OCCO[*])=O)[H])[H])=O)=O)[H])[H])=O,581,5.894720612013129
Pair_908,CC(NC1C([C@@H](C(O[C@H]1O[*])CO)O[C@@H]2OC([C@H]([C@@H](C2NC(C)=O)O)[*])CO)O)=O,O=C([*])CCCCCO[*],582,6.356654708639394
Pair_909,CC(NC1C([C@@H](C(O[C@H]1O[*])CO)O[C@@H]2OC([C@H]([C@@H](C2NC(C)=O)O)[*])CO)O)=O,O=C(N1C(C([*])=O)CC(O)C1)CNC(C2CCCN2[*])=O,583,5.944852757628158
Pair_910,CC(NC1C([C@@H](C(O[C@H]1O[*])CO)O[C@@H]2OC([C@H]([C@@H](C2NC(C)=O)O)[*])CO)O)=O,O=C(C(OC(C=O)OC1C(C(C(OC1C(O[Na])=O)O[*])O)O)C(C=O)[*])O[Na],584,6.832774000588694
Pair_937,COCC1OC(OC2C(CO)OC(O[*])C(OC)C2OC)C(OC)C(O)C1O[*],O=C([*])C(C)O[*],585,6.394943218060707
Pair_938,O=C([*])C(C)O[*],[H]N(C(O[*])=O)CCCCCCN(C(OCCCCO[*])=O)[H],586,5.9606100555509345
Pair_939,COC(C(C[*])([*])C)=O,O=C([*])C(C)O[*],587,6.087445516124524
Pair_940,O=C([*])C(C)O[*],[*]OC1OC(CO)C(OC2C(O)C(O)C([*])C(CO)O2)C(O)C1O,588,6.324034397361174
Pair_941,O=C([*])C(C)O[*],[*]CC(C)(C(OCCO)=O)[*],589,4.123204769577103
Pair_942,O=C([*])C(C)O[*],[*]C(N(CN(C(OCOC(N(CN(C(OCCO[*])=O)[H])[H])=O)=O)[H])[H])=O,590,5.418867270648782
Pair_943,O=C([*])C(C)O[*],O=C([*])CCCCCO[*],591,5.6827087743426885
Pair_944,O=C(N1C(C([*])=O)CC(O)C1)CNC(C2CCCN2[*])=O,O=C([*])C(C)O[*],592,5.543082742280258
Pair_945,O=C(C(OC(C=O)OC1C(C(C(OC1C(O[Na])=O)O[*])O)O)C(C=O)[*])O[Na],O=C([*])C(C)O[*],593,6.452647516961259
Pair_973,COCC1OC(OC2C(CO)OC(O[*])C(OC)C2OC)C(OC)C(O)C1O[*],[H]N(C(O[*])=O)CCCCCCN(C(OCCCCO[*])=O)[H],594,5.585381764941847
Pair_974,COC(C(C[*])([*])C)=O,COCC1OC(OC2C(CO)OC(O[*])C(OC)C2OC)C(OC)C(O)C1O[*],595,6.150391268765463
Pair_975,COCC1OC(OC2C(CO)OC(O[*])C(OC)C2OC)C(OC)C(O)C1O[*],[*]OC1OC(CO)C(OC2C(O)C(O)C([*])C(CO)O2)C(O)C1O,596,6.364578142892829
Pair_976,COCC1OC(OC2C(CO)OC(O[*])C(OC)C2OC)C(OC)C(O)C1O[*],[*]CC(C)(C(OCCO)=O)[*],597,3.93925058576806
Pair_977,COCC1OC(OC2C(CO)OC(O[*])C(OC)C2OC)C(OC)C(O)C1O[*],[*]C(N(CN(C(OCOC(N(CN(C(OCCO[*])=O)[H])[H])=O)=O)[H])[H])=O,598,5.2894495621784055
Pair_978,COCC1OC(OC2C(CO)OC(O[*])C(OC)C2OC)C(OC)C(O)C1O[*],O=C([*])CCCCCO[*],599,5.71521269317988
Pair_979,COCC1OC(OC2C(CO)OC(O[*])C(OC)C2OC)C(OC)C(O)C1O[*],O=C(N1C(C([*])=O)CC(O)C1)CNC(C2CCCN2[*])=O,600,5.4375677521160055
Pair_980,COCC1OC(OC2C(CO)OC(O[*])C(OC)C2OC)C(OC)C(O)C1O[*],O=C(C(OC(C=O)OC1C(C(C(OC1C(O[Na])=O)O[*])O)O)C(C=O)[*])O[Na],601,6.4600135484768355
Pair_1009,COC(C(C[*])([*])C)=O,[H]N(C(O[*])=O)CCCCCCN(C(OCCCCO[*])=O)[H],602,5.682302579609202
Pair_1010,[*]OC1OC(CO)C(OC2C(O)C(O)C([*])C(CO)O2)C(O)C1O,[H]N(C(O[*])=O)CCCCCCN(C(OCCCCO[*])=O)[H],603,5.811467031421439
Pair_1011,[*]CC(C)(C(OCCO)=O)[*],[H]N(C(O[*])=O)CCCCCCN(C(OCCCCO[*])=O)[H],604,3.472537757830645
Pair_1012,[*]C(N(CN(C(OCOC(N(CN(C(OCCO[*])=O)[H])[H])=O)=O)[H])[H])=O,[H]N(C(O[*])=O)CCCCCCN(C(OCCCCO[*])=O)[H],605,4.067578596759573
Pair_1013,O=C([*])CCCCCO[*],[H]N(C(O[*])=O)CCCCCCN(C(OCCCCO[*])=O)[H],606,4.7348862903180935
Pair_1014,O=C(N1C(C([*])=O)CC(O)C1)CNC(C2CCCN2[*])=O,[H]N(C(O[*])=O)CCCCCCN(C(OCCCCO[*])=O)[H],607,4.608669943392848
Pair_1015,O=C(C(OC(C=O)OC1C(C(C(OC1C(O[Na])=O)O[*])O)O)C(C=O)[*])O[Na],[H]N(C(O[*])=O)CCCCCCN(C(OCCCCO[*])=O)[H],608,5.850938082963611
Pair_1045,COC(C(C[*])([*])C)=O,[*]OC1OC(CO)C(OC2C(O)C(O)C([*])C(CO)O2)C(O)C1O,609,6.111750903001769
Pair_1046,COC(C(C[*])([*])C)=O,[*]CC(C)(C(OCCO)=O)[*],610,3.804443303962677
Pair_1047,COC(C(C[*])([*])C)=O,[*]C(N(CN(C(OCOC(N(CN(C(OCCO[*])=O)[H])[H])=O)=O)[H])[H])=O,611,5.172850219592121
Pair_1048,COC(C(C[*])([*])C)=O,O=C([*])CCCCCO[*],612,5.511833916252169
Pair_1049,COC(C(C[*])([*])C)=O,O=C(N1C(C([*])=O)CC(O)C1)CNC(C2CCCN2[*])=O,613,5.316740671475677
Pair_1050,COC(C(C[*])([*])C)=O,O=C(C(OC(C=O)OC1C(C(C(OC1C(O[Na])=O)O[*])O)O)C(C=O)[*])O[Na],614,6.174527590349832
Pair_1081,[*]CC(C)(C(OCCO)=O)[*],[*]OC1OC(CO)C(OC2C(O)C(O)C([*])C(CO)O2)C(O)C1O,615,4.132477135395603
Pair_1082,[*]C(N(CN(C(OCOC(N(CN(C(OCCO[*])=O)[H])[H])=O)=O)[H])[H])=O,[*]OC1OC(CO)C(OC2C(O)C(O)C([*])C(CO)O2)C(O)C1O,616,5.269135797024247
Pair_1083,O=C([*])CCCCCO[*],[*]OC1OC(CO)C(OC2C(O)C(O)C([*])C(CO)O2)C(O)C1O,617,5.5559522331309665
Pair_1084,O=C(N1C(C([*])=O)CC(O)C1)CNC(C2CCCN2[*])=O,[*]OC1OC(CO)C(OC2C(O)C(O)C([*])C(CO)O2)C(O)C1O,618,5.694221133975477
Pair_1085,O=C(C(OC(C=O)OC1C(C(C(OC1C(O[Na])=O)O[*])O)O)C(C=O)[*])O[Na],[*]OC1OC(CO)C(OC2C(O)C(O)C([*])C(CO)O2)C(O)C1O,619,6.349596300257999
Pair_1117,[*]C(N(CN(C(OCOC(N(CN(C(OCCO[*])=O)[H])[H])=O)=O)[H])[H])=O,[*]CC(C)(C(OCCO)=O)[*],620,3.360794636375729
Pair_1118,O=C([*])CCCCCO[*],[*]CC(C)(C(OCCO)=O)[*],621,3.625504281236214
Pair_1119,O=C(N1C(C([*])=O)CC(O)C1)CNC(C2CCCN2[*])=O,[*]CC(C)(C(OCCO)=O)[*],622,3.5516795991040326
Pair_1120,O=C(C(OC(C=O)OC1C(C(C(OC1C(O[Na])=O)O[*])O)O)C(C=O)[*])O[Na],[*]CC(C)(C(OCCO)=O)[*],623,4.172855460284516
Pair_1153,O=C([*])CCCCCO[*],[*]C(N(CN(C(OCOC(N(CN(C(OCCO[*])=O)[H])[H])=O)=O)[H])[H])=O,624,4.488992687247789
Pair_1154,O=C(N1C(C([*])=O)CC(O)C1)CNC(C2CCCN2[*])=O,[*]C(N(CN(C(OCOC(N(CN(C(OCCO[*])=O)[H])[H])=O)=O)[H])[H])=O,625,4.762716079348434
Pair_1155,O=C(C(OC(C=O)OC1C(C(C(OC1C(O[Na])=O)O[*])O)O)C(C=O)[*])O[Na],[*]C(N(CN(C(OCOC(N(CN(C(OCCO[*])=O)[H])[H])=O)=O)[H])[H])=O,626,5.416169730274311
Pair_1189,O=C(N1C(C([*])=O)CC(O)C1)CNC(C2CCCN2[*])=O,O=C([*])CCCCCO[*],627,4.992021511129724
Pair_1190,O=C(C(OC(C=O)OC1C(C(C(OC1C(O[Na])=O)O[*])O)O)C(C=O)[*])O[Na],O=C([*])CCCCCO[*],628,5.796418429240631
Pair_1225,O=C(C(OC(C=O)OC1C(C(C(OC1C(O[Na])=O)O[*])O)O)C(C=O)[*])O[Na],O=C(N1C(C([*])=O)CC(O)C1)CNC(C2CCCN2[*])=O,629,5.640584888971472
