Pair_ID,SMILE A,SMILE B,row_index,RF_YoungsModulus_pred
Pair_1,[*]NC(C(N1CCCC1C(NCC(N2CC(CC2C(NC(C(NCC([*])=O)=O)CO)=O)O)=O)=O)=O)CCCCN,[*]NC(CCCCNC(C(C)=C)=O)C(N1CCCC1C(NCC(N2CC(O)CC2C(NC(COC(C(C)=C)=O)C(NCC([*])=O)=O)=O)=O)=O)=O,0,2.8891090269116724
Pair_2,OCC(C(C(C1N)O)O[*])OC1OC2C(OC(C(C2O)N)[*])CO,[*]NC(C(N1CCCC1C(NCC(N2CC(CC2C(NC(C(NCC([*])=O)=O)CO)=O)O)=O)=O)=O)CCCCN,1,5.462424609395614
Pair_3,[*]C([H])([H])C(O)([H])[*],[*]NC(C(N1CCCC1C(NCC(N2CC(CC2C(NC(C(NCC([*])=O)=O)CO)=O)O)=O)=O)=O)CCCCN,2,3.659960249555219
Pair_4,[*]NC(C(N1CCCC1C(NCC(N2CC(CC2C(NC(C(NCC([*])=O)=O)CO)=O)O)=O)=O)=O)CCCCN,[H]N(C([H])([H])C(N([H])C(C)([H])C(N(C([H])([H])C([*])=O)[H])=O)=O)C(C(N([*])[H])(C)[H])=O,3,5.205694666034491
Pair_5,[*]NC(C(N1CCCC1C(NCC(N2CC(CC2C(NC(C(NCC([*])=O)=O)CO)=O)O)=O)=O)=O)CCCCN,[*]OC1C(C(O)=O)OC(OC2C(NC(C)=O)C([*])OC(CO)C2O)C(O)C1O,4,4.253602627685612
Pair_6,[*]NC(C(N1CCCC1C(NCC(N2CC(CC2C(NC(C(NCC([*])=O)=O)CO)=O)O)=O)=O)=O)CCCCN,[*]OCC[*],5,3.500848581279572
Pair_7,[*]C1C(C(C(OC1C(O[Na])=O)OC2C(C(O[Na])=O)OC(O[*])C(O)C2O)O)O,[*]NC(C(N1CCCC1C(NCC(N2CC(CC2C(NC(C(NCC([*])=O)=O)CO)=O)O)=O)=O)=O)CCCCN,6,3.341923176087692
Pair_8,OC1C(OC(C(C1O)O)[*])CO[*],[*]NC(C(N1CCCC1C(NCC(N2CC(CC2C(NC(C(NCC([*])=O)=O)CO)=O)O)=O)=O)=O)CCCCN,7,5.163491009928573
Pair_9,OCC1OC(C(C(C1[*])O)O)OC2C(C(C(OC2CO)O[*])O)O,[*]NC(C(N1CCCC1C(NCC(N2CC(CC2C(NC(C(NCC([*])=O)=O)CO)=O)O)=O)=O)=O)CCCCN,8,5.571957245128699
Pair_10,[*]C([C@H](C)OC([C@H](C)O[*])=O)=O,[*]NC(C(N1CCCC1C(NCC(N2CC(CC2C(NC(C(NCC([*])=O)=O)CO)=O)O)=O)=O)=O)CCCCN,9,4.886540853638376
Pair_11,[*]C1C(OC(C(C1O)O)OC2C(OC(C(C2O)O)OC3C(OC(C(C3O)O)O[*])CO)CO)CO,[*]NC(C(N1CCCC1C(NCC(N2CC(CC2C(NC(C(NCC([*])=O)=O)CO)=O)O)=O)=O)=O)CCCCN,10,5.25750444732727
Pair_12,[*]C(CCCCCO[*])=O,[*]NC(C(N1CCCC1C(NCC(N2CC(CC2C(NC(C(NCC([*])=O)=O)CO)=O)O)=O)=O)=O)CCCCN,11,4.794497104133513
Pair_13,[*]NC(C(N1CCCC1C(NCC(N2CC(CC2C(NC(C(NCC([*])=O)=O)CO)=O)O)=O)=O)=O)CCCCN,[*]NC(C(O)=O)CCC([*])=O,12,5.0356899965019695
Pair_14,[*]C(C)C(OCC(O[*])=O)=O,[*]NC(C(N1CCCC1C(NCC(N2CC(CC2C(NC(C(NCC([*])=O)=O)CO)=O)O)=O)=O)=O)CCCCN,13,4.506836353769889
Pair_15,O=C(N([*])C([*])=O)CC=C,[*]NC(C(N1CCCC1C(NCC(N2CC(CC2C(NC(C(NCC([*])=O)=O)CO)=O)O)=O)=O)=O)CCCCN,14,4.951550729839032
Pair_16,[*]C1=C(C=CN2)C2=C([*])C(O)=C1O,[*]NC(C(N1CCCC1C(NCC(N2CC(CC2C(NC(C(NCC([*])=O)=O)CO)=O)O)=O)=O)=O)CCCCN,15,5.154770264699499
Pair_17,O=C(C(C[*])[*])N,[*]NC(C(N1CCCC1C(NCC(N2CC(CC2C(NC(C(NCC([*])=O)=O)CO)=O)O)=O)=O)=O)CCCCN,16,2.8831082480011
Pair_18,OCC1OC(C(C(C1O[*])O)NC(C)=O)OC2C(O)C(C(OC2CO)[*])NC(C)=O,[*]NC(C(N1CCCC1C(NCC(N2CC(CC2C(NC(C(NCC([*])=O)=O)CO)=O)O)=O)=O)=O)CCCCN,17,4.4387340059908365
Pair_19,O=C(N)C([*])C[*],[*]NC(C(N1CCCC1C(NCC(N2CC(CC2C(NC(C(NCC([*])=O)=O)CO)=O)O)=O)=O)=O)CCCCN,18,2.8831082480011
Pair_20,[*]CC(C1=CC=C(C=C1)S(O)(=O)=O)[*],[*]NC(C(N1CCCC1C(NCC(N2CC(CC2C(NC(C(NCC([*])=O)=O)CO)=O)O)=O)=O)=O)CCCCN,19,4.310707395766606
Pair_21,[*]NC(C(N1CCCC1C(NCC(N2CC(CC2C(NC(C(NCC([*])=O)=O)CO)=O)O)=O)=O)=O)CCCCN,[*]NC(CCC([*])=O)C(O)=O,20,5.0356899965019695
Pair_22,CC(NC1C(OC(C(C1OC2OC(C(C(C2OCC(COC(C(C)=C)=O)O)O)O[*])C([O-])=O)O)O)O[*])=O,[*]NC(C(N1CCCC1C(NCC(N2CC(CC2C(NC(C(NCC([*])=O)=O)CO)=O)O)=O)=O)=O)CCCCN,21,3.7376476448322085
Pair_23,[*]C(C)(C(OCCN(C)C)=O)C[*],[*]NC(C(N1CCCC1C(NCC(N2CC(CC2C(NC(C(NCC([*])=O)=O)CO)=O)O)=O)=O)=O)CCCCN,22,3.847476006106665
Pair_24,[*]NC(C(N1CCCC1C(NCC(N2CC(CC2C(NC(C(NCC([*])=O)=O)CO)=O)O)=O)=O)=O)CCCCN,[*]OC1C(C(C(OC1C)OC2C(C(OC(C2O)COC(C)=O)OC3C(C(C(OC3C(O)=O)OC4C(C(C(OC4CO)O[*])O)O)O)O)OC(C(O)CO)=O)O)O,23,4.522478367053687
Pair_25,CC(NC1C([C@@H](C(O[C@H]1O[*])CO)O[C@@H]2OC([C@H]([C@@H](C2NC(C)=O)O)[*])CO)O)=O,[*]NC(C(N1CCCC1C(NCC(N2CC(CC2C(NC(C(NCC([*])=O)=O)CO)=O)O)=O)=O)=O)CCCCN,24,4.59215517942632
Pair_26,O=C([*])C(C)O[*],[*]NC(C(N1CCCC1C(NCC(N2CC(CC2C(NC(C(NCC([*])=O)=O)CO)=O)O)=O)=O)=O)CCCCN,25,4.888046922475985
Pair_27,COCC1OC(OC2C(CO)OC(O[*])C(OC)C2OC)C(OC)C(O)C1O[*],[*]NC(C(N1CCCC1C(NCC(N2CC(CC2C(NC(C(NCC([*])=O)=O)CO)=O)O)=O)=O)=O)CCCCN,26,4.956302991985213
Pair_28,[*]NC(C(N1CCCC1C(NCC(N2CC(CC2C(NC(C(NCC([*])=O)=O)CO)=O)O)=O)=O)=O)CCCCN,[H]N(C(O[*])=O)CCCCCCN(C(OCCCCO[*])=O)[H],27,4.393967475576144
Pair_29,COC(C(C[*])([*])C)=O,[*]NC(C(N1CCCC1C(NCC(N2CC(CC2C(NC(C(NCC([*])=O)=O)CO)=O)O)=O)=O)=O)CCCCN,28,4.096312678785166
Pair_30,[*]NC(C(N1CCCC1C(NCC(N2CC(CC2C(NC(C(NCC([*])=O)=O)CO)=O)O)=O)=O)=O)CCCCN,[*]OC1OC(CO)C(OC2C(O)C(O)C([*])C(CO)O2)C(O)C1O,29,5.571957245128699
Pair_31,[*]CC(C)(C(OCCO)=O)[*],[*]NC(C(N1CCCC1C(NCC(N2CC(CC2C(NC(C(NCC([*])=O)=O)CO)=O)O)=O)=O)=O)CCCCN,30,3.813028486386328
Pair_32,[*]C(N(CN(C(OCOC(N(CN(C(OCCO[*])=O)[H])[H])=O)=O)[H])[H])=O,[*]NC(C(N1CCCC1C(NCC(N2CC(CC2C(NC(C(NCC([*])=O)=O)CO)=O)O)=O)=O)=O)CCCCN,31,4.742066310281662
Pair_33,O=C([*])CCCCCO[*],[*]NC(C(N1CCCC1C(NCC(N2CC(CC2C(NC(C(NCC([*])=O)=O)CO)=O)O)=O)=O)=O)CCCCN,32,4.794497104133513
Pair_34,O=C(N1C(C([*])=O)CC(O)C1)CNC(C2CCCN2[*])=O,[*]NC(C(N1CCCC1C(NCC(N2CC(CC2C(NC(C(NCC([*])=O)=O)CO)=O)O)=O)=O)=O)CCCCN,33,5.22141571620608
Pair_35,O=C(C(OC(C=O)OC1C(C(C(OC1C(O[Na])=O)O[*])O)O)C(C=O)[*])O[Na],[*]NC(C(N1CCCC1C(NCC(N2CC(CC2C(NC(C(NCC([*])=O)=O)CO)=O)O)=O)=O)=O)CCCCN,34,4.061037245168958
Pair_37,OCC(C(C(C1N)O)O[*])OC1OC2C(OC(C(C2O)N)[*])CO,[*]NC(CCCCNC(C(C)=C)=O)C(N1CCCC1C(NCC(N2CC(O)CC2C(NC(COC(C(C)=C)=O)C(NCC([*])=O)=O)=O)=O)=O)=O,35,3.0389462930489457
Pair_38,[*]C([H])([H])C(O)([H])[*],[*]NC(CCCCNC(C(C)=C)=O)C(N1CCCC1C(NCC(N2CC(O)CC2C(NC(COC(C(C)=C)=O)C(NCC([*])=O)=O)=O)=O)=O)=O,36,2.794672583987227
Pair_39,[*]NC(CCCCNC(C(C)=C)=O)C(N1CCCC1C(NCC(N2CC(O)CC2C(NC(COC(C(C)=C)=O)C(NCC([*])=O)=O)=O)=O)=O)=O,[H]N(C([H])([H])C(N([H])C(C)([H])C(N(C([H])([H])C([*])=O)[H])=O)=O)C(C(N([*])[H])(C)[H])=O,37,2.870483030289011
Pair_40,[*]NC(CCCCNC(C(C)=C)=O)C(N1CCCC1C(NCC(N2CC(O)CC2C(NC(COC(C(C)=C)=O)C(NCC([*])=O)=O)=O)=O)=O)=O,[*]OC1C(C(O)=O)OC(OC2C(NC(C)=O)C([*])OC(CO)C2O)C(O)C1O,38,2.8504335012467448
Pair_41,[*]NC(CCCCNC(C(C)=C)=O)C(N1CCCC1C(NCC(N2CC(O)CC2C(NC(COC(C(C)=C)=O)C(NCC([*])=O)=O)=O)=O)=O)=O,[*]OCC[*],39,2.7985770946944557
Pair_42,[*]C1C(C(C(OC1C(O[Na])=O)OC2C(C(O[Na])=O)OC(O[*])C(O)C2O)O)O,[*]NC(CCCCNC(C(C)=C)=O)C(N1CCCC1C(NCC(N2CC(O)CC2C(NC(COC(C(C)=C)=O)C(NCC([*])=O)=O)=O)=O)=O)=O,40,2.7974198694113643
Pair_43,OC1C(OC(C(C1O)O)[*])CO[*],[*]NC(CCCCNC(C(C)=C)=O)C(N1CCCC1C(NCC(N2CC(O)CC2C(NC(COC(C(C)=C)=O)C(NCC([*])=O)=O)=O)=O)=O)=O,41,2.923163281342163
Pair_44,OCC1OC(C(C(C1[*])O)O)OC2C(C(C(OC2CO)O[*])O)O,[*]NC(CCCCNC(C(C)=C)=O)C(N1CCCC1C(NCC(N2CC(O)CC2C(NC(COC(C(C)=C)=O)C(NCC([*])=O)=O)=O)=O)=O)=O,42,3.1539284986702967
Pair_45,[*]C([C@H](C)OC([C@H](C)O[*])=O)=O,[*]NC(CCCCNC(C(C)=C)=O)C(N1CCCC1C(NCC(N2CC(O)CC2C(NC(COC(C(C)=C)=O)C(NCC([*])=O)=O)=O)=O)=O)=O,43,2.8525342708735377
Pair_46,[*]C1C(OC(C(C1O)O)OC2C(OC(C(C2O)O)OC3C(OC(C(C3O)O)O[*])CO)CO)CO,[*]NC(CCCCNC(C(C)=C)=O)C(N1CCCC1C(NCC(N2CC(O)CC2C(NC(COC(C(C)=C)=O)C(NCC([*])=O)=O)=O)=O)=O)=O,44,3.1248148924455803
Pair_47,[*]C(CCCCCO[*])=O,[*]NC(CCCCNC(C(C)=C)=O)C(N1CCCC1C(NCC(N2CC(O)CC2C(NC(COC(C(C)=C)=O)C(NCC([*])=O)=O)=O)=O)=O)=O,45,2.8818426554701255
Pair_48,[*]NC(C(O)=O)CCC([*])=O,[*]NC(CCCCNC(C(C)=C)=O)C(N1CCCC1C(NCC(N2CC(O)CC2C(NC(COC(C(C)=C)=O)C(NCC([*])=O)=O)=O)=O)=O)=O,46,3.0324198020172335
Pair_49,[*]C(C)C(OCC(O[*])=O)=O,[*]NC(CCCCNC(C(C)=C)=O)C(N1CCCC1C(NCC(N2CC(O)CC2C(NC(COC(C(C)=C)=O)C(NCC([*])=O)=O)=O)=O)=O)=O,47,2.8435598563134454
Pair_50,O=C(N([*])C([*])=O)CC=C,[*]NC(CCCCNC(C(C)=C)=O)C(N1CCCC1C(NCC(N2CC(O)CC2C(NC(COC(C(C)=C)=O)C(NCC([*])=O)=O)=O)=O)=O)=O,48,2.8064413190740387
Pair_51,[*]C1=C(C=CN2)C2=C([*])C(O)=C1O,[*]NC(CCCCNC(C(C)=C)=O)C(N1CCCC1C(NCC(N2CC(O)CC2C(NC(COC(C(C)=C)=O)C(NCC([*])=O)=O)=O)=O)=O)=O,49,3.0106241248318075
Pair_52,O=C(C(C[*])[*])N,[*]NC(CCCCNC(C(C)=C)=O)C(N1CCCC1C(NCC(N2CC(O)CC2C(NC(COC(C(C)=C)=O)C(NCC([*])=O)=O)=O)=O)=O)=O,50,2.857307829891359
Pair_53,OCC1OC(C(C(C1O[*])O)NC(C)=O)OC2C(O)C(C(OC2CO)[*])NC(C)=O,[*]NC(CCCCNC(C(C)=C)=O)C(N1CCCC1C(NCC(N2CC(O)CC2C(NC(COC(C(C)=C)=O)C(NCC([*])=O)=O)=O)=O)=O)=O,51,2.8948913805214147
Pair_54,O=C(N)C([*])C[*],[*]NC(CCCCNC(C(C)=C)=O)C(N1CCCC1C(NCC(N2CC(O)CC2C(NC(COC(C(C)=C)=O)C(NCC([*])=O)=O)=O)=O)=O)=O,52,2.857307829891359
Pair_55,[*]CC(C1=CC=C(C=C1)S(O)(=O)=O)[*],[*]NC(CCCCNC(C(C)=C)=O)C(N1CCCC1C(NCC(N2CC(O)CC2C(NC(COC(C(C)=C)=O)C(NCC([*])=O)=O)=O)=O)=O)=O,53,2.936322104417321
Pair_56,[*]NC(CCC([*])=O)C(O)=O,[*]NC(CCCCNC(C(C)=C)=O)C(N1CCCC1C(NCC(N2CC(O)CC2C(NC(COC(C(C)=C)=O)C(NCC([*])=O)=O)=O)=O)=O)=O,54,3.0324198020172335
Pair_57,CC(NC1C(OC(C(C1OC2OC(C(C(C2OCC(COC(C(C)=C)=O)O)O)O[*])C([O-])=O)O)O)O[*])=O,[*]NC(CCCCNC(C(C)=C)=O)C(N1CCCC1C(NCC(N2CC(O)CC2C(NC(COC(C(C)=C)=O)C(NCC([*])=O)=O)=O)=O)=O)=O,55,2.840000979397096
Pair_58,[*]C(C)(C(OCCN(C)C)=O)C[*],[*]NC(CCCCNC(C(C)=C)=O)C(N1CCCC1C(NCC(N2CC(O)CC2C(NC(COC(C(C)=C)=O)C(NCC([*])=O)=O)=O)=O)=O)=O,56,2.804039771958167
Pair_59,[*]NC(CCCCNC(C(C)=C)=O)C(N1CCCC1C(NCC(N2CC(O)CC2C(NC(COC(C(C)=C)=O)C(NCC([*])=O)=O)=O)=O)=O)=O,[*]OC1C(C(C(OC1C)OC2C(C(OC(C2O)COC(C)=O)OC3C(C(C(OC3C(O)=O)OC4C(C(C(OC4CO)O[*])O)O)O)O)OC(C(O)CO)=O)O)O,57,2.9643953161425722
Pair_60,CC(NC1C([C@@H](C(O[C@H]1O[*])CO)O[C@@H]2OC([C@H]([C@@H](C2NC(C)=O)O)[*])CO)O)=O,[*]NC(CCCCNC(C(C)=C)=O)C(N1CCCC1C(NCC(N2CC(O)CC2C(NC(COC(C(C)=C)=O)C(NCC([*])=O)=O)=O)=O)=O)=O,58,2.9434987798351537
Pair_61,O=C([*])C(C)O[*],[*]NC(CCCCNC(C(C)=C)=O)C(N1CCCC1C(NCC(N2CC(O)CC2C(NC(COC(C(C)=C)=O)C(NCC([*])=O)=O)=O)=O)=O)=O,59,2.849738770014518
Pair_62,COCC1OC(OC2C(CO)OC(O[*])C(OC)C2OC)C(OC)C(O)C1O[*],[*]NC(CCCCNC(C(C)=C)=O)C(N1CCCC1C(NCC(N2CC(O)CC2C(NC(COC(C(C)=C)=O)C(NCC([*])=O)=O)=O)=O)=O)=O,60,2.9837129347385787
Pair_63,[*]NC(CCCCNC(C(C)=C)=O)C(N1CCCC1C(NCC(N2CC(O)CC2C(NC(COC(C(C)=C)=O)C(NCC([*])=O)=O)=O)=O)=O)=O,[H]N(C(O[*])=O)CCCCCCN(C(OCCCCO[*])=O)[H],61,2.88876111231423
Pair_64,COC(C(C[*])([*])C)=O,[*]NC(CCCCNC(C(C)=C)=O)C(N1CCCC1C(NCC(N2CC(O)CC2C(NC(COC(C(C)=C)=O)C(NCC([*])=O)=O)=O)=O)=O)=O,62,2.8127398901949103
Pair_65,[*]NC(CCCCNC(C(C)=C)=O)C(N1CCCC1C(NCC(N2CC(O)CC2C(NC(COC(C(C)=C)=O)C(NCC([*])=O)=O)=O)=O)=O)=O,[*]OC1OC(CO)C(OC2C(O)C(O)C([*])C(CO)O2)C(O)C1O,63,3.1539284986702967
Pair_66,[*]CC(C)(C(OCCO)=O)[*],[*]NC(CCCCNC(C(C)=C)=O)C(N1CCCC1C(NCC(N2CC(O)CC2C(NC(COC(C(C)=C)=O)C(NCC([*])=O)=O)=O)=O)=O)=O,64,2.784460960497708
Pair_67,[*]C(N(CN(C(OCOC(N(CN(C(OCCO[*])=O)[H])[H])=O)=O)[H])[H])=O,[*]NC(CCCCNC(C(C)=C)=O)C(N1CCCC1C(NCC(N2CC(O)CC2C(NC(COC(C(C)=C)=O)C(NCC([*])=O)=O)=O)=O)=O)=O,65,2.9637532658884536
Pair_68,O=C([*])CCCCCO[*],[*]NC(CCCCNC(C(C)=C)=O)C(N1CCCC1C(NCC(N2CC(O)CC2C(NC(COC(C(C)=C)=O)C(NCC([*])=O)=O)=O)=O)=O)=O,66,2.8818426554701255
Pair_69,O=C(N1C(C([*])=O)CC(O)C1)CNC(C2CCCN2[*])=O,[*]NC(CCCCNC(C(C)=C)=O)C(N1CCCC1C(NCC(N2CC(O)CC2C(NC(COC(C(C)=C)=O)C(NCC([*])=O)=O)=O)=O)=O)=O,67,2.8783041369606237
Pair_70,O=C(C(OC(C=O)OC1C(C(C(OC1C(O[Na])=O)O[*])O)O)C(C=O)[*])O[Na],[*]NC(CCCCNC(C(C)=C)=O)C(N1CCCC1C(NCC(N2CC(O)CC2C(NC(COC(C(C)=C)=O)C(NCC([*])=O)=O)=O)=O)=O)=O,68,2.897486281433036
Pair_73,OCC(C(C(C1N)O)O[*])OC1OC2C(OC(C(C2O)N)[*])CO,[*]C([H])([H])C(O)([H])[*],69,6.051617032487145
Pair_74,OCC(C(C(C1N)O)O[*])OC1OC2C(OC(C(C2O)N)[*])CO,[H]N(C([H])([H])C(N([H])C(C)([H])C(N(C([H])([H])C([*])=O)[H])=O)=O)C(C(N([*])[H])(C)[H])=O,70,5.786904003179124
Pair_75,OCC(C(C(C1N)O)O[*])OC1OC2C(OC(C(C2O)N)[*])CO,[*]OC1C(C(O)=O)OC(OC2C(NC(C)=O)C([*])OC(CO)C2O)C(O)C1O,71,5.504138899188006
Pair_76,OCC(C(C(C1N)O)O[*])OC1OC2C(OC(C(C2O)N)[*])CO,[*]OCC[*],72,5.625379387630409
Pair_77,OCC(C(C(C1N)O)O[*])OC1OC2C(OC(C(C2O)N)[*])CO,[*]C1C(C(C(OC1C(O[Na])=O)OC2C(C(O[Na])=O)OC(O[*])C(O)C2O)O)O,73,5.332027932147967
Pair_78,OC1C(OC(C(C1O)O)[*])CO[*],OCC(C(C(C1N)O)O[*])OC1OC2C(OC(C(C2O)N)[*])CO,74,5.816061133250597
Pair_79,OCC(C(C(C1N)O)O[*])OC1OC2C(OC(C(C2O)N)[*])CO,OCC1OC(C(C(C1[*])O)O)OC2C(C(C(OC2CO)O[*])O)O,75,6.490808238419403
Pair_80,OCC(C(C(C1N)O)O[*])OC1OC2C(OC(C(C2O)N)[*])CO,[*]C([C@H](C)OC([C@H](C)O[*])=O)=O,76,5.986773452360742
Pair_81,OCC(C(C(C1N)O)O[*])OC1OC2C(OC(C(C2O)N)[*])CO,[*]C1C(OC(C(C1O)O)OC2C(OC(C(C2O)O)OC3C(OC(C(C3O)O)O[*])CO)CO)CO,77,5.865594571678043
Pair_82,OCC(C(C(C1N)O)O[*])OC1OC2C(OC(C(C2O)N)[*])CO,[*]C(CCCCCO[*])=O,78,5.676139119073605
Pair_83,OCC(C(C(C1N)O)O[*])OC1OC2C(OC(C(C2O)N)[*])CO,[*]NC(C(O)=O)CCC([*])=O,79,6.008104078397948
Pair_84,OCC(C(C(C1N)O)O[*])OC1OC2C(OC(C(C2O)N)[*])CO,[*]C(C)C(OCC(O[*])=O)=O,80,6.056702478021575
Pair_85,O=C(N([*])C([*])=O)CC=C,OCC(C(C(C1N)O)O[*])OC1OC2C(OC(C(C2O)N)[*])CO,81,5.929825131504665
Pair_86,OCC(C(C(C1N)O)O[*])OC1OC2C(OC(C(C2O)N)[*])CO,[*]C1=C(C=CN2)C2=C([*])C(O)=C1O,82,6.408481402789415
Pair_87,O=C(C(C[*])[*])N,OCC(C(C(C1N)O)O[*])OC1OC2C(OC(C(C2O)N)[*])CO,83,2.716483259785089
Pair_88,OCC(C(C(C1N)O)O[*])OC1OC2C(OC(C(C2O)N)[*])CO,OCC1OC(C(C(C1O[*])O)NC(C)=O)OC2C(O)C(C(OC2CO)[*])NC(C)=O,84,5.902828255829509
Pair_89,O=C(N)C([*])C[*],OCC(C(C(C1N)O)O[*])OC1OC2C(OC(C(C2O)N)[*])CO,85,2.716483259785089
Pair_90,OCC(C(C(C1N)O)O[*])OC1OC2C(OC(C(C2O)N)[*])CO,[*]CC(C1=CC=C(C=C1)S(O)(=O)=O)[*],86,6.0765777761551965
Pair_91,OCC(C(C(C1N)O)O[*])OC1OC2C(OC(C(C2O)N)[*])CO,[*]NC(CCC([*])=O)C(O)=O,87,6.008104078397948
Pair_92,CC(NC1C(OC(C(C1OC2OC(C(C(C2OCC(COC(C(C)=C)=O)O)O)O[*])C([O-])=O)O)O)O[*])=O,OCC(C(C(C1N)O)O[*])OC1OC2C(OC(C(C2O)N)[*])CO,88,5.533508571330026
Pair_93,OCC(C(C(C1N)O)O[*])OC1OC2C(OC(C(C2O)N)[*])CO,[*]C(C)(C(OCCN(C)C)=O)C[*],89,4.408193308045763
Pair_94,OCC(C(C(C1N)O)O[*])OC1OC2C(OC(C(C2O)N)[*])CO,[*]OC1C(C(C(OC1C)OC2C(C(OC(C2O)COC(C)=O)OC3C(C(C(OC3C(O)=O)OC4C(C(C(OC4CO)O[*])O)O)O)O)OC(C(O)CO)=O)O)O,90,5.6851154000049595
Pair_95,CC(NC1C([C@@H](C(O[C@H]1O[*])CO)O[C@@H]2OC([C@H]([C@@H](C2NC(C)=O)O)[*])CO)O)=O,OCC(C(C(C1N)O)O[*])OC1OC2C(OC(C(C2O)N)[*])CO,91,6.317505883385011
Pair_96,O=C([*])C(C)O[*],OCC(C(C(C1N)O)O[*])OC1OC2C(OC(C(C2O)N)[*])CO,92,6.081138399448511
Pair_97,COCC1OC(OC2C(CO)OC(O[*])C(OC)C2OC)C(OC)C(O)C1O[*],OCC(C(C(C1N)O)O[*])OC1OC2C(OC(C(C2O)N)[*])CO,93,6.097766813919647
Pair_98,OCC(C(C(C1N)O)O[*])OC1OC2C(OC(C(C2O)N)[*])CO,[H]N(C(O[*])=O)CCCCCCN(C(OCCCCO[*])=O)[H],94,5.7615718056689715
Pair_99,COC(C(C[*])([*])C)=O,OCC(C(C(C1N)O)O[*])OC1OC2C(OC(C(C2O)N)[*])CO,95,6.105926990325985
Pair_100,OCC(C(C(C1N)O)O[*])OC1OC2C(OC(C(C2O)N)[*])CO,[*]OC1OC(CO)C(OC2C(O)C(O)C([*])C(CO)O2)C(O)C1O,96,6.490808238419403
Pair_101,OCC(C(C(C1N)O)O[*])OC1OC2C(OC(C(C2O)N)[*])CO,[*]CC(C)(C(OCCO)=O)[*],97,3.5005198526468653
Pair_102,OCC(C(C(C1N)O)O[*])OC1OC2C(OC(C(C2O)N)[*])CO,[*]C(N(CN(C(OCOC(N(CN(C(OCCO[*])=O)[H])[H])=O)=O)[H])[H])=O,98,4.84201231084312
Pair_103,O=C([*])CCCCCO[*],OCC(C(C(C1N)O)O[*])OC1OC2C(OC(C(C2O)N)[*])CO,99,5.676139119073605
Pair_104,O=C(N1C(C([*])=O)CC(O)C1)CNC(C2CCCN2[*])=O,OCC(C(C(C1N)O)O[*])OC1OC2C(OC(C(C2O)N)[*])CO,100,5.428107766811979
Pair_105,O=C(C(OC(C=O)OC1C(C(C(OC1C(O[Na])=O)O[*])O)O)C(C=O)[*])O[Na],OCC(C(C(C1N)O)O[*])OC1OC2C(OC(C(C2O)N)[*])CO,101,5.747068912303916
Pair_109,[*]C([H])([H])C(O)([H])[*],[H]N(C([H])([H])C(N([H])C(C)([H])C(N(C([H])([H])C([*])=O)[H])=O)=O)C(C(N([*])[H])(C)[H])=O,102,5.490005939603534
Pair_110,[*]C([H])([H])C(O)([H])[*],[*]OC1C(C(O)=O)OC(OC2C(NC(C)=O)C([*])OC(CO)C2O)C(O)C1O,103,5.97019225512747
Pair_111,[*]C([H])([H])C(O)([H])[*],[*]OCC[*],104,5.73968677663236
Pair_112,[*]C([H])([H])C(O)([H])[*],[*]C1C(C(C(OC1C(O[Na])=O)OC2C(C(O[Na])=O)OC(O[*])C(O)C2O)O)O,105,5.130882419632966
Pair_113,OC1C(OC(C(C1O)O)[*])CO[*],[*]C([H])([H])C(O)([H])[*],106,5.734775677952017
Pair_114,OCC1OC(C(C(C1[*])O)O)OC2C(C(C(OC2CO)O[*])O)O,[*]C([H])([H])C(O)([H])[*],107,6.270034692201941
Pair_115,[*]C([C@H](C)OC([C@H](C)O[*])=O)=O,[*]C([H])([H])C(O)([H])[*],108,6.031532816610304
Pair_116,[*]C([H])([H])C(O)([H])[*],[*]C1C(OC(C(C1O)O)OC2C(OC(C(C2O)O)OC3C(OC(C(C3O)O)O[*])CO)CO)CO,109,5.989994361659728
Pair_117,[*]C(CCCCCO[*])=O,[*]C([H])([H])C(O)([H])[*],110,5.753472416155349
Pair_118,[*]C([H])([H])C(O)([H])[*],[*]NC(C(O)=O)CCC([*])=O,111,5.795960850472768
Pair_119,[*]C(C)C(OCC(O[*])=O)=O,[*]C([H])([H])C(O)([H])[*],112,5.860650701769697
Pair_120,O=C(N([*])C([*])=O)CC=C,[*]C([H])([H])C(O)([H])[*],113,5.531572947918635
Pair_121,[*]C([H])([H])C(O)([H])[*],[*]C1=C(C=CN2)C2=C([*])C(O)=C1O,114,6.286344798394671
Pair_122,O=C(C(C[*])[*])N,[*]C([H])([H])C(O)([H])[*],115,2.0483647615841116
Pair_123,OCC1OC(C(C(C1O[*])O)NC(C)=O)OC2C(O)C(C(OC2CO)[*])NC(C)=O,[*]C([H])([H])C(O)([H])[*],116,6.016141896017602
Pair_124,O=C(N)C([*])C[*],[*]C([H])([H])C(O)([H])[*],117,2.0483647615841116
Pair_125,[*]C([H])([H])C(O)([H])[*],[*]CC(C1=CC=C(C=C1)S(O)(=O)=O)[*],118,5.727239149207655
Pair_126,[*]C([H])([H])C(O)([H])[*],[*]NC(CCC([*])=O)C(O)=O,119,5.795960850472768
Pair_127,CC(NC1C(OC(C(C1OC2OC(C(C(C2OCC(COC(C(C)=C)=O)O)O)O[*])C([O-])=O)O)O)O[*])=O,[*]C([H])([H])C(O)([H])[*],120,5.657210800945436
Pair_128,[*]C(C)(C(OCCN(C)C)=O)C[*],[*]C([H])([H])C(O)([H])[*],121,4.197558270315936
Pair_129,[*]C([H])([H])C(O)([H])[*],[*]OC1C(C(C(OC1C)OC2C(C(OC(C2O)COC(C)=O)OC3C(C(C(OC3C(O)=O)OC4C(C(C(OC4CO)O[*])O)O)O)O)OC(C(O)CO)=O)O)O,122,5.691778611666281
Pair_130,CC(NC1C([C@@H](C(O[C@H]1O[*])CO)O[C@@H]2OC([C@H]([C@@H](C2NC(C)=O)O)[*])CO)O)=O,[*]C([H])([H])C(O)([H])[*],123,6.197150937660482
Pair_131,O=C([*])C(C)O[*],[*]C([H])([H])C(O)([H])[*],124,6.088135594527694
Pair_132,COCC1OC(OC2C(CO)OC(O[*])C(OC)C2OC)C(OC)C(O)C1O[*],[*]C([H])([H])C(O)([H])[*],125,5.937793359335412
Pair_133,[*]C([H])([H])C(O)([H])[*],[H]N(C(O[*])=O)CCCCCCN(C(OCCCCO[*])=O)[H],126,5.494222156263725
Pair_134,COC(C(C[*])([*])C)=O,[*]C([H])([H])C(O)([H])[*],127,5.7188170704068595
Pair_135,[*]C([H])([H])C(O)([H])[*],[*]OC1OC(CO)C(OC2C(O)C(O)C([*])C(CO)O2)C(O)C1O,128,6.270034692201941
Pair_136,[*]C([H])([H])C(O)([H])[*],[*]CC(C)(C(OCCO)=O)[*],129,3.44001554924192
Pair_137,[*]C(N(CN(C(OCOC(N(CN(C(OCCO[*])=O)[H])[H])=O)=O)[H])[H])=O,[*]C([H])([H])C(O)([H])[*],130,4.526020019866107
Pair_138,O=C([*])CCCCCO[*],[*]C([H])([H])C(O)([H])[*],131,5.753472416155349
Pair_139,O=C(N1C(C([*])=O)CC(O)C1)CNC(C2CCCN2[*])=O,[*]C([H])([H])C(O)([H])[*],132,4.744535621003864
Pair_140,O=C(C(OC(C=O)OC1C(C(C(OC1C(O[Na])=O)O[*])O)O)C(C=O)[*])O[Na],[*]C([H])([H])C(O)([H])[*],133,5.617668733248384
Pair_145,[*]OC1C(C(O)=O)OC(OC2C(NC(C)=O)C([*])OC(CO)C2O)C(O)C1O,[H]N(C([H])([H])C(N([H])C(C)([H])C(N(C([H])([H])C([*])=O)[H])=O)=O)C(C(N([*])[H])(C)[H])=O,134,5.858385461385878
Pair_146,[*]OCC[*],[H]N(C([H])([H])C(N([H])C(C)([H])C(N(C([H])([H])C([*])=O)[H])=O)=O)C(C(N([*])[H])(C)[H])=O,135,5.761660823851412
Pair_147,[*]C1C(C(C(OC1C(O[Na])=O)OC2C(C(O[Na])=O)OC(O[*])C(O)C2O)O)O,[H]N(C([H])([H])C(N([H])C(C)([H])C(N(C([H])([H])C([*])=O)[H])=O)=O)C(C(N([*])[H])(C)[H])=O,136,5.24301285117992
Pair_148,OC1C(OC(C(C1O)O)[*])CO[*],[H]N(C([H])([H])C(N([H])C(C)([H])C(N(C([H])([H])C([*])=O)[H])=O)=O)C(C(N([*])[H])(C)[H])=O,137,5.738648790067835
Pair_149,OCC1OC(C(C(C1[*])O)O)OC2C(C(C(OC2CO)O[*])O)O,[H]N(C([H])([H])C(N([H])C(C)([H])C(N(C([H])([H])C([*])=O)[H])=O)=O)C(C(N([*])[H])(C)[H])=O,138,6.243007963555142
Pair_150,[*]C([C@H](C)OC([C@H](C)O[*])=O)=O,[H]N(C([H])([H])C(N([H])C(C)([H])C(N(C([H])([H])C([*])=O)[H])=O)=O)C(C(N([*])[H])(C)[H])=O,139,6.050038420046189
Pair_151,[*]C1C(OC(C(C1O)O)OC2C(OC(C(C2O)O)OC3C(OC(C(C3O)O)O[*])CO)CO)CO,[H]N(C([H])([H])C(N([H])C(C)([H])C(N(C([H])([H])C([*])=O)[H])=O)=O)C(C(N([*])[H])(C)[H])=O,140,6.029980172679155
Pair_152,[*]C(CCCCCO[*])=O,[H]N(C([H])([H])C(N([H])C(C)([H])C(N(C([H])([H])C([*])=O)[H])=O)=O)C(C(N([*])[H])(C)[H])=O,141,5.727667009255629
Pair_153,[*]NC(C(O)=O)CCC([*])=O,[H]N(C([H])([H])C(N([H])C(C)([H])C(N(C([H])([H])C([*])=O)[H])=O)=O)C(C(N([*])[H])(C)[H])=O,142,5.962503528457244
Pair_154,[*]C(C)C(OCC(O[*])=O)=O,[H]N(C([H])([H])C(N([H])C(C)([H])C(N(C([H])([H])C([*])=O)[H])=O)=O)C(C(N([*])[H])(C)[H])=O,143,6.119063345601251
Pair_155,O=C(N([*])C([*])=O)CC=C,[H]N(C([H])([H])C(N([H])C(C)([H])C(N(C([H])([H])C([*])=O)[H])=O)=O)C(C(N([*])[H])(C)[H])=O,144,5.750620106495488
Pair_156,[*]C1=C(C=CN2)C2=C([*])C(O)=C1O,[H]N(C([H])([H])C(N([H])C(C)([H])C(N(C([H])([H])C([*])=O)[H])=O)=O)C(C(N([*])[H])(C)[H])=O,145,6.162108471493487
Pair_157,O=C(C(C[*])[*])N,[H]N(C([H])([H])C(N([H])C(C)([H])C(N(C([H])([H])C([*])=O)[H])=O)=O)C(C(N([*])[H])(C)[H])=O,146,3.0377470955618495
Pair_158,OCC1OC(C(C(C1O[*])O)NC(C)=O)OC2C(O)C(C(OC2CO)[*])NC(C)=O,[H]N(C([H])([H])C(N([H])C(C)([H])C(N(C([H])([H])C([*])=O)[H])=O)=O)C(C(N([*])[H])(C)[H])=O,147,5.941997516097607
Pair_159,O=C(N)C([*])C[*],[H]N(C([H])([H])C(N([H])C(C)([H])C(N(C([H])([H])C([*])=O)[H])=O)=O)C(C(N([*])[H])(C)[H])=O,148,3.0377470955618495
Pair_160,[*]CC(C1=CC=C(C=C1)S(O)(=O)=O)[*],[H]N(C([H])([H])C(N([H])C(C)([H])C(N(C([H])([H])C([*])=O)[H])=O)=O)C(C(N([*])[H])(C)[H])=O,149,5.682340629313914
Pair_161,[*]NC(CCC([*])=O)C(O)=O,[H]N(C([H])([H])C(N([H])C(C)([H])C(N(C([H])([H])C([*])=O)[H])=O)=O)C(C(N([*])[H])(C)[H])=O,150,5.962503528457244
Pair_162,CC(NC1C(OC(C(C1OC2OC(C(C(C2OCC(COC(C(C)=C)=O)O)O)O[*])C([O-])=O)O)O)O[*])=O,[H]N(C([H])([H])C(N([H])C(C)([H])C(N(C([H])([H])C([*])=O)[H])=O)=O)C(C(N([*])[H])(C)[H])=O,151,5.538769404354652
Pair_163,[*]C(C)(C(OCCN(C)C)=O)C[*],[H]N(C([H])([H])C(N([H])C(C)([H])C(N(C([H])([H])C([*])=O)[H])=O)=O)C(C(N([*])[H])(C)[H])=O,152,4.346264871470951
Pair_164,[*]OC1C(C(C(OC1C)OC2C(C(OC(C2O)COC(C)=O)OC3C(C(C(OC3C(O)=O)OC4C(C(C(OC4CO)O[*])O)O)O)O)OC(C(O)CO)=O)O)O,[H]N(C([H])([H])C(N([H])C(C)([H])C(N(C([H])([H])C([*])=O)[H])=O)=O)C(C(N([*])[H])(C)[H])=O,153,5.64195892965521
Pair_165,CC(NC1C([C@@H](C(O[C@H]1O[*])CO)O[C@@H]2OC([C@H]([C@@H](C2NC(C)=O)O)[*])CO)O)=O,[H]N(C([H])([H])C(N([H])C(C)([H])C(N(C([H])([H])C([*])=O)[H])=O)=O)C(C(N([*])[H])(C)[H])=O,154,6.204701566177923
Pair_166,O=C([*])C(C)O[*],[H]N(C([H])([H])C(N([H])C(C)([H])C(N(C([H])([H])C([*])=O)[H])=O)=O)C(C(N([*])[H])(C)[H])=O,155,6.099729897613462
Pair_167,COCC1OC(OC2C(CO)OC(O[*])C(OC)C2OC)C(OC)C(O)C1O[*],[H]N(C([H])([H])C(N([H])C(C)([H])C(N(C([H])([H])C([*])=O)[H])=O)=O)C(C(N([*])[H])(C)[H])=O,156,5.973996338649146
Pair_168,[H]N(C(O[*])=O)CCCCCCN(C(OCCCCO[*])=O)[H],[H]N(C([H])([H])C(N([H])C(C)([H])C(N(C([H])([H])C([*])=O)[H])=O)=O)C(C(N([*])[H])(C)[H])=O,157,5.047984176531188
Pair_169,COC(C(C[*])([*])C)=O,[H]N(C([H])([H])C(N([H])C(C)([H])C(N(C([H])([H])C([*])=O)[H])=O)=O)C(C(N([*])[H])(C)[H])=O,158,5.701310888046924
Pair_170,[*]OC1OC(CO)C(OC2C(O)C(O)C([*])C(CO)O2)C(O)C1O,[H]N(C([H])([H])C(N([H])C(C)([H])C(N(C([H])([H])C([*])=O)[H])=O)=O)C(C(N([*])[H])(C)[H])=O,159,6.243007963555142
Pair_171,[*]CC(C)(C(OCCO)=O)[*],[H]N(C([H])([H])C(N([H])C(C)([H])C(N(C([H])([H])C([*])=O)[H])=O)=O)C(C(N([*])[H])(C)[H])=O,160,3.5778070360577945
Pair_172,[*]C(N(CN(C(OCOC(N(CN(C(OCCO[*])=O)[H])[H])=O)=O)[H])[H])=O,[H]N(C([H])([H])C(N([H])C(C)([H])C(N(C([H])([H])C([*])=O)[H])=O)=O)C(C(N([*])[H])(C)[H])=O,161,4.920363814327382
Pair_173,O=C([*])CCCCCO[*],[H]N(C([H])([H])C(N([H])C(C)([H])C(N(C([H])([H])C([*])=O)[H])=O)=O)C(C(N([*])[H])(C)[H])=O,162,5.727667009255629
Pair_174,O=C(N1C(C([*])=O)CC(O)C1)CNC(C2CCCN2[*])=O,[H]N(C([H])([H])C(N([H])C(C)([H])C(N(C([H])([H])C([*])=O)[H])=O)=O)C(C(N([*])[H])(C)[H])=O,163,5.011422434120383
Pair_175,O=C(C(OC(C=O)OC1C(C(C(OC1C(O[Na])=O)O[*])O)O)C(C=O)[*])O[Na],[H]N(C([H])([H])C(N([H])C(C)([H])C(N(C([H])([H])C([*])=O)[H])=O)=O)C(C(N([*])[H])(C)[H])=O,164,5.705872015972238
Pair_181,[*]OC1C(C(O)=O)OC(OC2C(NC(C)=O)C([*])OC(CO)C2O)C(O)C1O,[*]OCC[*],165,5.38881419777538
Pair_182,[*]C1C(C(C(OC1C(O[Na])=O)OC2C(C(O[Na])=O)OC(O[*])C(O)C2O)O)O,[*]OC1C(C(O)=O)OC(OC2C(NC(C)=O)C([*])OC(CO)C2O)C(O)C1O,166,4.6736821720795785
Pair_183,OC1C(OC(C(C1O)O)[*])CO[*],[*]OC1C(C(O)=O)OC(OC2C(NC(C)=O)C([*])OC(CO)C2O)C(O)C1O,167,5.526028879258387
Pair_184,OCC1OC(C(C(C1[*])O)O)OC2C(C(C(OC2CO)O[*])O)O,[*]OC1C(C(O)=O)OC(OC2C(NC(C)=O)C([*])OC(CO)C2O)C(O)C1O,168,5.631578426797205
Pair_185,[*]C([C@H](C)OC([C@H](C)O[*])=O)=O,[*]OC1C(C(O)=O)OC(OC2C(NC(C)=O)C([*])OC(CO)C2O)C(O)C1O,169,6.145455295819613
Pair_186,[*]C1C(OC(C(C1O)O)OC2C(OC(C(C2O)O)OC3C(OC(C(C3O)O)O[*])CO)CO)CO,[*]OC1C(C(O)=O)OC(OC2C(NC(C)=O)C([*])OC(CO)C2O)C(O)C1O,170,5.549042043177839
Pair_187,[*]C(CCCCCO[*])=O,[*]OC1C(C(O)=O)OC(OC2C(NC(C)=O)C([*])OC(CO)C2O)C(O)C1O,171,5.129446901333965
Pair_188,[*]NC(C(O)=O)CCC([*])=O,[*]OC1C(C(O)=O)OC(OC2C(NC(C)=O)C([*])OC(CO)C2O)C(O)C1O,172,5.983431750865167
Pair_189,[*]C(C)C(OCC(O[*])=O)=O,[*]OC1C(C(O)=O)OC(OC2C(NC(C)=O)C([*])OC(CO)C2O)C(O)C1O,173,5.91716535559448
Pair_190,O=C(N([*])C([*])=O)CC=C,[*]OC1C(C(O)=O)OC(OC2C(NC(C)=O)C([*])OC(CO)C2O)C(O)C1O,174,5.829209364409506
Pair_191,[*]C1=C(C=CN2)C2=C([*])C(O)=C1O,[*]OC1C(C(O)=O)OC(OC2C(NC(C)=O)C([*])OC(CO)C2O)C(O)C1O,175,5.569239770111003
Pair_192,O=C(C(C[*])[*])N,[*]OC1C(C(O)=O)OC(OC2C(NC(C)=O)C([*])OC(CO)C2O)C(O)C1O,176,2.876142961687686
Pair_193,OCC1OC(C(C(C1O[*])O)NC(C)=O)OC2C(O)C(C(OC2CO)[*])NC(C)=O,[*]OC1C(C(O)=O)OC(OC2C(NC(C)=O)C([*])OC(CO)C2O)C(O)C1O,177,5.305087156131091
Pair_194,O=C(N)C([*])C[*],[*]OC1C(C(O)=O)OC(OC2C(NC(C)=O)C([*])OC(CO)C2O)C(O)C1O,178,2.876142961687686
Pair_195,[*]CC(C1=CC=C(C=C1)S(O)(=O)=O)[*],[*]OC1C(C(O)=O)OC(OC2C(NC(C)=O)C([*])OC(CO)C2O)C(O)C1O,179,5.794690208972965
Pair_196,[*]NC(CCC([*])=O)C(O)=O,[*]OC1C(C(O)=O)OC(OC2C(NC(C)=O)C([*])OC(CO)C2O)C(O)C1O,180,5.983431750865167
Pair_197,CC(NC1C(OC(C(C1OC2OC(C(C(C2OCC(COC(C(C)=C)=O)O)O)O[*])C([O-])=O)O)O)O[*])=O,[*]OC1C(C(O)=O)OC(OC2C(NC(C)=O)C([*])OC(CO)C2O)C(O)C1O,181,5.16701393479494
Pair_198,[*]C(C)(C(OCCN(C)C)=O)C[*],[*]OC1C(C(O)=O)OC(OC2C(NC(C)=O)C([*])OC(CO)C2O)C(O)C1O,182,4.4625071611210965
Pair_199,[*]OC1C(C(C(OC1C)OC2C(C(OC(C2O)COC(C)=O)OC3C(C(C(OC3C(O)=O)OC4C(C(C(OC4CO)O[*])O)O)O)O)OC(C(O)CO)=O)O)O,[*]OC1C(C(O)=O)OC(OC2C(NC(C)=O)C([*])OC(CO)C2O)C(O)C1O,183,5.181352318768057
Pair_200,CC(NC1C([C@@H](C(O[C@H]1O[*])CO)O[C@@H]2OC([C@H]([C@@H](C2NC(C)=O)O)[*])CO)O)=O,[*]OC1C(C(O)=O)OC(OC2C(NC(C)=O)C([*])OC(CO)C2O)C(O)C1O,184,5.626535057260869
Pair_201,O=C([*])C(C)O[*],[*]OC1C(C(O)=O)OC(OC2C(NC(C)=O)C([*])OC(CO)C2O)C(O)C1O,185,6.219700551979276
Pair_202,COCC1OC(OC2C(CO)OC(O[*])C(OC)C2OC)C(OC)C(O)C1O[*],[*]OC1C(C(O)=O)OC(OC2C(NC(C)=O)C([*])OC(CO)C2O)C(O)C1O,186,5.6907740879986894
Pair_203,[*]OC1C(C(O)=O)OC(OC2C(NC(C)=O)C([*])OC(CO)C2O)C(O)C1O,[H]N(C(O[*])=O)CCCCCCN(C(OCCCCO[*])=O)[H],187,5.109478022249682
Pair_204,COC(C(C[*])([*])C)=O,[*]OC1C(C(O)=O)OC(OC2C(NC(C)=O)C([*])OC(CO)C2O)C(O)C1O,188,6.052158365950424
Pair_205,[*]OC1C(C(O)=O)OC(OC2C(NC(C)=O)C([*])OC(CO)C2O)C(O)C1O,[*]OC1OC(CO)C(OC2C(O)C(O)C([*])C(CO)O2)C(O)C1O,189,5.631578426797205
Pair_206,[*]CC(C)(C(OCCO)=O)[*],[*]OC1C(C(O)=O)OC(OC2C(NC(C)=O)C([*])OC(CO)C2O)C(O)C1O,190,3.709422142974408
Pair_207,[*]C(N(CN(C(OCOC(N(CN(C(OCCO[*])=O)[H])[H])=O)=O)[H])[H])=O,[*]OC1C(C(O)=O)OC(OC2C(NC(C)=O)C([*])OC(CO)C2O)C(O)C1O,191,4.788949163683543
Pair_208,O=C([*])CCCCCO[*],[*]OC1C(C(O)=O)OC(OC2C(NC(C)=O)C([*])OC(CO)C2O)C(O)C1O,192,5.129446901333965
Pair_209,O=C(N1C(C([*])=O)CC(O)C1)CNC(C2CCCN2[*])=O,[*]OC1C(C(O)=O)OC(OC2C(NC(C)=O)C([*])OC(CO)C2O)C(O)C1O,193,4.732763022572501
Pair_210,O=C(C(OC(C=O)OC1C(C(C(OC1C(O[Na])=O)O[*])O)O)C(C=O)[*])O[Na],[*]OC1C(C(O)=O)OC(OC2C(NC(C)=O)C([*])OC(CO)C2O)C(O)C1O,194,5.192529632170186
Pair_217,[*]C1C(C(C(OC1C(O[Na])=O)OC2C(C(O[Na])=O)OC(O[*])C(O)C2O)O)O,[*]OCC[*],195,5.111040046460437
Pair_218,OC1C(OC(C(C1O)O)[*])CO[*],[*]OCC[*],196,5.3642013801996
Pair_219,OCC1OC(C(C(C1[*])O)O)OC2C(C(C(OC2CO)O[*])O)O,[*]OCC[*],197,5.353731373716009
Pair_220,[*]C([C@H](C)OC([C@H](C)O[*])=O)=O,[*]OCC[*],198,5.886646725369391
Pair_221,[*]C1C(OC(C(C1O)O)OC2C(OC(C(C2O)O)OC3C(OC(C(C3O)O)O[*])CO)CO)CO,[*]OCC[*],199,5.188455177086457
Pair_222,[*]C(CCCCCO[*])=O,[*]OCC[*],200,4.646789238555329
Pair_223,[*]NC(C(O)=O)CCC([*])=O,[*]OCC[*],201,5.705066247182067
Pair_224,[*]C(C)C(OCC(O[*])=O)=O,[*]OCC[*],202,5.755075816579132
Pair_225,O=C(N([*])C([*])=O)CC=C,[*]OCC[*],203,5.522193445157851
Pair_226,[*]C1=C(C=CN2)C2=C([*])C(O)=C1O,[*]OCC[*],204,5.444185849089977
Pair_227,O=C(C(C[*])[*])N,[*]OCC[*],205,2.2754151401008196
Pair_228,OCC1OC(C(C(C1O[*])O)NC(C)=O)OC2C(O)C(C(OC2CO)[*])NC(C)=O,[*]OCC[*],206,5.570420734965593
Pair_229,O=C(N)C([*])C[*],[*]OCC[*],207,2.2754151401008196
Pair_230,[*]CC(C1=CC=C(C=C1)S(O)(=O)=O)[*],[*]OCC[*],208,5.665560913091807
Pair_231,[*]NC(CCC([*])=O)C(O)=O,[*]OCC[*],209,5.705066247182067
Pair_232,CC(NC1C(OC(C(C1OC2OC(C(C(C2OCC(COC(C(C)=C)=O)O)O)O[*])C([O-])=O)O)O)O[*])=O,[*]OCC[*],210,5.343518379058868
Pair_233,[*]C(C)(C(OCCN(C)C)=O)C[*],[*]OCC[*],211,4.155013555605817
Pair_234,[*]OC1C(C(C(OC1C)OC2C(C(OC(C2O)COC(C)=O)OC3C(C(C(OC3C(O)=O)OC4C(C(C(OC4CO)O[*])O)O)O)O)OC(C(O)CO)=O)O)O,[*]OCC[*],212,5.433785506276232
Pair_235,CC(NC1C([C@@H](C(O[C@H]1O[*])CO)O[C@@H]2OC([C@H]([C@@H](C2NC(C)=O)O)[*])CO)O)=O,[*]OCC[*],213,5.632578822558698
Pair_236,O=C([*])C(C)O[*],[*]OCC[*],214,5.852626543689806
Pair_237,COCC1OC(OC2C(CO)OC(O[*])C(OC)C2OC)C(OC)C(O)C1O[*],[*]OCC[*],215,5.547856263394049
Pair_238,[*]OCC[*],[H]N(C(O[*])=O)CCCCCCN(C(OCCCCO[*])=O)[H],216,4.946997978763514
Pair_239,COC(C(C[*])([*])C)=O,[*]OCC[*],217,5.471151619623231
Pair_240,[*]OC1OC(CO)C(OC2C(O)C(O)C([*])C(CO)O2)C(O)C1O,[*]OCC[*],218,5.353731373716009
Pair_241,[*]CC(C)(C(OCCO)=O)[*],[*]OCC[*],219,3.47177842389228
Pair_242,[*]C(N(CN(C(OCOC(N(CN(C(OCCO[*])=O)[H])[H])=O)=O)[H])[H])=O,[*]OCC[*],220,4.058738201827219
Pair_243,O=C([*])CCCCCO[*],[*]OCC[*],221,4.646789238555329
Pair_244,O=C(N1C(C([*])=O)CC(O)C1)CNC(C2CCCN2[*])=O,[*]OCC[*],222,4.477276678863151
Pair_245,O=C(C(OC(C=O)OC1C(C(C(OC1C(O[Na])=O)O[*])O)O)C(C=O)[*])O[Na],[*]OCC[*],223,5.350291363332336
Pair_253,OC1C(OC(C(C1O)O)[*])CO[*],[*]C1C(C(C(OC1C(O[Na])=O)OC2C(C(O[Na])=O)OC(O[*])C(O)C2O)O)O,224,5.128468874269265
Pair_254,OCC1OC(C(C(C1[*])O)O)OC2C(C(C(OC2CO)O[*])O)O,[*]C1C(C(C(OC1C(O[Na])=O)OC2C(C(O[Na])=O)OC(O[*])C(O)C2O)O)O,225,5.608503466288186
Pair_255,[*]C([C@H](C)OC([C@H](C)O[*])=O)=O,[*]C1C(C(C(OC1C(O[Na])=O)OC2C(C(O[Na])=O)OC(O[*])C(O)C2O)O)O,226,5.5424961924546805
Pair_256,[*]C1C(C(C(OC1C(O[Na])=O)OC2C(C(O[Na])=O)OC(O[*])C(O)C2O)O)O,[*]C1C(OC(C(C1O)O)OC2C(OC(C(C2O)O)OC3C(OC(C(C3O)O)O[*])CO)CO)CO,227,5.4241627296195905
Pair_257,[*]C(CCCCCO[*])=O,[*]C1C(C(C(OC1C(O[Na])=O)OC2C(C(O[Na])=O)OC(O[*])C(O)C2O)O)O,228,4.618510503454045
Pair_258,[*]C1C(C(C(OC1C(O[Na])=O)OC2C(C(O[Na])=O)OC(O[*])C(O)C2O)O)O,[*]NC(C(O)=O)CCC([*])=O,229,5.200470005988122
Pair_259,[*]C(C)C(OCC(O[*])=O)=O,[*]C1C(C(C(OC1C(O[Na])=O)OC2C(C(O[Na])=O)OC(O[*])C(O)C2O)O)O,230,5.278500205234037
Pair_260,O=C(N([*])C([*])=O)CC=C,[*]C1C(C(C(OC1C(O[Na])=O)OC2C(C(O[Na])=O)OC(O[*])C(O)C2O)O)O,231,5.0807158929904634
Pair_261,[*]C1=C(C=CN2)C2=C([*])C(O)=C1O,[*]C1C(C(C(OC1C(O[Na])=O)OC2C(C(O[Na])=O)OC(O[*])C(O)C2O)O)O,232,5.402629125310336
Pair_262,O=C(C(C[*])[*])N,[*]C1C(C(C(OC1C(O[Na])=O)OC2C(C(O[Na])=O)OC(O[*])C(O)C2O)O)O,233,2.7269657133474263
Pair_263,OCC1OC(C(C(C1O[*])O)NC(C)=O)OC2C(O)C(C(OC2CO)[*])NC(C)=O,[*]C1C(C(C(OC1C(O[Na])=O)OC2C(C(O[Na])=O)OC(O[*])C(O)C2O)O)O,234,4.9601489575165045
Pair_264,O=C(N)C([*])C[*],[*]C1C(C(C(OC1C(O[Na])=O)OC2C(C(O[Na])=O)OC(O[*])C(O)C2O)O)O,235,2.7269657133474263
Pair_265,[*]C1C(C(C(OC1C(O[Na])=O)OC2C(C(O[Na])=O)OC(O[*])C(O)C2O)O)O,[*]CC(C1=CC=C(C=C1)S(O)(=O)=O)[*],236,5.270336854094356
Pair_266,[*]C1C(C(C(OC1C(O[Na])=O)OC2C(C(O[Na])=O)OC(O[*])C(O)C2O)O)O,[*]NC(CCC([*])=O)C(O)=O,237,5.200470005988122
Pair_267,CC(NC1C(OC(C(C1OC2OC(C(C(C2OCC(COC(C(C)=C)=O)O)O)O[*])C([O-])=O)O)O)O[*])=O,[*]C1C(C(C(OC1C(O[Na])=O)OC2C(C(O[Na])=O)OC(O[*])C(O)C2O)O)O,238,4.729843670910981
Pair_268,[*]C(C)(C(OCCN(C)C)=O)C[*],[*]C1C(C(C(OC1C(O[Na])=O)OC2C(C(O[Na])=O)OC(O[*])C(O)C2O)O)O,239,4.171489041925044
Pair_269,[*]C1C(C(C(OC1C(O[Na])=O)OC2C(C(O[Na])=O)OC(O[*])C(O)C2O)O)O,[*]OC1C(C(C(OC1C)OC2C(C(OC(C2O)COC(C)=O)OC3C(C(C(OC3C(O)=O)OC4C(C(C(OC4CO)O[*])O)O)O)O)OC(C(O)CO)=O)O)O,240,4.901193541983029
Pair_270,CC(NC1C([C@@H](C(O[C@H]1O[*])CO)O[C@@H]2OC([C@H]([C@@H](C2NC(C)=O)O)[*])CO)O)=O,[*]C1C(C(C(OC1C(O[Na])=O)OC2C(C(O[Na])=O)OC(O[*])C(O)C2O)O)O,241,5.144983707124035
Pair_271,O=C([*])C(C)O[*],[*]C1C(C(C(OC1C(O[Na])=O)OC2C(C(O[Na])=O)OC(O[*])C(O)C2O)O)O,242,5.486367852160064
Pair_272,COCC1OC(OC2C(CO)OC(O[*])C(OC)C2OC)C(OC)C(O)C1O[*],[*]C1C(C(C(OC1C(O[Na])=O)OC2C(C(O[Na])=O)OC(O[*])C(O)C2O)O)O,243,5.352408873121233
Pair_273,[*]C1C(C(C(OC1C(O[Na])=O)OC2C(C(O[Na])=O)OC(O[*])C(O)C2O)O)O,[H]N(C(O[*])=O)CCCCCCN(C(OCCCCO[*])=O)[H],244,4.671067253023205
Pair_274,COC(C(C[*])([*])C)=O,[*]C1C(C(C(OC1C(O[Na])=O)OC2C(C(O[Na])=O)OC(O[*])C(O)C2O)O)O,245,5.359507900348523
Pair_275,[*]C1C(C(C(OC1C(O[Na])=O)OC2C(C(O[Na])=O)OC(O[*])C(O)C2O)O)O,[*]OC1OC(CO)C(OC2C(O)C(O)C([*])C(CO)O2)C(O)C1O,246,5.608503466288186
Pair_276,[*]C1C(C(C(OC1C(O[Na])=O)OC2C(C(O[Na])=O)OC(O[*])C(O)C2O)O)O,[*]CC(C)(C(OCCO)=O)[*],247,3.69108142265193
Pair_277,[*]C(N(CN(C(OCOC(N(CN(C(OCCO[*])=O)[H])[H])=O)=O)[H])[H])=O,[*]C1C(C(C(OC1C(O[Na])=O)OC2C(C(O[Na])=O)OC(O[*])C(O)C2O)O)O,248,4.3911697213286365
Pair_278,O=C([*])CCCCCO[*],[*]C1C(C(C(OC1C(O[Na])=O)OC2C(C(O[Na])=O)OC(O[*])C(O)C2O)O)O,249,4.618510503454045
Pair_279,O=C(N1C(C([*])=O)CC(O)C1)CNC(C2CCCN2[*])=O,[*]C1C(C(C(OC1C(O[Na])=O)OC2C(C(O[Na])=O)OC(O[*])C(O)C2O)O)O,250,3.5022951826322894
Pair_280,O=C(C(OC(C=O)OC1C(C(C(OC1C(O[Na])=O)O[*])O)O)C(C=O)[*])O[Na],[*]C1C(C(C(OC1C(O[Na])=O)OC2C(C(O[Na])=O)OC(O[*])C(O)C2O)O)O,251,4.8048639487611275
Pair_289,OC1C(OC(C(C1O)O)[*])CO[*],OCC1OC(C(C(C1[*])O)O)OC2C(C(C(OC2CO)O[*])O)O,252,5.993069419155932
Pair_290,OC1C(OC(C(C1O)O)[*])CO[*],[*]C([C@H](C)OC([C@H](C)O[*])=O)=O,253,5.86016367416877
Pair_291,OC1C(OC(C(C1O)O)[*])CO[*],[*]C1C(OC(C(C1O)O)OC2C(OC(C(C2O)O)OC3C(OC(C(C3O)O)O[*])CO)CO)CO,254,5.786327568269983
Pair_292,OC1C(OC(C(C1O)O)[*])CO[*],[*]C(CCCCCO[*])=O,255,5.172522517364484
Pair_293,OC1C(OC(C(C1O)O)[*])CO[*],[*]NC(C(O)=O)CCC([*])=O,256,5.867452001999268
Pair_294,OC1C(OC(C(C1O)O)[*])CO[*],[*]C(C)C(OCC(O[*])=O)=O,257,5.809039566529068
Pair_295,O=C(N([*])C([*])=O)CC=C,OC1C(OC(C(C1O)O)[*])CO[*],258,5.7066994839933605
Pair_296,OC1C(OC(C(C1O)O)[*])CO[*],[*]C1=C(C=CN2)C2=C([*])C(O)=C1O,259,5.991265211950992
Pair_297,O=C(C(C[*])[*])N,OC1C(OC(C(C1O)O)[*])CO[*],260,2.533732782674266
Pair_298,OC1C(OC(C(C1O)O)[*])CO[*],OCC1OC(C(C(C1O[*])O)NC(C)=O)OC2C(O)C(C(OC2CO)[*])NC(C)=O,261,5.776737130466574
Pair_299,O=C(N)C([*])C[*],OC1C(OC(C(C1O)O)[*])CO[*],262,2.533732782674266
Pair_300,OC1C(OC(C(C1O)O)[*])CO[*],[*]CC(C1=CC=C(C=C1)S(O)(=O)=O)[*],263,5.704619193221423
Pair_301,OC1C(OC(C(C1O)O)[*])CO[*],[*]NC(CCC([*])=O)C(O)=O,264,5.867452001999268
Pair_302,CC(NC1C(OC(C(C1OC2OC(C(C(C2OCC(COC(C(C)=C)=O)O)O)O[*])C([O-])=O)O)O)O[*])=O,OC1C(OC(C(C1O)O)[*])CO[*],265,5.51566765449575
Pair_303,OC1C(OC(C(C1O)O)[*])CO[*],[*]C(C)(C(OCCN(C)C)=O)C[*],266,4.382330615386904
Pair_304,OC1C(OC(C(C1O)O)[*])CO[*],[*]OC1C(C(C(OC1C)OC2C(C(OC(C2O)COC(C)=O)OC3C(C(C(OC3C(O)=O)OC4C(C(C(OC4CO)O[*])O)O)O)O)OC(C(O)CO)=O)O)O,267,5.628291379268609
Pair_305,CC(NC1C([C@@H](C(O[C@H]1O[*])CO)O[C@@H]2OC([C@H]([C@@H](C2NC(C)=O)O)[*])CO)O)=O,OC1C(OC(C(C1O)O)[*])CO[*],268,5.950809595914964
Pair_306,O=C([*])C(C)O[*],OC1C(OC(C(C1O)O)[*])CO[*],269,5.94337706881012
Pair_307,COCC1OC(OC2C(CO)OC(O[*])C(OC)C2OC)C(OC)C(O)C1O[*],OC1C(OC(C(C1O)O)[*])CO[*],270,5.86389229820202
Pair_308,OC1C(OC(C(C1O)O)[*])CO[*],[H]N(C(O[*])=O)CCCCCCN(C(OCCCCO[*])=O)[H],271,5.189034662877249
Pair_309,COC(C(C[*])([*])C)=O,OC1C(OC(C(C1O)O)[*])CO[*],272,5.692963475680769
Pair_310,OC1C(OC(C(C1O)O)[*])CO[*],[*]OC1OC(CO)C(OC2C(O)C(O)C([*])C(CO)O2)C(O)C1O,273,5.993069419155932
Pair_311,OC1C(OC(C(C1O)O)[*])CO[*],[*]CC(C)(C(OCCO)=O)[*],274,3.662411844691757
Pair_312,OC1C(OC(C(C1O)O)[*])CO[*],[*]C(N(CN(C(OCOC(N(CN(C(OCCO[*])=O)[H])[H])=O)=O)[H])[H])=O,275,4.5655168422880426
Pair_313,O=C([*])CCCCCO[*],OC1C(OC(C(C1O)O)[*])CO[*],276,5.172522517364484
Pair_314,O=C(N1C(C([*])=O)CC(O)C1)CNC(C2CCCN2[*])=O,OC1C(OC(C(C1O)O)[*])CO[*],277,5.1600548063092555
Pair_315,O=C(C(OC(C=O)OC1C(C(C(OC1C(O[Na])=O)O[*])O)O)C(C=O)[*])O[Na],OC1C(OC(C(C1O)O)[*])CO[*],278,5.561507823717412
Pair_325,OCC1OC(C(C(C1[*])O)O)OC2C(C(C(OC2CO)O[*])O)O,[*]C([C@H](C)OC([C@H](C)O[*])=O)=O,279,6.096359332346615
Pair_326,OCC1OC(C(C(C1[*])O)O)OC2C(C(C(OC2CO)O[*])O)O,[*]C1C(OC(C(C1O)O)OC2C(OC(C(C2O)O)OC3C(OC(C(C3O)O)O[*])CO)CO)CO,280,5.716993340459249
Pair_327,OCC1OC(C(C(C1[*])O)O)OC2C(C(C(OC2CO)O[*])O)O,[*]C(CCCCCO[*])=O,281,5.290721351740234
Pair_328,OCC1OC(C(C(C1[*])O)O)OC2C(C(C(OC2CO)O[*])O)O,[*]NC(C(O)=O)CCC([*])=O,282,6.04996124724007
Pair_329,OCC1OC(C(C(C1[*])O)O)OC2C(C(C(OC2CO)O[*])O)O,[*]C(C)C(OCC(O[*])=O)=O,283,6.081858081733821
Pair_330,O=C(N([*])C([*])=O)CC=C,OCC1OC(C(C(C1[*])O)O)OC2C(C(C(OC2CO)O[*])O)O,284,6.125972834323541
Pair_331,OCC1OC(C(C(C1[*])O)O)OC2C(C(C(OC2CO)O[*])O)O,[*]C1=C(C=CN2)C2=C([*])C(O)=C1O,285,6.61762133742744
Pair_332,O=C(C(C[*])[*])N,OCC1OC(C(C(C1[*])O)O)OC2C(C(C(OC2CO)O[*])O)O,286,2.9053609154409914
Pair_333,OCC1OC(C(C(C1O[*])O)NC(C)=O)OC2C(O)C(C(OC2CO)[*])NC(C)=O,OCC1OC(C(C(C1[*])O)O)OC2C(C(C(OC2CO)O[*])O)O,287,6.142434135521099
Pair_334,O=C(N)C([*])C[*],OCC1OC(C(C(C1[*])O)O)OC2C(C(C(OC2CO)O[*])O)O,288,2.9053609154409914
Pair_335,OCC1OC(C(C(C1[*])O)O)OC2C(C(C(OC2CO)O[*])O)O,[*]CC(C1=CC=C(C=C1)S(O)(=O)=O)[*],289,6.130304478765953
Pair_336,OCC1OC(C(C(C1[*])O)O)OC2C(C(C(OC2CO)O[*])O)O,[*]NC(CCC([*])=O)C(O)=O,290,6.04996124724007
Pair_337,CC(NC1C(OC(C(C1OC2OC(C(C(C2OCC(COC(C(C)=C)=O)O)O)O[*])C([O-])=O)O)O)O[*])=O,OCC1OC(C(C(C1[*])O)O)OC2C(C(C(OC2CO)O[*])O)O,291,5.715142212007494
Pair_338,OCC1OC(C(C(C1[*])O)O)OC2C(C(C(OC2CO)O[*])O)O,[*]C(C)(C(OCCN(C)C)=O)C[*],292,4.489844943521919
Pair_339,OCC1OC(C(C(C1[*])O)O)OC2C(C(C(OC2CO)O[*])O)O,[*]OC1C(C(C(OC1C)OC2C(C(OC(C2O)COC(C)=O)OC3C(C(C(OC3C(O)=O)OC4C(C(C(OC4CO)O[*])O)O)O)O)OC(C(O)CO)=O)O)O,293,5.620486312797221
Pair_340,CC(NC1C([C@@H](C(O[C@H]1O[*])CO)O[C@@H]2OC([C@H]([C@@H](C2NC(C)=O)O)[*])CO)O)=O,OCC1OC(C(C(C1[*])O)O)OC2C(C(C(OC2CO)O[*])O)O,294,6.167704072151088
Pair_341,O=C([*])C(C)O[*],OCC1OC(C(C(C1[*])O)O)OC2C(C(C(OC2CO)O[*])O)O,295,6.172429440095288
Pair_342,COCC1OC(OC2C(CO)OC(O[*])C(OC)C2OC)C(OC)C(O)C1O[*],OCC1OC(C(C(C1[*])O)O)OC2C(C(C(OC2CO)O[*])O)O,296,6.287202037178347
Pair_343,OCC1OC(C(C(C1[*])O)O)OC2C(C(C(OC2CO)O[*])O)O,[H]N(C(O[*])=O)CCCCCCN(C(OCCCCO[*])=O)[H],297,6.139643973367992
Pair_344,COC(C(C[*])([*])C)=O,OCC1OC(C(C(C1[*])O)O)OC2C(C(C(OC2CO)O[*])O)O,298,6.1777268437419215
Pair_345,OCC1OC(C(C(C1[*])O)O)OC2C(C(C(OC2CO)O[*])O)O,[*]OC1OC(CO)C(OC2C(O)C(O)C([*])C(CO)O2)C(O)C1O,299,5.729823841802814
Pair_346,OCC1OC(C(C(C1[*])O)O)OC2C(C(C(OC2CO)O[*])O)O,[*]CC(C)(C(OCCO)=O)[*],300,3.5806562445066112
Pair_347,OCC1OC(C(C(C1[*])O)O)OC2C(C(C(OC2CO)O[*])O)O,[*]C(N(CN(C(OCOC(N(CN(C(OCCO[*])=O)[H])[H])=O)=O)[H])[H])=O,301,4.851095172652652
Pair_348,O=C([*])CCCCCO[*],OCC1OC(C(C(C1[*])O)O)OC2C(C(C(OC2CO)O[*])O)O,302,5.290721351740234
Pair_349,O=C(N1C(C([*])=O)CC(O)C1)CNC(C2CCCN2[*])=O,OCC1OC(C(C(C1[*])O)O)OC2C(C(C(OC2CO)O[*])O)O,303,5.935127956469124
Pair_350,O=C(C(OC(C=O)OC1C(C(C(OC1C(O[Na])=O)O[*])O)O)C(C=O)[*])O[Na],OCC1OC(C(C(C1[*])O)O)OC2C(C(C(OC2CO)O[*])O)O,304,5.894855300730492
Pair_361,[*]C([C@H](C)OC([C@H](C)O[*])=O)=O,[*]C1C(OC(C(C1O)O)OC2C(OC(C(C2O)O)OC3C(OC(C(C3O)O)O[*])CO)CO)CO,305,6.0716901339134255
Pair_362,[*]C(CCCCCO[*])=O,[*]C([C@H](C)OC([C@H](C)O[*])=O)=O,306,5.515249828119394
Pair_363,[*]C([C@H](C)OC([C@H](C)O[*])=O)=O,[*]NC(C(O)=O)CCC([*])=O,307,6.243305179333164
Pair_364,[*]C(C)C(OCC(O[*])=O)=O,[*]C([C@H](C)OC([C@H](C)O[*])=O)=O,308,6.138110159002357
Pair_365,O=C(N([*])C([*])=O)CC=C,[*]C([C@H](C)OC([C@H](C)O[*])=O)=O,309,6.000148196545867
Pair_366,[*]C([C@H](C)OC([C@H](C)O[*])=O)=O,[*]C1=C(C=CN2)C2=C([*])C(O)=C1O,310,6.415970737968088
Pair_367,O=C(C(C[*])[*])N,[*]C([C@H](C)OC([C@H](C)O[*])=O)=O,311,2.6172304642353352
Pair_368,OCC1OC(C(C(C1O[*])O)NC(C)=O)OC2C(O)C(C(OC2CO)[*])NC(C)=O,[*]C([C@H](C)OC([C@H](C)O[*])=O)=O,312,6.093744440511763
Pair_369,O=C(N)C([*])C[*],[*]C([C@H](C)OC([C@H](C)O[*])=O)=O,313,2.6172304642353352
Pair_370,[*]C([C@H](C)OC([C@H](C)O[*])=O)=O,[*]CC(C1=CC=C(C=C1)S(O)(=O)=O)[*],314,5.956031552306102
Pair_371,[*]C([C@H](C)OC([C@H](C)O[*])=O)=O,[*]NC(CCC([*])=O)C(O)=O,315,6.243305179333164
Pair_372,CC(NC1C(OC(C(C1OC2OC(C(C(C2OCC(COC(C(C)=C)=O)O)O)O[*])C([O-])=O)O)O)O[*])=O,[*]C([C@H](C)OC([C@H](C)O[*])=O)=O,316,5.787584644117824
Pair_373,[*]C(C)(C(OCCN(C)C)=O)C[*],[*]C([C@H](C)OC([C@H](C)O[*])=O)=O,317,4.3933999434039555
Pair_374,[*]C([C@H](C)OC([C@H](C)O[*])=O)=O,[*]OC1C(C(C(OC1C)OC2C(C(OC(C2O)COC(C)=O)OC3C(C(C(OC3C(O)=O)OC4C(C(C(OC4CO)O[*])O)O)O)O)OC(C(O)CO)=O)O)O,318,5.73848294239994
Pair_375,CC(NC1C([C@@H](C(O[C@H]1O[*])CO)O[C@@H]2OC([C@H]([C@@H](C2NC(C)=O)O)[*])CO)O)=O,[*]C([C@H](C)OC([C@H](C)O[*])=O)=O,319,6.316964347183171
Pair_376,O=C([*])C(C)O[*],[*]C([C@H](C)OC([C@H](C)O[*])=O)=O,320,6.206513427147543
Pair_377,COCC1OC(OC2C(CO)OC(O[*])C(OC)C2OC)C(OC)C(O)C1O[*],[*]C([C@H](C)OC([C@H](C)O[*])=O)=O,321,6.090867969816942
Pair_378,[*]C([C@H](C)OC([C@H](C)O[*])=O)=O,[H]N(C(O[*])=O)CCCCCCN(C(OCCCCO[*])=O)[H],322,5.784072556092515
Pair_379,COC(C(C[*])([*])C)=O,[*]C([C@H](C)OC([C@H](C)O[*])=O)=O,323,6.104092714523182
Pair_380,[*]C([C@H](C)OC([C@H](C)O[*])=O)=O,[*]OC1OC(CO)C(OC2C(O)C(O)C([*])C(CO)O2)C(O)C1O,324,6.096359332346615
Pair_381,[*]C([C@H](C)OC([C@H](C)O[*])=O)=O,[*]CC(C)(C(OCCO)=O)[*],325,3.519683081269086
Pair_382,[*]C(N(CN(C(OCOC(N(CN(C(OCCO[*])=O)[H])[H])=O)=O)[H])[H])=O,[*]C([C@H](C)OC([C@H](C)O[*])=O)=O,326,5.6131039189083545
Pair_383,O=C([*])CCCCCO[*],[*]C([C@H](C)OC([C@H](C)O[*])=O)=O,327,5.515249828119394
Pair_384,O=C(N1C(C([*])=O)CC(O)C1)CNC(C2CCCN2[*])=O,[*]C([C@H](C)OC([C@H](C)O[*])=O)=O,328,5.120143144461068
Pair_385,O=C(C(OC(C=O)OC1C(C(C(OC1C(O[Na])=O)O[*])O)O)C(C=O)[*])O[Na],[*]C([C@H](C)OC([C@H](C)O[*])=O)=O,329,5.899493254354316
Pair_397,[*]C(CCCCCO[*])=O,[*]C1C(OC(C(C1O)O)OC2C(OC(C(C2O)O)OC3C(OC(C(C3O)O)O[*])CO)CO)CO,330,5.137997271521311
Pair_398,[*]C1C(OC(C(C1O)O)OC2C(OC(C(C2O)O)OC3C(OC(C(C3O)O)O[*])CO)CO)CO,[*]NC(C(O)=O)CCC([*])=O,331,5.963430244551268
Pair_399,[*]C(C)C(OCC(O[*])=O)=O,[*]C1C(OC(C(C1O)O)OC2C(OC(C(C2O)O)OC3C(OC(C(C3O)O)O[*])CO)CO)CO,332,5.981376905011924
Pair_400,O=C(N([*])C([*])=O)CC=C,[*]C1C(OC(C(C1O)O)OC2C(OC(C(C2O)O)OC3C(OC(C(C3O)O)O[*])CO)CO)CO,333,5.945383743643848
Pair_401,[*]C1=C(C=CN2)C2=C([*])C(O)=C1O,[*]C1C(OC(C(C1O)O)OC2C(OC(C(C2O)O)OC3C(OC(C(C3O)O)O[*])CO)CO)CO,334,6.342422350559589
Pair_402,O=C(C(C[*])[*])N,[*]C1C(OC(C(C1O)O)OC2C(OC(C(C2O)O)OC3C(OC(C(C3O)O)O[*])CO)CO)CO,335,2.9062467273830883
Pair_403,OCC1OC(C(C(C1O[*])O)NC(C)=O)OC2C(O)C(C(OC2CO)[*])NC(C)=O,[*]C1C(OC(C(C1O)O)OC2C(OC(C(C2O)O)OC3C(OC(C(C3O)O)O[*])CO)CO)CO,336,5.790766102922466
Pair_404,O=C(N)C([*])C[*],[*]C1C(OC(C(C1O)O)OC2C(OC(C(C2O)O)OC3C(OC(C(C3O)O)O[*])CO)CO)CO,337,2.9062467273830883
Pair_405,[*]C1C(OC(C(C1O)O)OC2C(OC(C(C2O)O)OC3C(OC(C(C3O)O)O[*])CO)CO)CO,[*]CC(C1=CC=C(C=C1)S(O)(=O)=O)[*],338,5.9382268734508035
Pair_406,[*]C1C(OC(C(C1O)O)OC2C(OC(C(C2O)O)OC3C(OC(C(C3O)O)O[*])CO)CO)CO,[*]NC(CCC([*])=O)C(O)=O,339,5.963430244551268
Pair_407,CC(NC1C(OC(C(C1OC2OC(C(C(C2OCC(COC(C(C)=C)=O)O)O)O[*])C([O-])=O)O)O)O[*])=O,[*]C1C(OC(C(C1O)O)OC2C(OC(C(C2O)O)OC3C(OC(C(C3O)O)O[*])CO)CO)CO,340,5.636677460521769
Pair_408,[*]C(C)(C(OCCN(C)C)=O)C[*],[*]C1C(OC(C(C1O)O)OC2C(OC(C(C2O)O)OC3C(OC(C(C3O)O)O[*])CO)CO)CO,341,4.433600702815743
Pair_409,[*]C1C(OC(C(C1O)O)OC2C(OC(C(C2O)O)OC3C(OC(C(C3O)O)O[*])CO)CO)CO,[*]OC1C(C(C(OC1C)OC2C(C(OC(C2O)COC(C)=O)OC3C(C(C(OC3C(O)=O)OC4C(C(C(OC4CO)O[*])O)O)O)O)OC(C(O)CO)=O)O)O,342,5.643282726628975
Pair_410,CC(NC1C([C@@H](C(O[C@H]1O[*])CO)O[C@@H]2OC([C@H]([C@@H](C2NC(C)=O)O)[*])CO)O)=O,[*]C1C(OC(C(C1O)O)OC2C(OC(C(C2O)O)OC3C(OC(C(C3O)O)O[*])CO)CO)CO,343,5.9737828375955955
Pair_411,O=C([*])C(C)O[*],[*]C1C(OC(C(C1O)O)OC2C(OC(C(C2O)O)OC3C(OC(C(C3O)O)O[*])CO)CO)CO,344,6.099458024471519
Pair_412,COCC1OC(OC2C(CO)OC(O[*])C(OC)C2OC)C(OC)C(O)C1O[*],[*]C1C(OC(C(C1O)O)OC2C(OC(C(C2O)O)OC3C(OC(C(C3O)O)O[*])CO)CO)CO,345,6.104510695987331
Pair_413,[*]C1C(OC(C(C1O)O)OC2C(OC(C(C2O)O)OC3C(OC(C(C3O)O)O[*])CO)CO)CO,[H]N(C(O[*])=O)CCCCCCN(C(OCCCCO[*])=O)[H],346,5.3638851946271355
Pair_414,COC(C(C[*])([*])C)=O,[*]C1C(OC(C(C1O)O)OC2C(OC(C(C2O)O)OC3C(OC(C(C3O)O)O[*])CO)CO)CO,347,6.01499089543351
Pair_415,[*]C1C(OC(C(C1O)O)OC2C(OC(C(C2O)O)OC3C(OC(C(C3O)O)O[*])CO)CO)CO,[*]OC1OC(CO)C(OC2C(O)C(O)C([*])C(CO)O2)C(O)C1O,348,5.716993340459249
Pair_416,[*]C1C(OC(C(C1O)O)OC2C(OC(C(C2O)O)OC3C(OC(C(C3O)O)O[*])CO)CO)CO,[*]CC(C)(C(OCCO)=O)[*],349,3.5755115977506957
Pair_417,[*]C(N(CN(C(OCOC(N(CN(C(OCCO[*])=O)[H])[H])=O)=O)[H])[H])=O,[*]C1C(OC(C(C1O)O)OC2C(OC(C(C2O)O)OC3C(OC(C(C3O)O)O[*])CO)CO)CO,350,4.7572168447214915
Pair_418,O=C([*])CCCCCO[*],[*]C1C(OC(C(C1O)O)OC2C(OC(C(C2O)O)OC3C(OC(C(C3O)O)O[*])CO)CO)CO,351,5.137997271521311
Pair_419,O=C(N1C(C([*])=O)CC(O)C1)CNC(C2CCCN2[*])=O,[*]C1C(OC(C(C1O)O)OC2C(OC(C(C2O)O)OC3C(OC(C(C3O)O)O[*])CO)CO)CO,352,5.763191760985739
Pair_420,O=C(C(OC(C=O)OC1C(C(C(OC1C(O[Na])=O)O[*])O)O)C(C=O)[*])O[Na],[*]C1C(OC(C(C1O)O)OC2C(OC(C(C2O)O)OC3C(OC(C(C3O)O)O[*])CO)CO)CO,353,5.7108049408037855
Pair_433,[*]C(CCCCCO[*])=O,[*]NC(C(O)=O)CCC([*])=O,354,5.617118895571386
Pair_434,[*]C(C)C(OCC(O[*])=O)=O,[*]C(CCCCCO[*])=O,355,5.631255450088987
Pair_435,O=C(N([*])C([*])=O)CC=C,[*]C(CCCCCO[*])=O,356,5.355770893807718
Pair_436,[*]C(CCCCCO[*])=O,[*]C1=C(C=CN2)C2=C([*])C(O)=C1O,357,5.003167338778029
Pair_437,O=C(C(C[*])[*])N,[*]C(CCCCCO[*])=O,358,2.489499141323783
Pair_438,OCC1OC(C(C(C1O[*])O)NC(C)=O)OC2C(O)C(C(OC2CO)[*])NC(C)=O,[*]C(CCCCCO[*])=O,359,5.664996894076486
Pair_439,O=C(N)C([*])C[*],[*]C(CCCCCO[*])=O,360,2.489499141323783
Pair_440,[*]C(CCCCCO[*])=O,[*]CC(C1=CC=C(C=C1)S(O)(=O)=O)[*],361,5.55699848624624
Pair_441,[*]C(CCCCCO[*])=O,[*]NC(CCC([*])=O)C(O)=O,362,5.617118895571386
Pair_442,CC(NC1C(OC(C(C1OC2OC(C(C(C2OCC(COC(C(C)=C)=O)O)O)O[*])C([O-])=O)O)O)O[*])=O,[*]C(CCCCCO[*])=O,363,5.263976992281779
Pair_443,[*]C(C)(C(OCCN(C)C)=O)C[*],[*]C(CCCCCO[*])=O,364,4.245666974430109
Pair_444,[*]C(CCCCCO[*])=O,[*]OC1C(C(C(OC1C)OC2C(C(OC(C2O)COC(C)=O)OC3C(C(C(OC3C(O)=O)OC4C(C(C(OC4CO)O[*])O)O)O)O)OC(C(O)CO)=O)O)O,365,5.286685101741726
Pair_445,CC(NC1C([C@@H](C(O[C@H]1O[*])CO)O[C@@H]2OC([C@H]([C@@H](C2NC(C)=O)O)[*])CO)O)=O,[*]C(CCCCCO[*])=O,366,5.6524452559587335
Pair_446,O=C([*])C(C)O[*],[*]C(CCCCCO[*])=O,367,5.755397557357074
Pair_447,COCC1OC(OC2C(CO)OC(O[*])C(OC)C2OC)C(OC)C(O)C1O[*],[*]C(CCCCCO[*])=O,368,5.467640807432125
Pair_448,[*]C(CCCCCO[*])=O,[H]N(C(O[*])=O)CCCCCCN(C(OCCCCO[*])=O)[H],369,4.538789458955601
Pair_449,COC(C(C[*])([*])C)=O,[*]C(CCCCCO[*])=O,370,5.531829316240882
Pair_450,[*]C(CCCCCO[*])=O,[*]OC1OC(CO)C(OC2C(O)C(O)C([*])C(CO)O2)C(O)C1O,371,5.290721351740234
Pair_451,[*]C(CCCCCO[*])=O,[*]CC(C)(C(OCCO)=O)[*],372,3.5767526657992046
Pair_452,[*]C(CCCCCO[*])=O,[*]C(N(CN(C(OCOC(N(CN(C(OCCO[*])=O)[H])[H])=O)=O)[H])[H])=O,373,4.358034055613989
Pair_453,O=C([*])CCCCCO[*],[*]C(CCCCCO[*])=O,374,4.544817118141286
Pair_454,O=C(N1C(C([*])=O)CC(O)C1)CNC(C2CCCN2[*])=O,[*]C(CCCCCO[*])=O,375,4.617948637340012
Pair_455,O=C(C(OC(C=O)OC1C(C(C(OC1C(O[Na])=O)O[*])O)O)C(C=O)[*])O[Na],[*]C(CCCCCO[*])=O,376,5.182838264794291
Pair_469,[*]C(C)C(OCC(O[*])=O)=O,[*]NC(C(O)=O)CCC([*])=O,377,6.069426980576259
Pair_470,O=C(N([*])C([*])=O)CC=C,[*]NC(C(O)=O)CCC([*])=O,378,5.938444225332892
Pair_471,[*]C1=C(C=CN2)C2=C([*])C(O)=C1O,[*]NC(C(O)=O)CCC([*])=O,379,6.2320363248134365
Pair_472,O=C(C(C[*])[*])N,[*]NC(C(O)=O)CCC([*])=O,380,2.651667307147061
Pair_473,OCC1OC(C(C(C1O[*])O)NC(C)=O)OC2C(O)C(C(OC2CO)[*])NC(C)=O,[*]NC(C(O)=O)CCC([*])=O,381,6.094723088780684
Pair_474,O=C(N)C([*])C[*],[*]NC(C(O)=O)CCC([*])=O,382,2.651667307147061
Pair_475,[*]CC(C1=CC=C(C=C1)S(O)(=O)=O)[*],[*]NC(C(O)=O)CCC([*])=O,383,5.77246672672684
Pair_476,[*]NC(C(O)=O)CCC([*])=O,[*]NC(CCC([*])=O)C(O)=O,384,6.005411881112308
Pair_477,CC(NC1C(OC(C(C1OC2OC(C(C(C2OCC(COC(C(C)=C)=O)O)O)O[*])C([O-])=O)O)O)O[*])=O,[*]NC(C(O)=O)CCC([*])=O,385,5.701622443454971
Pair_478,[*]C(C)(C(OCCN(C)C)=O)C[*],[*]NC(C(O)=O)CCC([*])=O,386,4.578666652302079
Pair_479,[*]NC(C(O)=O)CCC([*])=O,[*]OC1C(C(C(OC1C)OC2C(C(OC(C2O)COC(C)=O)OC3C(C(C(OC3C(O)=O)OC4C(C(C(OC4CO)O[*])O)O)O)O)OC(C(O)CO)=O)O)O,387,5.7968285225904665
Pair_480,CC(NC1C([C@@H](C(O[C@H]1O[*])CO)O[C@@H]2OC([C@H]([C@@H](C2NC(C)=O)O)[*])CO)O)=O,[*]NC(C(O)=O)CCC([*])=O,388,6.2254458045329475
Pair_481,O=C([*])C(C)O[*],[*]NC(C(O)=O)CCC([*])=O,389,6.243650952007402
Pair_482,COCC1OC(OC2C(CO)OC(O[*])C(OC)C2OC)C(OC)C(O)C1O[*],[*]NC(C(O)=O)CCC([*])=O,390,6.052670930742951
Pair_483,[*]NC(C(O)=O)CCC([*])=O,[H]N(C(O[*])=O)CCCCCCN(C(OCCCCO[*])=O)[H],391,5.438677577530767
Pair_484,COC(C(C[*])([*])C)=O,[*]NC(C(O)=O)CCC([*])=O,392,6.012783848368609
Pair_485,[*]NC(C(O)=O)CCC([*])=O,[*]OC1OC(CO)C(OC2C(O)C(O)C([*])C(CO)O2)C(O)C1O,393,6.04996124724007
Pair_486,[*]CC(C)(C(OCCO)=O)[*],[*]NC(C(O)=O)CCC([*])=O,394,3.8077756481572047
Pair_487,[*]C(N(CN(C(OCOC(N(CN(C(OCCO[*])=O)[H])[H])=O)=O)[H])[H])=O,[*]NC(C(O)=O)CCC([*])=O,395,4.81918319783846
Pair_488,O=C([*])CCCCCO[*],[*]NC(C(O)=O)CCC([*])=O,396,5.617118895571386
Pair_489,O=C(N1C(C([*])=O)CC(O)C1)CNC(C2CCCN2[*])=O,[*]NC(C(O)=O)CCC([*])=O,397,5.3002736895854206
Pair_490,O=C(C(OC(C=O)OC1C(C(C(OC1C(O[Na])=O)O[*])O)O)C(C=O)[*])O[Na],[*]NC(C(O)=O)CCC([*])=O,398,5.773535237035634
Pair_505,O=C(N([*])C([*])=O)CC=C,[*]C(C)C(OCC(O[*])=O)=O,399,5.83193177317994
Pair_506,[*]C(C)C(OCC(O[*])=O)=O,[*]C1=C(C=CN2)C2=C([*])C(O)=C1O,400,6.270337198594699
Pair_507,O=C(C(C[*])[*])N,[*]C(C)C(OCC(O[*])=O)=O,401,2.4761215848787597
Pair_508,OCC1OC(C(C(C1O[*])O)NC(C)=O)OC2C(O)C(C(OC2CO)[*])NC(C)=O,[*]C(C)C(OCC(O[*])=O)=O,402,6.109960052285047
Pair_509,O=C(N)C([*])C[*],[*]C(C)C(OCC(O[*])=O)=O,403,2.4761215848787597
Pair_510,[*]C(C)C(OCC(O[*])=O)=O,[*]CC(C1=CC=C(C=C1)S(O)(=O)=O)[*],404,5.821710606430118
Pair_511,[*]C(C)C(OCC(O[*])=O)=O,[*]NC(CCC([*])=O)C(O)=O,405,6.069426980576259
Pair_512,CC(NC1C(OC(C(C1OC2OC(C(C(C2OCC(COC(C(C)=C)=O)O)O)O[*])C([O-])=O)O)O)O[*])=O,[*]C(C)C(OCC(O[*])=O)=O,406,5.65506278022607
Pair_513,[*]C(C)(C(OCCN(C)C)=O)C[*],[*]C(C)C(OCC(O[*])=O)=O,407,4.39459147560062
Pair_514,[*]C(C)C(OCC(O[*])=O)=O,[*]OC1C(C(C(OC1C)OC2C(C(OC(C2O)COC(C)=O)OC3C(C(C(OC3C(O)=O)OC4C(C(C(OC4CO)O[*])O)O)O)O)OC(C(O)CO)=O)O)O,408,5.624162930169826
Pair_515,CC(NC1C([C@@H](C(O[C@H]1O[*])CO)O[C@@H]2OC([C@H]([C@@H](C2NC(C)=O)O)[*])CO)O)=O,[*]C(C)C(OCC(O[*])=O)=O,409,6.311855149178471
Pair_516,O=C([*])C(C)O[*],[*]C(C)C(OCC(O[*])=O)=O,410,6.1840415366172845
Pair_517,COCC1OC(OC2C(CO)OC(O[*])C(OC)C2OC)C(OC)C(O)C1O[*],[*]C(C)C(OCC(O[*])=O)=O,411,6.050492788406491
Pair_518,[*]C(C)C(OCC(O[*])=O)=O,[H]N(C(O[*])=O)CCCCCCN(C(OCCCCO[*])=O)[H],412,5.707011055484314
Pair_519,COC(C(C[*])([*])C)=O,[*]C(C)C(OCC(O[*])=O)=O,413,6.019970917365555
Pair_520,[*]C(C)C(OCC(O[*])=O)=O,[*]OC1OC(CO)C(OC2C(O)C(O)C([*])C(CO)O2)C(O)C1O,414,6.081858081733821
Pair_521,[*]C(C)C(OCC(O[*])=O)=O,[*]CC(C)(C(OCCO)=O)[*],415,3.57200690801587
Pair_522,[*]C(C)C(OCC(O[*])=O)=O,[*]C(N(CN(C(OCOC(N(CN(C(OCCO[*])=O)[H])[H])=O)=O)[H])[H])=O,416,4.930484712472483
Pair_523,O=C([*])CCCCCO[*],[*]C(C)C(OCC(O[*])=O)=O,417,5.631255450088987
Pair_524,O=C(N1C(C([*])=O)CC(O)C1)CNC(C2CCCN2[*])=O,[*]C(C)C(OCC(O[*])=O)=O,418,4.84502988668981
Pair_525,O=C(C(OC(C=O)OC1C(C(C(OC1C(O[Na])=O)O[*])O)O)C(C=O)[*])O[Na],[*]C(C)C(OCC(O[*])=O)=O,419,5.679305415749402
Pair_541,O=C(N([*])C([*])=O)CC=C,[*]C1=C(C=CN2)C2=C([*])C(O)=C1O,420,6.123452923403402
Pair_542,O=C(C(C[*])[*])N,O=C(N([*])C([*])=O)CC=C,421,2.442845426835221
Pair_543,O=C(N([*])C([*])=O)CC=C,OCC1OC(C(C(C1O[*])O)NC(C)=O)OC2C(O)C(C(OC2CO)[*])NC(C)=O,422,5.8948881867178615
Pair_544,O=C(N([*])C([*])=O)CC=C,O=C(N)C([*])C[*],423,2.442845426835221
Pair_545,O=C(N([*])C([*])=O)CC=C,[*]CC(C1=CC=C(C=C1)S(O)(=O)=O)[*],424,5.612614485624771
Pair_546,O=C(N([*])C([*])=O)CC=C,[*]NC(CCC([*])=O)C(O)=O,425,5.938444225332892
Pair_547,CC(NC1C(OC(C(C1OC2OC(C(C(C2OCC(COC(C(C)=C)=O)O)O)O[*])C([O-])=O)O)O)O[*])=O,O=C(N([*])C([*])=O)CC=C,426,5.423471493553866
Pair_548,O=C(N([*])C([*])=O)CC=C,[*]C(C)(C(OCCN(C)C)=O)C[*],427,4.274420535685429
Pair_549,O=C(N([*])C([*])=O)CC=C,[*]OC1C(C(C(OC1C)OC2C(C(OC(C2O)COC(C)=O)OC3C(C(C(OC3C(O)=O)OC4C(C(C(OC4CO)O[*])O)O)O)O)OC(C(O)CO)=O)O)O,428,5.541964896903113
Pair_550,CC(NC1C([C@@H](C(O[C@H]1O[*])CO)O[C@@H]2OC([C@H]([C@@H](C2NC(C)=O)O)[*])CO)O)=O,O=C(N([*])C([*])=O)CC=C,429,6.079059239170133
Pair_551,O=C(N([*])C([*])=O)CC=C,O=C([*])C(C)O[*],430,6.030642096082539
Pair_552,COCC1OC(OC2C(CO)OC(O[*])C(OC)C2OC)C(OC)C(O)C1O[*],O=C(N([*])C([*])=O)CC=C,431,5.884561411754757
Pair_553,O=C(N([*])C([*])=O)CC=C,[H]N(C(O[*])=O)CCCCCCN(C(OCCCCO[*])=O)[H],432,5.446893708916637
Pair_554,COC(C(C[*])([*])C)=O,O=C(N([*])C([*])=O)CC=C,433,5.7319416053609125
Pair_555,O=C(N([*])C([*])=O)CC=C,[*]OC1OC(CO)C(OC2C(O)C(O)C([*])C(CO)O2)C(O)C1O,434,6.125972834323541
Pair_556,O=C(N([*])C([*])=O)CC=C,[*]CC(C)(C(OCCO)=O)[*],435,3.5817105632413813
Pair_557,O=C(N([*])C([*])=O)CC=C,[*]C(N(CN(C(OCOC(N(CN(C(OCCO[*])=O)[H])[H])=O)=O)[H])[H])=O,436,4.767811755202629
Pair_558,O=C(N([*])C([*])=O)CC=C,O=C([*])CCCCCO[*],437,5.355770893807718
Pair_559,O=C(N([*])C([*])=O)CC=C,O=C(N1C(C([*])=O)CC(O)C1)CNC(C2CCCN2[*])=O,438,5.0104163184718145
Pair_560,O=C(C(OC(C=O)OC1C(C(C(OC1C(O[Na])=O)O[*])O)O)C(C=O)[*])O[Na],O=C(N([*])C([*])=O)CC=C,439,5.502080306132107
Pair_577,O=C(C(C[*])[*])N,[*]C1=C(C=CN2)C2=C([*])C(O)=C1O,440,2.420669422338724
Pair_578,OCC1OC(C(C(C1O[*])O)NC(C)=O)OC2C(O)C(C(OC2CO)[*])NC(C)=O,[*]C1=C(C=CN2)C2=C([*])C(O)=C1O,441,6.046538661945117
Pair_579,O=C(N)C([*])C[*],[*]C1=C(C=CN2)C2=C([*])C(O)=C1O,442,2.420669422338724
Pair_580,[*]C1=C(C=CN2)C2=C([*])C(O)=C1O,[*]CC(C1=CC=C(C=C1)S(O)(=O)=O)[*],443,6.017444680357308
Pair_581,[*]C1=C(C=CN2)C2=C([*])C(O)=C1O,[*]NC(CCC([*])=O)C(O)=O,444,6.2320363248134365
Pair_582,CC(NC1C(OC(C(C1OC2OC(C(C(C2OCC(COC(C(C)=C)=O)O)O)O[*])C([O-])=O)O)O)O[*])=O,[*]C1=C(C=CN2)C2=C([*])C(O)=C1O,445,5.586049280238531
Pair_583,[*]C(C)(C(OCCN(C)C)=O)C[*],[*]C1=C(C=CN2)C2=C([*])C(O)=C1O,446,4.625098099358106
Pair_584,[*]C1=C(C=CN2)C2=C([*])C(O)=C1O,[*]OC1C(C(C(OC1C)OC2C(C(OC(C2O)COC(C)=O)OC3C(C(C(OC3C(O)=O)OC4C(C(C(OC4CO)O[*])O)O)O)O)OC(C(O)CO)=O)O)O,447,5.612855242039868
Pair_585,CC(NC1C([C@@H](C(O[C@H]1O[*])CO)O[C@@H]2OC([C@H]([C@@H](C2NC(C)=O)O)[*])CO)O)=O,[*]C1=C(C=CN2)C2=C([*])C(O)=C1O,448,6.223200660294923
Pair_586,O=C([*])C(C)O[*],[*]C1=C(C=CN2)C2=C([*])C(O)=C1O,449,6.466024527560243
Pair_587,COCC1OC(OC2C(CO)OC(O[*])C(OC)C2OC)C(OC)C(O)C1O[*],[*]C1=C(C=CN2)C2=C([*])C(O)=C1O,450,6.317409788315645
Pair_588,[*]C1=C(C=CN2)C2=C([*])C(O)=C1O,[H]N(C(O[*])=O)CCCCCCN(C(OCCCCO[*])=O)[H],451,5.370612761584535
Pair_589,COC(C(C[*])([*])C)=O,[*]C1=C(C=CN2)C2=C([*])C(O)=C1O,452,6.361146403141643
Pair_590,[*]C1=C(C=CN2)C2=C([*])C(O)=C1O,[*]OC1OC(CO)C(OC2C(O)C(O)C([*])C(CO)O2)C(O)C1O,453,6.61762133742744
Pair_591,[*]C1=C(C=CN2)C2=C([*])C(O)=C1O,[*]CC(C)(C(OCCO)=O)[*],454,3.742209847380309
Pair_592,[*]C(N(CN(C(OCOC(N(CN(C(OCCO[*])=O)[H])[H])=O)=O)[H])[H])=O,[*]C1=C(C=CN2)C2=C([*])C(O)=C1O,455,4.909281274369318
Pair_593,O=C([*])CCCCCO[*],[*]C1=C(C=CN2)C2=C([*])C(O)=C1O,456,5.003167338778029
Pair_594,O=C(N1C(C([*])=O)CC(O)C1)CNC(C2CCCN2[*])=O,[*]C1=C(C=CN2)C2=C([*])C(O)=C1O,457,5.187103552858481
Pair_595,O=C(C(OC(C=O)OC1C(C(C(OC1C(O[Na])=O)O[*])O)O)C(C=O)[*])O[Na],[*]C1=C(C=CN2)C2=C([*])C(O)=C1O,458,5.882913255261123
Pair_613,O=C(C(C[*])[*])N,OCC1OC(C(C(C1O[*])O)NC(C)=O)OC2C(O)C(C(OC2CO)[*])NC(C)=O,459,2.9521505620873785
Pair_614,O=C(C(C[*])[*])N,O=C(N)C([*])C[*],460,2.1114492423217084
Pair_615,O=C(C(C[*])[*])N,[*]CC(C1=CC=C(C=C1)S(O)(=O)=O)[*],461,2.312184845571557
Pair_616,O=C(C(C[*])[*])N,[*]NC(CCC([*])=O)C(O)=O,462,2.651667307147061
Pair_617,CC(NC1C(OC(C(C1OC2OC(C(C(C2OCC(COC(C(C)=C)=O)O)O)O[*])C([O-])=O)O)O)O[*])=O,O=C(C(C[*])[*])N,463,3.072343635304592
Pair_618,O=C(C(C[*])[*])N,[*]C(C)(C(OCCN(C)C)=O)C[*],464,2.6359739342557136
Pair_619,O=C(C(C[*])[*])N,[*]OC1C(C(C(OC1C)OC2C(C(OC(C2O)COC(C)=O)OC3C(C(C(OC3C(O)=O)OC4C(C(C(OC4CO)O[*])O)O)O)O)OC(C(O)CO)=O)O)O,465,3.086427107031659
Pair_620,CC(NC1C([C@@H](C(O[C@H]1O[*])CO)O[C@@H]2OC([C@H]([C@@H](C2NC(C)=O)O)[*])CO)O)=O,O=C(C(C[*])[*])N,466,3.033637405792153
Pair_621,O=C(C(C[*])[*])N,O=C([*])C(C)O[*],467,2.4991156359625073
Pair_622,COCC1OC(OC2C(CO)OC(O[*])C(OC)C2OC)C(OC)C(O)C1O[*],O=C(C(C[*])[*])N,468,2.80614372223573
Pair_623,O=C(C(C[*])[*])N,[H]N(C(O[*])=O)CCCCCCN(C(OCCCCO[*])=O)[H],469,2.828521609948417
Pair_624,COC(C(C[*])([*])C)=O,O=C(C(C[*])[*])N,470,2.4317924175723693
Pair_625,O=C(C(C[*])[*])N,[*]OC1OC(CO)C(OC2C(O)C(O)C([*])C(CO)O2)C(O)C1O,471,2.9053609154409914
Pair_626,O=C(C(C[*])[*])N,[*]CC(C)(C(OCCO)=O)[*],472,2.620983789370633
Pair_627,O=C(C(C[*])[*])N,[*]C(N(CN(C(OCOC(N(CN(C(OCCO[*])=O)[H])[H])=O)=O)[H])[H])=O,473,2.8269200313805576
Pair_628,O=C(C(C[*])[*])N,O=C([*])CCCCCO[*],474,2.489499141323783
Pair_629,O=C(C(C[*])[*])N,O=C(N1C(C([*])=O)CC(O)C1)CNC(C2CCCN2[*])=O,475,2.5784872585961267
Pair_630,O=C(C(C[*])[*])N,O=C(C(OC(C=O)OC1C(C(C(OC1C(O[Na])=O)O[*])O)O)C(C=O)[*])O[Na],476,2.5686256006186317
Pair_649,O=C(N)C([*])C[*],OCC1OC(C(C(C1O[*])O)NC(C)=O)OC2C(O)C(C(OC2CO)[*])NC(C)=O,477,2.9521505620873785
Pair_650,OCC1OC(C(C(C1O[*])O)NC(C)=O)OC2C(O)C(C(OC2CO)[*])NC(C)=O,[*]CC(C1=CC=C(C=C1)S(O)(=O)=O)[*],478,5.932290693930993
Pair_651,OCC1OC(C(C(C1O[*])O)NC(C)=O)OC2C(O)C(C(OC2CO)[*])NC(C)=O,[*]NC(CCC([*])=O)C(O)=O,479,6.094723088780684
Pair_652,CC(NC1C(OC(C(C1OC2OC(C(C(C2OCC(COC(C(C)=C)=O)O)O)O[*])C([O-])=O)O)O)O[*])=O,OCC1OC(C(C(C1O[*])O)NC(C)=O)OC2C(O)C(C(OC2CO)[*])NC(C)=O,480,5.444823086705
Pair_653,OCC1OC(C(C(C1O[*])O)NC(C)=O)OC2C(O)C(C(OC2CO)[*])NC(C)=O,[*]C(C)(C(OCCN(C)C)=O)C[*],481,4.514356684971699
Pair_654,OCC1OC(C(C(C1O[*])O)NC(C)=O)OC2C(O)C(C(OC2CO)[*])NC(C)=O,[*]OC1C(C(C(OC1C)OC2C(C(OC(C2O)COC(C)=O)OC3C(C(C(OC3C(O)=O)OC4C(C(C(OC4CO)O[*])O)O)O)O)OC(C(O)CO)=O)O)O,482,5.5703207066113
Pair_655,CC(NC1C([C@@H](C(O[C@H]1O[*])CO)O[C@@H]2OC([C@H]([C@@H](C2NC(C)=O)O)[*])CO)O)=O,OCC1OC(C(C(C1O[*])O)NC(C)=O)OC2C(O)C(C(OC2CO)[*])NC(C)=O,483,6.177960568878574
Pair_656,O=C([*])C(C)O[*],OCC1OC(C(C(C1O[*])O)NC(C)=O)OC2C(O)C(C(OC2CO)[*])NC(C)=O,484,6.230639903600168
Pair_657,COCC1OC(OC2C(CO)OC(O[*])C(OC)C2OC)C(OC)C(O)C1O[*],OCC1OC(C(C(C1O[*])O)NC(C)=O)OC2C(O)C(C(OC2CO)[*])NC(C)=O,485,6.0211021998153225
Pair_658,OCC1OC(C(C(C1O[*])O)NC(C)=O)OC2C(O)C(C(OC2CO)[*])NC(C)=O,[H]N(C(O[*])=O)CCCCCCN(C(OCCCCO[*])=O)[H],486,5.5092224113959185
Pair_659,COC(C(C[*])([*])C)=O,OCC1OC(C(C(C1O[*])O)NC(C)=O)OC2C(O)C(C(OC2CO)[*])NC(C)=O,487,6.154457736889728
Pair_660,OCC1OC(C(C(C1O[*])O)NC(C)=O)OC2C(O)C(C(OC2CO)[*])NC(C)=O,[*]OC1OC(CO)C(OC2C(O)C(O)C([*])C(CO)O2)C(O)C1O,488,6.142434135521099
Pair_661,OCC1OC(C(C(C1O[*])O)NC(C)=O)OC2C(O)C(C(OC2CO)[*])NC(C)=O,[*]CC(C)(C(OCCO)=O)[*],489,3.708841659102057
Pair_662,OCC1OC(C(C(C1O[*])O)NC(C)=O)OC2C(O)C(C(OC2CO)[*])NC(C)=O,[*]C(N(CN(C(OCOC(N(CN(C(OCCO[*])=O)[H])[H])=O)=O)[H])[H])=O,490,4.865724059906123
Pair_663,O=C([*])CCCCCO[*],OCC1OC(C(C(C1O[*])O)NC(C)=O)OC2C(O)C(C(OC2CO)[*])NC(C)=O,491,5.664996894076486
Pair_664,O=C(N1C(C([*])=O)CC(O)C1)CNC(C2CCCN2[*])=O,OCC1OC(C(C(C1O[*])O)NC(C)=O)OC2C(O)C(C(OC2CO)[*])NC(C)=O,492,4.854586501807405
Pair_665,O=C(C(OC(C=O)OC1C(C(C(OC1C(O[Na])=O)O[*])O)O)C(C=O)[*])O[Na],OCC1OC(C(C(C1O[*])O)NC(C)=O)OC2C(O)C(C(OC2CO)[*])NC(C)=O,493,5.536897509030447
Pair_685,O=C(N)C([*])C[*],[*]CC(C1=CC=C(C=C1)S(O)(=O)=O)[*],494,2.312184845571557
Pair_686,O=C(N)C([*])C[*],[*]NC(CCC([*])=O)C(O)=O,495,2.651667307147061
Pair_687,CC(NC1C(OC(C(C1OC2OC(C(C(C2OCC(COC(C(C)=C)=O)O)O)O[*])C([O-])=O)O)O)O[*])=O,O=C(N)C([*])C[*],496,3.072343635304592
Pair_688,O=C(N)C([*])C[*],[*]C(C)(C(OCCN(C)C)=O)C[*],497,2.6359739342557136
Pair_689,O=C(N)C([*])C[*],[*]OC1C(C(C(OC1C)OC2C(C(OC(C2O)COC(C)=O)OC3C(C(C(OC3C(O)=O)OC4C(C(C(OC4CO)O[*])O)O)O)O)OC(C(O)CO)=O)O)O,498,3.086427107031659
Pair_690,CC(NC1C([C@@H](C(O[C@H]1O[*])CO)O[C@@H]2OC([C@H]([C@@H](C2NC(C)=O)O)[*])CO)O)=O,O=C(N)C([*])C[*],499,3.033637405792153
Pair_691,O=C(N)C([*])C[*],O=C([*])C(C)O[*],500,2.4991156359625073
Pair_692,COCC1OC(OC2C(CO)OC(O[*])C(OC)C2OC)C(OC)C(O)C1O[*],O=C(N)C([*])C[*],501,2.80614372223573
Pair_693,O=C(N)C([*])C[*],[H]N(C(O[*])=O)CCCCCCN(C(OCCCCO[*])=O)[H],502,2.828521609948417
Pair_694,COC(C(C[*])([*])C)=O,O=C(N)C([*])C[*],503,2.4317924175723693
Pair_695,O=C(N)C([*])C[*],[*]OC1OC(CO)C(OC2C(O)C(O)C([*])C(CO)O2)C(O)C1O,504,2.9053609154409914
Pair_696,O=C(N)C([*])C[*],[*]CC(C)(C(OCCO)=O)[*],505,2.620983789370633
Pair_697,O=C(N)C([*])C[*],[*]C(N(CN(C(OCOC(N(CN(C(OCCO[*])=O)[H])[H])=O)=O)[H])[H])=O,506,2.8269200313805576
Pair_698,O=C(N)C([*])C[*],O=C([*])CCCCCO[*],507,2.489499141323783
Pair_699,O=C(N)C([*])C[*],O=C(N1C(C([*])=O)CC(O)C1)CNC(C2CCCN2[*])=O,508,2.5784872585961267
Pair_700,O=C(C(OC(C=O)OC1C(C(C(OC1C(O[Na])=O)O[*])O)O)C(C=O)[*])O[Na],O=C(N)C([*])C[*],509,2.5686256006186317
Pair_721,[*]CC(C1=CC=C(C=C1)S(O)(=O)=O)[*],[*]NC(CCC([*])=O)C(O)=O,510,5.77246672672684
Pair_722,CC(NC1C(OC(C(C1OC2OC(C(C(C2OCC(COC(C(C)=C)=O)O)O)O[*])C([O-])=O)O)O)O[*])=O,[*]CC(C1=CC=C(C=C1)S(O)(=O)=O)[*],511,5.584469244071415
Pair_723,[*]C(C)(C(OCCN(C)C)=O)C[*],[*]CC(C1=CC=C(C=C1)S(O)(=O)=O)[*],512,4.38363393860798
Pair_724,[*]CC(C1=CC=C(C=C1)S(O)(=O)=O)[*],[*]OC1C(C(C(OC1C)OC2C(C(OC(C2O)COC(C)=O)OC3C(C(C(OC3C(O)=O)OC4C(C(C(OC4CO)O[*])O)O)O)O)OC(C(O)CO)=O)O)O,513,5.614212002419687
Pair_725,CC(NC1C([C@@H](C(O[C@H]1O[*])CO)O[C@@H]2OC([C@H]([C@@H](C2NC(C)=O)O)[*])CO)O)=O,[*]CC(C1=CC=C(C=C1)S(O)(=O)=O)[*],514,6.071654896853853
Pair_726,O=C([*])C(C)O[*],[*]CC(C1=CC=C(C=C1)S(O)(=O)=O)[*],515,5.994776477849647
Pair_727,COCC1OC(OC2C(CO)OC(O[*])C(OC)C2OC)C(OC)C(O)C1O[*],[*]CC(C1=CC=C(C=C1)S(O)(=O)=O)[*],516,5.933156389584179
Pair_728,[*]CC(C1=CC=C(C=C1)S(O)(=O)=O)[*],[H]N(C(O[*])=O)CCCCCCN(C(OCCCCO[*])=O)[H],517,5.556726478420253
Pair_729,COC(C(C[*])([*])C)=O,[*]CC(C1=CC=C(C=C1)S(O)(=O)=O)[*],518,5.81405311127744
Pair_730,[*]CC(C1=CC=C(C=C1)S(O)(=O)=O)[*],[*]OC1OC(CO)C(OC2C(O)C(O)C([*])C(CO)O2)C(O)C1O,519,6.130304478765953
Pair_731,[*]CC(C)(C(OCCO)=O)[*],[*]CC(C1=CC=C(C=C1)S(O)(=O)=O)[*],520,3.6236512124060196
Pair_732,[*]C(N(CN(C(OCOC(N(CN(C(OCCO[*])=O)[H])[H])=O)=O)[H])[H])=O,[*]CC(C1=CC=C(C=C1)S(O)(=O)=O)[*],521,4.766559498666747
Pair_733,O=C([*])CCCCCO[*],[*]CC(C1=CC=C(C=C1)S(O)(=O)=O)[*],522,5.55699848624624
Pair_734,O=C(N1C(C([*])=O)CC(O)C1)CNC(C2CCCN2[*])=O,[*]CC(C1=CC=C(C=C1)S(O)(=O)=O)[*],523,4.8597614219732606
Pair_735,O=C(C(OC(C=O)OC1C(C(C(OC1C(O[Na])=O)O[*])O)O)C(C=O)[*])O[Na],[*]CC(C1=CC=C(C=C1)S(O)(=O)=O)[*],524,5.62635803058763
Pair_757,CC(NC1C(OC(C(C1OC2OC(C(C(C2OCC(COC(C(C)=C)=O)O)O)O[*])C([O-])=O)O)O)O[*])=O,[*]NC(CCC([*])=O)C(O)=O,525,5.701622443454971
Pair_758,[*]C(C)(C(OCCN(C)C)=O)C[*],[*]NC(CCC([*])=O)C(O)=O,526,4.578666652302079
Pair_759,[*]NC(CCC([*])=O)C(O)=O,[*]OC1C(C(C(OC1C)OC2C(C(OC(C2O)COC(C)=O)OC3C(C(C(OC3C(O)=O)OC4C(C(C(OC4CO)O[*])O)O)O)O)OC(C(O)CO)=O)O)O,527,5.7968285225904665
Pair_760,CC(NC1C([C@@H](C(O[C@H]1O[*])CO)O[C@@H]2OC([C@H]([C@@H](C2NC(C)=O)O)[*])CO)O)=O,[*]NC(CCC([*])=O)C(O)=O,528,6.2254458045329475
Pair_761,O=C([*])C(C)O[*],[*]NC(CCC([*])=O)C(O)=O,529,6.243650952007402
Pair_762,COCC1OC(OC2C(CO)OC(O[*])C(OC)C2OC)C(OC)C(O)C1O[*],[*]NC(CCC([*])=O)C(O)=O,530,6.052670930742951
Pair_763,[*]NC(CCC([*])=O)C(O)=O,[H]N(C(O[*])=O)CCCCCCN(C(OCCCCO[*])=O)[H],531,5.438677577530767
Pair_764,COC(C(C[*])([*])C)=O,[*]NC(CCC([*])=O)C(O)=O,532,6.012783848368609
Pair_765,[*]NC(CCC([*])=O)C(O)=O,[*]OC1OC(CO)C(OC2C(O)C(O)C([*])C(CO)O2)C(O)C1O,533,6.04996124724007
Pair_766,[*]CC(C)(C(OCCO)=O)[*],[*]NC(CCC([*])=O)C(O)=O,534,3.8077756481572047
Pair_767,[*]C(N(CN(C(OCOC(N(CN(C(OCCO[*])=O)[H])[H])=O)=O)[H])[H])=O,[*]NC(CCC([*])=O)C(O)=O,535,4.81918319783846
Pair_768,O=C([*])CCCCCO[*],[*]NC(CCC([*])=O)C(O)=O,536,5.617118895571386
Pair_769,O=C(N1C(C([*])=O)CC(O)C1)CNC(C2CCCN2[*])=O,[*]NC(CCC([*])=O)C(O)=O,537,5.3002736895854206
Pair_770,O=C(C(OC(C=O)OC1C(C(C(OC1C(O[Na])=O)O[*])O)O)C(C=O)[*])O[Na],[*]NC(CCC([*])=O)C(O)=O,538,5.773535237035634
Pair_793,CC(NC1C(OC(C(C1OC2OC(C(C(C2OCC(COC(C(C)=C)=O)O)O)O[*])C([O-])=O)O)O)O[*])=O,[*]C(C)(C(OCCN(C)C)=O)C[*],539,4.180356990402298
Pair_794,CC(NC1C(OC(C(C1OC2OC(C(C(C2OCC(COC(C(C)=C)=O)O)O)O[*])C([O-])=O)O)O)O[*])=O,[*]OC1C(C(C(OC1C)OC2C(C(OC(C2O)COC(C)=O)OC3C(C(C(OC3C(O)=O)OC4C(C(C(OC4CO)O[*])O)O)O)O)OC(C(O)CO)=O)O)O,540,5.234489812656945
Pair_795,CC(NC1C(OC(C(C1OC2OC(C(C(C2OCC(COC(C(C)=C)=O)O)O)O[*])C([O-])=O)O)O)O[*])=O,CC(NC1C([C@@H](C(O[C@H]1O[*])CO)O[C@@H]2OC([C@H]([C@@H](C2NC(C)=O)O)[*])CO)O)=O,541,5.580147784017627
Pair_796,CC(NC1C(OC(C(C1OC2OC(C(C(C2OCC(COC(C(C)=C)=O)O)O)O[*])C([O-])=O)O)O)O[*])=O,O=C([*])C(C)O[*],542,5.83949351462155
Pair_797,CC(NC1C(OC(C(C1OC2OC(C(C(C2OCC(COC(C(C)=C)=O)O)O)O[*])C([O-])=O)O)O)O[*])=O,COCC1OC(OC2C(CO)OC(O[*])C(OC)C2OC)C(OC)C(O)C1O[*],543,5.690638960109703
Pair_798,CC(NC1C(OC(C(C1OC2OC(C(C(C2OCC(COC(C(C)=C)=O)O)O)O[*])C([O-])=O)O)O)O[*])=O,[H]N(C(O[*])=O)CCCCCCN(C(OCCCCO[*])=O)[H],544,5.047479928237573
Pair_799,CC(NC1C(OC(C(C1OC2OC(C(C(C2OCC(COC(C(C)=C)=O)O)O)O[*])C([O-])=O)O)O)O[*])=O,COC(C(C[*])([*])C)=O,545,5.702821106457544
Pair_800,CC(NC1C(OC(C(C1OC2OC(C(C(C2OCC(COC(C(C)=C)=O)O)O)O[*])C([O-])=O)O)O)O[*])=O,[*]OC1OC(CO)C(OC2C(O)C(O)C([*])C(CO)O2)C(O)C1O,546,5.715142212007494
Pair_801,CC(NC1C(OC(C(C1OC2OC(C(C(C2OCC(COC(C(C)=C)=O)O)O)O[*])C([O-])=O)O)O)O[*])=O,[*]CC(C)(C(OCCO)=O)[*],547,3.579606003201272
Pair_802,CC(NC1C(OC(C(C1OC2OC(C(C(C2OCC(COC(C(C)=C)=O)O)O)O[*])C([O-])=O)O)O)O[*])=O,[*]C(N(CN(C(OCOC(N(CN(C(OCCO[*])=O)[H])[H])=O)=O)[H])[H])=O,548,4.597134414923767
Pair_803,CC(NC1C(OC(C(C1OC2OC(C(C(C2OCC(COC(C(C)=C)=O)O)O)O[*])C([O-])=O)O)O)O[*])=O,O=C([*])CCCCCO[*],549,5.263976992281779
Pair_804,CC(NC1C(OC(C(C1OC2OC(C(C(C2OCC(COC(C(C)=C)=O)O)O)O[*])C([O-])=O)O)O)O[*])=O,O=C(N1C(C([*])=O)CC(O)C1)CNC(C2CCCN2[*])=O,550,4.326285867852747
Pair_805,CC(NC1C(OC(C(C1OC2OC(C(C(C2OCC(COC(C(C)=C)=O)O)O)O[*])C([O-])=O)O)O)O[*])=O,O=C(C(OC(C=O)OC1C(C(C(OC1C(O[Na])=O)O[*])O)O)C(C=O)[*])O[Na],551,5.15963233147198
Pair_829,[*]C(C)(C(OCCN(C)C)=O)C[*],[*]OC1C(C(C(OC1C)OC2C(C(OC(C2O)COC(C)=O)OC3C(C(C(OC3C(O)=O)OC4C(C(C(OC4CO)O[*])O)O)O)O)OC(C(O)CO)=O)O)O,552,4.273745464528007
Pair_830,CC(NC1C([C@@H](C(O[C@H]1O[*])CO)O[C@@H]2OC([C@H]([C@@H](C2NC(C)=O)O)[*])CO)O)=O,[*]C(C)(C(OCCN(C)C)=O)C[*],553,4.614192887563328
Pair_831,O=C([*])C(C)O[*],[*]C(C)(C(OCCN(C)C)=O)C[*],554,4.421865023318288
Pair_832,COCC1OC(OC2C(CO)OC(O[*])C(OC)C2OC)C(OC)C(O)C1O[*],[*]C(C)(C(OCCN(C)C)=O)C[*],555,4.40385543776083
Pair_833,[*]C(C)(C(OCCN(C)C)=O)C[*],[H]N(C(O[*])=O)CCCCCCN(C(OCCCCO[*])=O)[H],556,4.168767708532182
Pair_834,COC(C(C[*])([*])C)=O,[*]C(C)(C(OCCN(C)C)=O)C[*],557,4.32005803787417
Pair_835,[*]C(C)(C(OCCN(C)C)=O)C[*],[*]OC1OC(CO)C(OC2C(O)C(O)C([*])C(CO)O2)C(O)C1O,558,4.489844943521919
Pair_836,[*]C(C)(C(OCCN(C)C)=O)C[*],[*]CC(C)(C(OCCO)=O)[*],559,3.463729295696203
Pair_837,[*]C(C)(C(OCCN(C)C)=O)C[*],[*]C(N(CN(C(OCOC(N(CN(C(OCCO[*])=O)[H])[H])=O)=O)[H])[H])=O,560,4.190851790037671
Pair_838,O=C([*])CCCCCO[*],[*]C(C)(C(OCCN(C)C)=O)C[*],561,4.245666974430109
Pair_839,O=C(N1C(C([*])=O)CC(O)C1)CNC(C2CCCN2[*])=O,[*]C(C)(C(OCCN(C)C)=O)C[*],562,4.245510369082351
Pair_840,O=C(C(OC(C=O)OC1C(C(C(OC1C(O[Na])=O)O[*])O)O)C(C=O)[*])O[Na],[*]C(C)(C(OCCN(C)C)=O)C[*],563,4.2673608584720535
Pair_865,CC(NC1C([C@@H](C(O[C@H]1O[*])CO)O[C@@H]2OC([C@H]([C@@H](C2NC(C)=O)O)[*])CO)O)=O,[*]OC1C(C(C(OC1C)OC2C(C(OC(C2O)COC(C)=O)OC3C(C(C(OC3C(O)=O)OC4C(C(C(OC4CO)O[*])O)O)O)O)OC(C(O)CO)=O)O)O,564,5.660133805698848
Pair_866,O=C([*])C(C)O[*],[*]OC1C(C(C(OC1C)OC2C(C(OC(C2O)COC(C)=O)OC3C(C(C(OC3C(O)=O)OC4C(C(C(OC4CO)O[*])O)O)O)O)OC(C(O)CO)=O)O)O,565,5.762285011982178
Pair_867,COCC1OC(OC2C(CO)OC(O[*])C(OC)C2OC)C(OC)C(O)C1O[*],[*]OC1C(C(C(OC1C)OC2C(C(OC(C2O)COC(C)=O)OC3C(C(C(OC3C(O)=O)OC4C(C(C(OC4CO)O[*])O)O)O)O)OC(C(O)CO)=O)O)O,566,5.701478877685086
Pair_868,[*]OC1C(C(C(OC1C)OC2C(C(OC(C2O)COC(C)=O)OC3C(C(C(OC3C(O)=O)OC4C(C(C(OC4CO)O[*])O)O)O)O)OC(C(O)CO)=O)O)O,[H]N(C(O[*])=O)CCCCCCN(C(OCCCCO[*])=O)[H],567,5.2141314059953725
Pair_869,COC(C(C[*])([*])C)=O,[*]OC1C(C(C(OC1C)OC2C(C(OC(C2O)COC(C)=O)OC3C(C(C(OC3C(O)=O)OC4C(C(C(OC4CO)O[*])O)O)O)O)OC(C(O)CO)=O)O)O,568,5.684363117037674
Pair_870,[*]OC1C(C(C(OC1C)OC2C(C(OC(C2O)COC(C)=O)OC3C(C(C(OC3C(O)=O)OC4C(C(C(OC4CO)O[*])O)O)O)O)OC(C(O)CO)=O)O)O,[*]OC1OC(CO)C(OC2C(O)C(O)C([*])C(CO)O2)C(O)C1O,569,5.620486312797221
Pair_871,[*]CC(C)(C(OCCO)=O)[*],[*]OC1C(C(C(OC1C)OC2C(C(OC(C2O)COC(C)=O)OC3C(C(C(OC3C(O)=O)OC4C(C(C(OC4CO)O[*])O)O)O)O)OC(C(O)CO)=O)O)O,570,3.5877323428772487
Pair_872,[*]C(N(CN(C(OCOC(N(CN(C(OCCO[*])=O)[H])[H])=O)=O)[H])[H])=O,[*]OC1C(C(C(OC1C)OC2C(C(OC(C2O)COC(C)=O)OC3C(C(C(OC3C(O)=O)OC4C(C(C(OC4CO)O[*])O)O)O)O)OC(C(O)CO)=O)O)O,571,4.695378495227856
Pair_873,O=C([*])CCCCCO[*],[*]OC1C(C(C(OC1C)OC2C(C(OC(C2O)COC(C)=O)OC3C(C(C(OC3C(O)=O)OC4C(C(C(OC4CO)O[*])O)O)O)O)OC(C(O)CO)=O)O)O,572,5.286685101741726
Pair_874,O=C(N1C(C([*])=O)CC(O)C1)CNC(C2CCCN2[*])=O,[*]OC1C(C(C(OC1C)OC2C(C(OC(C2O)COC(C)=O)OC3C(C(C(OC3C(O)=O)OC4C(C(C(OC4CO)O[*])O)O)O)O)OC(C(O)CO)=O)O)O,573,4.893641893438961
Pair_875,O=C(C(OC(C=O)OC1C(C(C(OC1C(O[Na])=O)O[*])O)O)C(C=O)[*])O[Na],[*]OC1C(C(C(OC1C)OC2C(C(OC(C2O)COC(C)=O)OC3C(C(C(OC3C(O)=O)OC4C(C(C(OC4CO)O[*])O)O)O)O)OC(C(O)CO)=O)O)O,574,5.178562684632642
Pair_901,CC(NC1C([C@@H](C(O[C@H]1O[*])CO)O[C@@H]2OC([C@H]([C@@H](C2NC(C)=O)O)[*])CO)O)=O,O=C([*])C(C)O[*],575,6.43658933202206
Pair_902,CC(NC1C([C@@H](C(O[C@H]1O[*])CO)O[C@@H]2OC([C@H]([C@@H](C2NC(C)=O)O)[*])CO)O)=O,COCC1OC(OC2C(CO)OC(O[*])C(OC)C2OC)C(OC)C(O)C1O[*],576,6.265700988555143
Pair_903,CC(NC1C([C@@H](C(O[C@H]1O[*])CO)O[C@@H]2OC([C@H]([C@@H](C2NC(C)=O)O)[*])CO)O)=O,[H]N(C(O[*])=O)CCCCCCN(C(OCCCCO[*])=O)[H],577,5.683341530455415
Pair_904,CC(NC1C([C@@H](C(O[C@H]1O[*])CO)O[C@@H]2OC([C@H]([C@@H](C2NC(C)=O)O)[*])CO)O)=O,COC(C(C[*])([*])C)=O,578,6.310933429499277
Pair_905,CC(NC1C([C@@H](C(O[C@H]1O[*])CO)O[C@@H]2OC([C@H]([C@@H](C2NC(C)=O)O)[*])CO)O)=O,[*]OC1OC(CO)C(OC2C(O)C(O)C([*])C(CO)O2)C(O)C1O,579,6.167704072151088
Pair_906,CC(NC1C([C@@H](C(O[C@H]1O[*])CO)O[C@@H]2OC([C@H]([C@@H](C2NC(C)=O)O)[*])CO)O)=O,[*]CC(C)(C(OCCO)=O)[*],580,3.777937287756366
Pair_907,CC(NC1C([C@@H](C(O[C@H]1O[*])CO)O[C@@H]2OC([C@H]([C@@H](C2NC(C)=O)O)[*])CO)O)=O,[*]C(N(CN(C(OCOC(N(CN(C(OCCO[*])=O)[H])[H])=O)=O)[H])[H])=O,581,4.879493179387987
Pair_908,CC(NC1C([C@@H](C(O[C@H]1O[*])CO)O[C@@H]2OC([C@H]([C@@H](C2NC(C)=O)O)[*])CO)O)=O,O=C([*])CCCCCO[*],582,5.6524452559587335
Pair_909,CC(NC1C([C@@H](C(O[C@H]1O[*])CO)O[C@@H]2OC([C@H]([C@@H](C2NC(C)=O)O)[*])CO)O)=O,O=C(N1C(C([*])=O)CC(O)C1)CNC(C2CCCN2[*])=O,583,5.108609519534337
Pair_910,CC(NC1C([C@@H](C(O[C@H]1O[*])CO)O[C@@H]2OC([C@H]([C@@H](C2NC(C)=O)O)[*])CO)O)=O,O=C(C(OC(C=O)OC1C(C(C(OC1C(O[Na])=O)O[*])O)O)C(C=O)[*])O[Na],584,5.720465261407921
Pair_937,COCC1OC(OC2C(CO)OC(O[*])C(OC)C2OC)C(OC)C(O)C1O[*],O=C([*])C(C)O[*],585,6.13403465720674
Pair_938,O=C([*])C(C)O[*],[H]N(C(O[*])=O)CCCCCCN(C(OCCCCO[*])=O)[H],586,5.871443934267427
Pair_939,COC(C(C[*])([*])C)=O,O=C([*])C(C)O[*],587,6.194095701685272
Pair_940,O=C([*])C(C)O[*],[*]OC1OC(CO)C(OC2C(O)C(O)C([*])C(CO)O2)C(O)C1O,588,6.172429440095288
Pair_941,O=C([*])C(C)O[*],[*]CC(C)(C(OCCO)=O)[*],589,3.532679890173888
Pair_942,O=C([*])C(C)O[*],[*]C(N(CN(C(OCOC(N(CN(C(OCCO[*])=O)[H])[H])=O)=O)[H])[H])=O,590,5.601981900779657
Pair_943,O=C([*])C(C)O[*],O=C([*])CCCCCO[*],591,5.755397557357074
Pair_944,O=C(N1C(C([*])=O)CC(O)C1)CNC(C2CCCN2[*])=O,O=C([*])C(C)O[*],592,5.150906411843888
Pair_945,O=C(C(OC(C=O)OC1C(C(C(OC1C(O[Na])=O)O[*])O)O)C(C=O)[*])O[Na],O=C([*])C(C)O[*],593,5.908429189644874
Pair_973,COCC1OC(OC2C(CO)OC(O[*])C(OC)C2OC)C(OC)C(O)C1O[*],[H]N(C(O[*])=O)CCCCCCN(C(OCCCCO[*])=O)[H],594,5.605278978887796
Pair_974,COC(C(C[*])([*])C)=O,COCC1OC(OC2C(CO)OC(O[*])C(OC)C2OC)C(OC)C(O)C1O[*],595,6.0494725766497615
Pair_975,COCC1OC(OC2C(CO)OC(O[*])C(OC)C2OC)C(OC)C(O)C1O[*],[*]OC1OC(CO)C(OC2C(O)C(O)C([*])C(CO)O2)C(O)C1O,596,6.287202037178347
Pair_976,COCC1OC(OC2C(CO)OC(O[*])C(OC)C2OC)C(OC)C(O)C1O[*],[*]CC(C)(C(OCCO)=O)[*],597,3.539810958660327
Pair_977,COCC1OC(OC2C(CO)OC(O[*])C(OC)C2OC)C(OC)C(O)C1O[*],[*]C(N(CN(C(OCOC(N(CN(C(OCCO[*])=O)[H])[H])=O)=O)[H])[H])=O,598,4.849877551395738
Pair_978,COCC1OC(OC2C(CO)OC(O[*])C(OC)C2OC)C(OC)C(O)C1O[*],O=C([*])CCCCCO[*],599,5.467640807432125
Pair_979,COCC1OC(OC2C(CO)OC(O[*])C(OC)C2OC)C(OC)C(O)C1O[*],O=C(N1C(C([*])=O)CC(O)C1)CNC(C2CCCN2[*])=O,600,5.220858504891055
Pair_980,COCC1OC(OC2C(CO)OC(O[*])C(OC)C2OC)C(OC)C(O)C1O[*],O=C(C(OC(C=O)OC1C(C(C(OC1C(O[Na])=O)O[*])O)O)C(C=O)[*])O[Na],601,5.785904640777125
Pair_1009,COC(C(C[*])([*])C)=O,[H]N(C(O[*])=O)CCCCCCN(C(OCCCCO[*])=O)[H],602,5.289551288329518
Pair_1010,[*]OC1OC(CO)C(OC2C(O)C(O)C([*])C(CO)O2)C(O)C1O,[H]N(C(O[*])=O)CCCCCCN(C(OCCCCO[*])=O)[H],603,6.139643973367992
Pair_1011,[*]CC(C)(C(OCCO)=O)[*],[H]N(C(O[*])=O)CCCCCCN(C(OCCCCO[*])=O)[H],604,3.561853901629398
Pair_1012,[*]C(N(CN(C(OCOC(N(CN(C(OCCO[*])=O)[H])[H])=O)=O)[H])[H])=O,[H]N(C(O[*])=O)CCCCCCN(C(OCCCCO[*])=O)[H],605,4.1278518982843435
Pair_1013,O=C([*])CCCCCO[*],[H]N(C(O[*])=O)CCCCCCN(C(OCCCCO[*])=O)[H],606,4.538789458955601
Pair_1014,O=C(N1C(C([*])=O)CC(O)C1)CNC(C2CCCN2[*])=O,[H]N(C(O[*])=O)CCCCCCN(C(OCCCCO[*])=O)[H],607,4.322172616633862
Pair_1015,O=C(C(OC(C=O)OC1C(C(C(OC1C(O[Na])=O)O[*])O)O)C(C=O)[*])O[Na],[H]N(C(O[*])=O)CCCCCCN(C(OCCCCO[*])=O)[H],608,5.126922815810799
Pair_1045,COC(C(C[*])([*])C)=O,[*]OC1OC(CO)C(OC2C(O)C(O)C([*])C(CO)O2)C(O)C1O,609,6.1777268437419215
Pair_1046,COC(C(C[*])([*])C)=O,[*]CC(C)(C(OCCO)=O)[*],610,3.475959000305194
Pair_1047,COC(C(C[*])([*])C)=O,[*]C(N(CN(C(OCOC(N(CN(C(OCCO[*])=O)[H])[H])=O)=O)[H])[H])=O,611,4.91821281980998
Pair_1048,COC(C(C[*])([*])C)=O,O=C([*])CCCCCO[*],612,5.531829316240882
Pair_1049,COC(C(C[*])([*])C)=O,O=C(N1C(C([*])=O)CC(O)C1)CNC(C2CCCN2[*])=O,613,4.8709663491931074
Pair_1050,COC(C(C[*])([*])C)=O,O=C(C(OC(C=O)OC1C(C(C(OC1C(O[Na])=O)O[*])O)O)C(C=O)[*])O[Na],614,5.734769623550295
Pair_1081,[*]CC(C)(C(OCCO)=O)[*],[*]OC1OC(CO)C(OC2C(O)C(O)C([*])C(CO)O2)C(O)C1O,615,3.5806562445066112
Pair_1082,[*]C(N(CN(C(OCOC(N(CN(C(OCCO[*])=O)[H])[H])=O)=O)[H])[H])=O,[*]OC1OC(CO)C(OC2C(O)C(O)C([*])C(CO)O2)C(O)C1O,616,4.851095172652652
Pair_1083,O=C([*])CCCCCO[*],[*]OC1OC(CO)C(OC2C(O)C(O)C([*])C(CO)O2)C(O)C1O,617,5.290721351740234
Pair_1084,O=C(N1C(C([*])=O)CC(O)C1)CNC(C2CCCN2[*])=O,[*]OC1OC(CO)C(OC2C(O)C(O)C([*])C(CO)O2)C(O)C1O,618,5.935127956469124
Pair_1085,O=C(C(OC(C=O)OC1C(C(C(OC1C(O[Na])=O)O[*])O)O)C(C=O)[*])O[Na],[*]OC1OC(CO)C(OC2C(O)C(O)C([*])C(CO)O2)C(O)C1O,619,5.894855300730492
Pair_1117,[*]C(N(CN(C(OCOC(N(CN(C(OCCO[*])=O)[H])[H])=O)=O)[H])[H])=O,[*]CC(C)(C(OCCO)=O)[*],620,3.953188435179689
Pair_1118,O=C([*])CCCCCO[*],[*]CC(C)(C(OCCO)=O)[*],621,3.5767526657992046
Pair_1119,O=C(N1C(C([*])=O)CC(O)C1)CNC(C2CCCN2[*])=O,[*]CC(C)(C(OCCO)=O)[*],622,4.055356515757118
Pair_1120,O=C(C(OC(C=O)OC1C(C(C(OC1C(O[Na])=O)O[*])O)O)C(C=O)[*])O[Na],[*]CC(C)(C(OCCO)=O)[*],623,3.618241712159812
Pair_1153,O=C([*])CCCCCO[*],[*]C(N(CN(C(OCOC(N(CN(C(OCCO[*])=O)[H])[H])=O)=O)[H])[H])=O,624,4.358034055613989
Pair_1154,O=C(N1C(C([*])=O)CC(O)C1)CNC(C2CCCN2[*])=O,[*]C(N(CN(C(OCOC(N(CN(C(OCCO[*])=O)[H])[H])=O)=O)[H])[H])=O,625,4.648398665864601
Pair_1155,O=C(C(OC(C=O)OC1C(C(C(OC1C(O[Na])=O)O[*])O)O)C(C=O)[*])O[Na],[*]C(N(CN(C(OCOC(N(CN(C(OCCO[*])=O)[H])[H])=O)=O)[H])[H])=O,626,4.6209326166891875
Pair_1189,O=C(N1C(C([*])=O)CC(O)C1)CNC(C2CCCN2[*])=O,O=C([*])CCCCCO[*],627,4.617948637340012
Pair_1190,O=C(C(OC(C=O)OC1C(C(C(OC1C(O[Na])=O)O[*])O)O)C(C=O)[*])O[Na],O=C([*])CCCCCO[*],628,5.182838264794291
Pair_1225,O=C(C(OC(C=O)OC1C(C(C(OC1C(O[Na])=O)O[*])O)O)C(C=O)[*])O[Na],O=C(N1C(C([*])=O)CC(O)C1)CNC(C2CCCN2[*])=O,629,4.301609981244018
