Pair_ID,SMILE A,SMILE B,row_index,SVM_YoungsModulus_pred
Pair_1,[*]NC(C(N1CCCC1C(NCC(N2CC(CC2C(NC(C(NCC([*])=O)=O)CO)=O)O)=O)=O)=O)CCCCN,[*]NC(CCCCNC(C(C)=C)=O)C(N1CCCC1C(NCC(N2CC(O)CC2C(NC(COC(C(C)=C)=O)C(NCC([*])=O)=O)=O)=O)=O)=O,0,3.479769072843037
Pair_2,OCC(C(C(C1N)O)O[*])OC1OC2C(OC(C(C2O)N)[*])CO,[*]NC(C(N1CCCC1C(NCC(N2CC(CC2C(NC(C(NCC([*])=O)=O)CO)=O)O)=O)=O)=O)CCCCN,1,5.8018596889368625
Pair_3,[*]C([H])([H])C(O)([H])[*],[*]NC(C(N1CCCC1C(NCC(N2CC(CC2C(NC(C(NCC([*])=O)=O)CO)=O)O)=O)=O)=O)CCCCN,2,4.419903482636971
Pair_4,[*]NC(C(N1CCCC1C(NCC(N2CC(CC2C(NC(C(NCC([*])=O)=O)CO)=O)O)=O)=O)=O)CCCCN,[H]N(C([H])([H])C(N([H])C(C)([H])C(N(C([H])([H])C([*])=O)[H])=O)=O)C(C(N([*])[H])(C)[H])=O,3,4.857696959415603
Pair_5,[*]NC(C(N1CCCC1C(NCC(N2CC(CC2C(NC(C(NCC([*])=O)=O)CO)=O)O)=O)=O)=O)CCCCN,[*]OC1C(C(O)=O)OC(OC2C(NC(C)=O)C([*])OC(CO)C2O)C(O)C1O,4,4.295778467110692
Pair_6,[*]NC(C(N1CCCC1C(NCC(N2CC(CC2C(NC(C(NCC([*])=O)=O)CO)=O)O)=O)=O)=O)CCCCN,[*]OCC[*],5,4.388675870282483
Pair_7,[*]C1C(C(C(OC1C(O[Na])=O)OC2C(C(O[Na])=O)OC(O[*])C(O)C2O)O)O,[*]NC(C(N1CCCC1C(NCC(N2CC(CC2C(NC(C(NCC([*])=O)=O)CO)=O)O)=O)=O)=O)CCCCN,6,4.1352177437590605
Pair_8,OC1C(OC(C(C1O)O)[*])CO[*],[*]NC(C(N1CCCC1C(NCC(N2CC(CC2C(NC(C(NCC([*])=O)=O)CO)=O)O)=O)=O)=O)CCCCN,7,5.70909850835231
Pair_9,OCC1OC(C(C(C1[*])O)O)OC2C(C(C(OC2CO)O[*])O)O,[*]NC(C(N1CCCC1C(NCC(N2CC(CC2C(NC(C(NCC([*])=O)=O)CO)=O)O)=O)=O)=O)CCCCN,8,5.236683939602798
Pair_10,[*]C([C@H](C)OC([C@H](C)O[*])=O)=O,[*]NC(C(N1CCCC1C(NCC(N2CC(CC2C(NC(C(NCC([*])=O)=O)CO)=O)O)=O)=O)=O)CCCCN,9,4.866613969458899
Pair_11,[*]C1C(OC(C(C1O)O)OC2C(OC(C(C2O)O)OC3C(OC(C(C3O)O)O[*])CO)CO)CO,[*]NC(C(N1CCCC1C(NCC(N2CC(CC2C(NC(C(NCC([*])=O)=O)CO)=O)O)=O)=O)=O)CCCCN,10,5.391028591062531
Pair_12,[*]C(CCCCCO[*])=O,[*]NC(C(N1CCCC1C(NCC(N2CC(CC2C(NC(C(NCC([*])=O)=O)CO)=O)O)=O)=O)=O)CCCCN,11,4.530978302838181
Pair_13,[*]NC(C(N1CCCC1C(NCC(N2CC(CC2C(NC(C(NCC([*])=O)=O)CO)=O)O)=O)=O)=O)CCCCN,[*]NC(C(O)=O)CCC([*])=O,12,4.705227310948268
Pair_14,[*]C(C)C(OCC(O[*])=O)=O,[*]NC(C(N1CCCC1C(NCC(N2CC(CC2C(NC(C(NCC([*])=O)=O)CO)=O)O)=O)=O)=O)CCCCN,13,4.413163633711596
Pair_15,O=C(N([*])C([*])=O)CC=C,[*]NC(C(N1CCCC1C(NCC(N2CC(CC2C(NC(C(NCC([*])=O)=O)CO)=O)O)=O)=O)=O)CCCCN,14,5.384431935286612
Pair_16,[*]C1=C(C=CN2)C2=C([*])C(O)=C1O,[*]NC(C(N1CCCC1C(NCC(N2CC(CC2C(NC(C(NCC([*])=O)=O)CO)=O)O)=O)=O)=O)CCCCN,15,5.280401530983119
Pair_17,O=C(C(C[*])[*])N,[*]NC(C(N1CCCC1C(NCC(N2CC(CC2C(NC(C(NCC([*])=O)=O)CO)=O)O)=O)=O)=O)CCCCN,16,3.563037397150525
Pair_18,OCC1OC(C(C(C1O[*])O)NC(C)=O)OC2C(O)C(C(OC2CO)[*])NC(C)=O,[*]NC(C(N1CCCC1C(NCC(N2CC(CC2C(NC(C(NCC([*])=O)=O)CO)=O)O)=O)=O)=O)CCCCN,17,4.871695840494656
Pair_19,O=C(N)C([*])C[*],[*]NC(C(N1CCCC1C(NCC(N2CC(CC2C(NC(C(NCC([*])=O)=O)CO)=O)O)=O)=O)=O)CCCCN,18,3.563037397150525
Pair_20,[*]CC(C1=CC=C(C=C1)S(O)(=O)=O)[*],[*]NC(C(N1CCCC1C(NCC(N2CC(CC2C(NC(C(NCC([*])=O)=O)CO)=O)O)=O)=O)=O)CCCCN,19,4.702026541067084
Pair_21,[*]NC(C(N1CCCC1C(NCC(N2CC(CC2C(NC(C(NCC([*])=O)=O)CO)=O)O)=O)=O)=O)CCCCN,[*]NC(CCC([*])=O)C(O)=O,20,4.705227310948268
Pair_22,CC(NC1C(OC(C(C1OC2OC(C(C(C2OCC(COC(C(C)=C)=O)O)O)O[*])C([O-])=O)O)O)O[*])=O,[*]NC(C(N1CCCC1C(NCC(N2CC(CC2C(NC(C(NCC([*])=O)=O)CO)=O)O)=O)=O)=O)CCCCN,21,5.4097041524919804
Pair_23,[*]C(C)(C(OCCN(C)C)=O)C[*],[*]NC(C(N1CCCC1C(NCC(N2CC(CC2C(NC(C(NCC([*])=O)=O)CO)=O)O)=O)=O)=O)CCCCN,22,5.2647553326836
Pair_24,[*]NC(C(N1CCCC1C(NCC(N2CC(CC2C(NC(C(NCC([*])=O)=O)CO)=O)O)=O)=O)=O)CCCCN,[*]OC1C(C(C(OC1C)OC2C(C(OC(C2O)COC(C)=O)OC3C(C(C(OC3C(O)=O)OC4C(C(C(OC4CO)O[*])O)O)O)O)OC(C(O)CO)=O)O)O,23,5.815442710026512
Pair_25,CC(NC1C([C@@H](C(O[C@H]1O[*])CO)O[C@@H]2OC([C@H]([C@@H](C2NC(C)=O)O)[*])CO)O)=O,[*]NC(C(N1CCCC1C(NCC(N2CC(CC2C(NC(C(NCC([*])=O)=O)CO)=O)O)=O)=O)=O)CCCCN,24,4.767875539916462
Pair_26,O=C([*])C(C)O[*],[*]NC(C(N1CCCC1C(NCC(N2CC(CC2C(NC(C(NCC([*])=O)=O)CO)=O)O)=O)=O)=O)CCCCN,25,4.72340059386577
Pair_27,COCC1OC(OC2C(CO)OC(O[*])C(OC)C2OC)C(OC)C(O)C1O[*],[*]NC(C(N1CCCC1C(NCC(N2CC(CC2C(NC(C(NCC([*])=O)=O)CO)=O)O)=O)=O)=O)CCCCN,26,5.481330707839458
Pair_28,[*]NC(C(N1CCCC1C(NCC(N2CC(CC2C(NC(C(NCC([*])=O)=O)CO)=O)O)=O)=O)=O)CCCCN,[H]N(C(O[*])=O)CCCCCCN(C(OCCCCO[*])=O)[H],27,4.852628048788455
Pair_29,COC(C(C[*])([*])C)=O,[*]NC(C(N1CCCC1C(NCC(N2CC(CC2C(NC(C(NCC([*])=O)=O)CO)=O)O)=O)=O)=O)CCCCN,28,4.700851842373023
Pair_30,[*]NC(C(N1CCCC1C(NCC(N2CC(CC2C(NC(C(NCC([*])=O)=O)CO)=O)O)=O)=O)=O)CCCCN,[*]OC1OC(CO)C(OC2C(O)C(O)C([*])C(CO)O2)C(O)C1O,29,5.236683939602798
Pair_31,[*]CC(C)(C(OCCO)=O)[*],[*]NC(C(N1CCCC1C(NCC(N2CC(CC2C(NC(C(NCC([*])=O)=O)CO)=O)O)=O)=O)=O)CCCCN,30,3.789125414391349
Pair_32,[*]C(N(CN(C(OCOC(N(CN(C(OCCO[*])=O)[H])[H])=O)=O)[H])[H])=O,[*]NC(C(N1CCCC1C(NCC(N2CC(CC2C(NC(C(NCC([*])=O)=O)CO)=O)O)=O)=O)=O)CCCCN,31,4.621861246813515
Pair_33,O=C([*])CCCCCO[*],[*]NC(C(N1CCCC1C(NCC(N2CC(CC2C(NC(C(NCC([*])=O)=O)CO)=O)O)=O)=O)=O)CCCCN,32,4.530978302838181
Pair_34,O=C(N1C(C([*])=O)CC(O)C1)CNC(C2CCCN2[*])=O,[*]NC(C(N1CCCC1C(NCC(N2CC(CC2C(NC(C(NCC([*])=O)=O)CO)=O)O)=O)=O)=O)CCCCN,33,5.363312487598769
Pair_35,O=C(C(OC(C=O)OC1C(C(C(OC1C(O[Na])=O)O[*])O)O)C(C=O)[*])O[Na],[*]NC(C(N1CCCC1C(NCC(N2CC(CC2C(NC(C(NCC([*])=O)=O)CO)=O)O)=O)=O)=O)CCCCN,34,5.52334538108349
Pair_37,OCC(C(C(C1N)O)O[*])OC1OC2C(OC(C(C2O)N)[*])CO,[*]NC(CCCCNC(C(C)=C)=O)C(N1CCCC1C(NCC(N2CC(O)CC2C(NC(COC(C(C)=C)=O)C(NCC([*])=O)=O)=O)=O)=O)=O,35,4.375275609786953
Pair_38,[*]C([H])([H])C(O)([H])[*],[*]NC(CCCCNC(C(C)=C)=O)C(N1CCCC1C(NCC(N2CC(O)CC2C(NC(COC(C(C)=C)=O)C(NCC([*])=O)=O)=O)=O)=O)=O,36,3.1279329048193483
Pair_39,[*]NC(CCCCNC(C(C)=C)=O)C(N1CCCC1C(NCC(N2CC(O)CC2C(NC(COC(C(C)=C)=O)C(NCC([*])=O)=O)=O)=O)=O)=O,[H]N(C([H])([H])C(N([H])C(C)([H])C(N(C([H])([H])C([*])=O)[H])=O)=O)C(C(N([*])[H])(C)[H])=O,37,3.312789002274719
Pair_40,[*]NC(CCCCNC(C(C)=C)=O)C(N1CCCC1C(NCC(N2CC(O)CC2C(NC(COC(C(C)=C)=O)C(NCC([*])=O)=O)=O)=O)=O)=O,[*]OC1C(C(O)=O)OC(OC2C(NC(C)=O)C([*])OC(CO)C2O)C(O)C1O,38,3.257027948236399
Pair_41,[*]NC(CCCCNC(C(C)=C)=O)C(N1CCCC1C(NCC(N2CC(O)CC2C(NC(COC(C(C)=C)=O)C(NCC([*])=O)=O)=O)=O)=O)=O,[*]OCC[*],39,3.056148572850859
Pair_42,[*]C1C(C(C(OC1C(O[Na])=O)OC2C(C(O[Na])=O)OC(O[*])C(O)C2O)O)O,[*]NC(CCCCNC(C(C)=C)=O)C(N1CCCC1C(NCC(N2CC(O)CC2C(NC(COC(C(C)=C)=O)C(NCC([*])=O)=O)=O)=O)=O)=O,40,3.383361937412494
Pair_43,OC1C(OC(C(C1O)O)[*])CO[*],[*]NC(CCCCNC(C(C)=C)=O)C(N1CCCC1C(NCC(N2CC(O)CC2C(NC(COC(C(C)=C)=O)C(NCC([*])=O)=O)=O)=O)=O)=O,41,4.33460880899783
Pair_44,OCC1OC(C(C(C1[*])O)O)OC2C(C(C(OC2CO)O[*])O)O,[*]NC(CCCCNC(C(C)=C)=O)C(N1CCCC1C(NCC(N2CC(O)CC2C(NC(COC(C(C)=C)=O)C(NCC([*])=O)=O)=O)=O)=O)=O,42,3.4728324451666808
Pair_45,[*]C([C@H](C)OC([C@H](C)O[*])=O)=O,[*]NC(CCCCNC(C(C)=C)=O)C(N1CCCC1C(NCC(N2CC(O)CC2C(NC(COC(C(C)=C)=O)C(NCC([*])=O)=O)=O)=O)=O)=O,43,3.5904450444834586
Pair_46,[*]C1C(OC(C(C1O)O)OC2C(OC(C(C2O)O)OC3C(OC(C(C3O)O)O[*])CO)CO)CO,[*]NC(CCCCNC(C(C)=C)=O)C(N1CCCC1C(NCC(N2CC(O)CC2C(NC(COC(C(C)=C)=O)C(NCC([*])=O)=O)=O)=O)=O)=O,44,3.747974770284586
Pair_47,[*]C(CCCCCO[*])=O,[*]NC(CCCCNC(C(C)=C)=O)C(N1CCCC1C(NCC(N2CC(O)CC2C(NC(COC(C(C)=C)=O)C(NCC([*])=O)=O)=O)=O)=O)=O,45,3.153280233088638
Pair_48,[*]NC(C(O)=O)CCC([*])=O,[*]NC(CCCCNC(C(C)=C)=O)C(N1CCCC1C(NCC(N2CC(O)CC2C(NC(COC(C(C)=C)=O)C(NCC([*])=O)=O)=O)=O)=O)=O,46,3.6358425099185587
Pair_49,[*]C(C)C(OCC(O[*])=O)=O,[*]NC(CCCCNC(C(C)=C)=O)C(N1CCCC1C(NCC(N2CC(O)CC2C(NC(COC(C(C)=C)=O)C(NCC([*])=O)=O)=O)=O)=O)=O,47,3.8257621818646896
Pair_50,O=C(N([*])C([*])=O)CC=C,[*]NC(CCCCNC(C(C)=C)=O)C(N1CCCC1C(NCC(N2CC(O)CC2C(NC(COC(C(C)=C)=O)C(NCC([*])=O)=O)=O)=O)=O)=O,48,4.635881890782889
Pair_51,[*]C1=C(C=CN2)C2=C([*])C(O)=C1O,[*]NC(CCCCNC(C(C)=C)=O)C(N1CCCC1C(NCC(N2CC(O)CC2C(NC(COC(C(C)=C)=O)C(NCC([*])=O)=O)=O)=O)=O)=O,49,4.459457181557092
Pair_52,O=C(C(C[*])[*])N,[*]NC(CCCCNC(C(C)=C)=O)C(N1CCCC1C(NCC(N2CC(O)CC2C(NC(COC(C(C)=C)=O)C(NCC([*])=O)=O)=O)=O)=O)=O,50,2.9494910247330983
Pair_53,OCC1OC(C(C(C1O[*])O)NC(C)=O)OC2C(O)C(C(OC2CO)[*])NC(C)=O,[*]NC(CCCCNC(C(C)=C)=O)C(N1CCCC1C(NCC(N2CC(O)CC2C(NC(COC(C(C)=C)=O)C(NCC([*])=O)=O)=O)=O)=O)=O,51,3.7254110886761067
Pair_54,O=C(N)C([*])C[*],[*]NC(CCCCNC(C(C)=C)=O)C(N1CCCC1C(NCC(N2CC(O)CC2C(NC(COC(C(C)=C)=O)C(NCC([*])=O)=O)=O)=O)=O)=O,52,2.9494910247330983
Pair_55,[*]CC(C1=CC=C(C=C1)S(O)(=O)=O)[*],[*]NC(CCCCNC(C(C)=C)=O)C(N1CCCC1C(NCC(N2CC(O)CC2C(NC(COC(C(C)=C)=O)C(NCC([*])=O)=O)=O)=O)=O)=O,53,3.6397104355331447
Pair_56,[*]NC(CCC([*])=O)C(O)=O,[*]NC(CCCCNC(C(C)=C)=O)C(N1CCCC1C(NCC(N2CC(O)CC2C(NC(COC(C(C)=C)=O)C(NCC([*])=O)=O)=O)=O)=O)=O,54,3.6358425099185587
Pair_57,CC(NC1C(OC(C(C1OC2OC(C(C(C2OCC(COC(C(C)=C)=O)O)O)O[*])C([O-])=O)O)O)O[*])=O,[*]NC(CCCCNC(C(C)=C)=O)C(N1CCCC1C(NCC(N2CC(O)CC2C(NC(COC(C(C)=C)=O)C(NCC([*])=O)=O)=O)=O)=O)=O,55,4.686556073660537
Pair_58,[*]C(C)(C(OCCN(C)C)=O)C[*],[*]NC(CCCCNC(C(C)=C)=O)C(N1CCCC1C(NCC(N2CC(O)CC2C(NC(COC(C(C)=C)=O)C(NCC([*])=O)=O)=O)=O)=O)=O,56,5.045873012946681
Pair_59,[*]NC(CCCCNC(C(C)=C)=O)C(N1CCCC1C(NCC(N2CC(O)CC2C(NC(COC(C(C)=C)=O)C(NCC([*])=O)=O)=O)=O)=O)=O,[*]OC1C(C(C(OC1C)OC2C(C(OC(C2O)COC(C)=O)OC3C(C(C(OC3C(O)=O)OC4C(C(C(OC4CO)O[*])O)O)O)O)OC(C(O)CO)=O)O)O,57,5.731902923294934
Pair_60,CC(NC1C([C@@H](C(O[C@H]1O[*])CO)O[C@@H]2OC([C@H]([C@@H](C2NC(C)=O)O)[*])CO)O)=O,[*]NC(CCCCNC(C(C)=C)=O)C(N1CCCC1C(NCC(N2CC(O)CC2C(NC(COC(C(C)=C)=O)C(NCC([*])=O)=O)=O)=O)=O)=O,58,4.1581028987017055
Pair_61,O=C([*])C(C)O[*],[*]NC(CCCCNC(C(C)=C)=O)C(N1CCCC1C(NCC(N2CC(O)CC2C(NC(COC(C(C)=C)=O)C(NCC([*])=O)=O)=O)=O)=O)=O,59,3.193667844131052
Pair_62,COCC1OC(OC2C(CO)OC(O[*])C(OC)C2OC)C(OC)C(O)C1O[*],[*]NC(CCCCNC(C(C)=C)=O)C(N1CCCC1C(NCC(N2CC(O)CC2C(NC(COC(C(C)=C)=O)C(NCC([*])=O)=O)=O)=O)=O)=O,60,5.085684307951033
Pair_63,[*]NC(CCCCNC(C(C)=C)=O)C(N1CCCC1C(NCC(N2CC(O)CC2C(NC(COC(C(C)=C)=O)C(NCC([*])=O)=O)=O)=O)=O)=O,[H]N(C(O[*])=O)CCCCCCN(C(OCCCCO[*])=O)[H],61,3.70125892760087
Pair_64,COC(C(C[*])([*])C)=O,[*]NC(CCCCNC(C(C)=C)=O)C(N1CCCC1C(NCC(N2CC(O)CC2C(NC(COC(C(C)=C)=O)C(NCC([*])=O)=O)=O)=O)=O)=O,62,3.514926695862271
Pair_65,[*]NC(CCCCNC(C(C)=C)=O)C(N1CCCC1C(NCC(N2CC(O)CC2C(NC(COC(C(C)=C)=O)C(NCC([*])=O)=O)=O)=O)=O)=O,[*]OC1OC(CO)C(OC2C(O)C(O)C([*])C(CO)O2)C(O)C1O,63,3.4728324451666808
Pair_66,[*]CC(C)(C(OCCO)=O)[*],[*]NC(CCCCNC(C(C)=C)=O)C(N1CCCC1C(NCC(N2CC(O)CC2C(NC(COC(C(C)=C)=O)C(NCC([*])=O)=O)=O)=O)=O)=O,64,3.659661880254689
Pair_67,[*]C(N(CN(C(OCOC(N(CN(C(OCCO[*])=O)[H])[H])=O)=O)[H])[H])=O,[*]NC(CCCCNC(C(C)=C)=O)C(N1CCCC1C(NCC(N2CC(O)CC2C(NC(COC(C(C)=C)=O)C(NCC([*])=O)=O)=O)=O)=O)=O,65,3.890526814202853
Pair_68,O=C([*])CCCCCO[*],[*]NC(CCCCNC(C(C)=C)=O)C(N1CCCC1C(NCC(N2CC(O)CC2C(NC(COC(C(C)=C)=O)C(NCC([*])=O)=O)=O)=O)=O)=O,66,3.153280233088638
Pair_69,O=C(N1C(C([*])=O)CC(O)C1)CNC(C2CCCN2[*])=O,[*]NC(CCCCNC(C(C)=C)=O)C(N1CCCC1C(NCC(N2CC(O)CC2C(NC(COC(C(C)=C)=O)C(NCC([*])=O)=O)=O)=O)=O)=O,67,4.048938273175545
Pair_70,O=C(C(OC(C=O)OC1C(C(C(OC1C(O[Na])=O)O[*])O)O)C(C=O)[*])O[Na],[*]NC(CCCCNC(C(C)=C)=O)C(N1CCCC1C(NCC(N2CC(O)CC2C(NC(COC(C(C)=C)=O)C(NCC([*])=O)=O)=O)=O)=O)=O,68,5.366292065303448
Pair_73,OCC(C(C(C1N)O)O[*])OC1OC2C(OC(C(C2O)N)[*])CO,[*]C([H])([H])C(O)([H])[*],69,5.783538247456635
Pair_74,OCC(C(C(C1N)O)O[*])OC1OC2C(OC(C(C2O)N)[*])CO,[H]N(C([H])([H])C(N([H])C(C)([H])C(N(C([H])([H])C([*])=O)[H])=O)=O)C(C(N([*])[H])(C)[H])=O,70,5.538300763088205
Pair_75,OCC(C(C(C1N)O)O[*])OC1OC2C(OC(C(C2O)N)[*])CO,[*]OC1C(C(O)=O)OC(OC2C(NC(C)=O)C([*])OC(CO)C2O)C(O)C1O,71,5.026972368302125
Pair_76,OCC(C(C(C1N)O)O[*])OC1OC2C(OC(C(C2O)N)[*])CO,[*]OCC[*],72,5.710276964212813
Pair_77,OCC(C(C(C1N)O)O[*])OC1OC2C(OC(C(C2O)N)[*])CO,[*]C1C(C(C(OC1C(O[Na])=O)OC2C(C(O[Na])=O)OC(O[*])C(O)C2O)O)O,73,5.255394953678377
Pair_78,OC1C(OC(C(C1O)O)[*])CO[*],OCC(C(C(C1N)O)O[*])OC1OC2C(OC(C(C2O)N)[*])CO,74,5.996807550800858
Pair_79,OCC(C(C(C1N)O)O[*])OC1OC2C(OC(C(C2O)N)[*])CO,OCC1OC(C(C(C1[*])O)O)OC2C(C(C(OC2CO)O[*])O)O,75,6.421121356842993
Pair_80,OCC(C(C(C1N)O)O[*])OC1OC2C(OC(C(C2O)N)[*])CO,[*]C([C@H](C)OC([C@H](C)O[*])=O)=O,76,5.9499144636408365
Pair_81,OCC(C(C(C1N)O)O[*])OC1OC2C(OC(C(C2O)N)[*])CO,[*]C1C(OC(C(C1O)O)OC2C(OC(C(C2O)O)OC3C(OC(C(C3O)O)O[*])CO)CO)CO,77,6.273042384679181
Pair_82,OCC(C(C(C1N)O)O[*])OC1OC2C(OC(C(C2O)N)[*])CO,[*]C(CCCCCO[*])=O,78,5.68592913752859
Pair_83,OCC(C(C(C1N)O)O[*])OC1OC2C(OC(C(C2O)N)[*])CO,[*]NC(C(O)=O)CCC([*])=O,79,5.959046506588214
Pair_84,OCC(C(C(C1N)O)O[*])OC1OC2C(OC(C(C2O)N)[*])CO,[*]C(C)C(OCC(O[*])=O)=O,80,5.87903744432143
Pair_85,O=C(N([*])C([*])=O)CC=C,OCC(C(C(C1N)O)O[*])OC1OC2C(OC(C(C2O)N)[*])CO,81,5.602835808594731
Pair_86,OCC(C(C(C1N)O)O[*])OC1OC2C(OC(C(C2O)N)[*])CO,[*]C1=C(C=CN2)C2=C([*])C(O)=C1O,82,6.035530074614609
Pair_87,O=C(C(C[*])[*])N,OCC(C(C(C1N)O)O[*])OC1OC2C(OC(C(C2O)N)[*])CO,83,3.7714653871198838
Pair_88,OCC(C(C(C1N)O)O[*])OC1OC2C(OC(C(C2O)N)[*])CO,OCC1OC(C(C(C1O[*])O)NC(C)=O)OC2C(O)C(C(OC2CO)[*])NC(C)=O,84,6.1422360933308795
Pair_89,O=C(N)C([*])C[*],OCC(C(C(C1N)O)O[*])OC1OC2C(OC(C(C2O)N)[*])CO,85,3.7714653871198838
Pair_90,OCC(C(C(C1N)O)O[*])OC1OC2C(OC(C(C2O)N)[*])CO,[*]CC(C1=CC=C(C=C1)S(O)(=O)=O)[*],86,5.893926067285894
Pair_91,OCC(C(C(C1N)O)O[*])OC1OC2C(OC(C(C2O)N)[*])CO,[*]NC(CCC([*])=O)C(O)=O,87,5.959046506588214
Pair_92,CC(NC1C(OC(C(C1OC2OC(C(C(C2OCC(COC(C(C)=C)=O)O)O)O[*])C([O-])=O)O)O)O[*])=O,OCC(C(C(C1N)O)O[*])OC1OC2C(OC(C(C2O)N)[*])CO,88,5.6012200032613
Pair_93,OCC(C(C(C1N)O)O[*])OC1OC2C(OC(C(C2O)N)[*])CO,[*]C(C)(C(OCCN(C)C)=O)C[*],89,5.463768547592071
Pair_94,OCC(C(C(C1N)O)O[*])OC1OC2C(OC(C(C2O)N)[*])CO,[*]OC1C(C(C(OC1C)OC2C(C(OC(C2O)COC(C)=O)OC3C(C(C(OC3C(O)=O)OC4C(C(C(OC4CO)O[*])O)O)O)O)OC(C(O)CO)=O)O)O,90,5.8914159080200985
Pair_95,CC(NC1C([C@@H](C(O[C@H]1O[*])CO)O[C@@H]2OC([C@H]([C@@H](C2NC(C)=O)O)[*])CO)O)=O,OCC(C(C(C1N)O)O[*])OC1OC2C(OC(C(C2O)N)[*])CO,91,6.457698822263861
Pair_96,O=C([*])C(C)O[*],OCC(C(C(C1N)O)O[*])OC1OC2C(OC(C(C2O)N)[*])CO,92,6.0817124643950935
Pair_97,COCC1OC(OC2C(CO)OC(O[*])C(OC)C2OC)C(OC)C(O)C1O[*],OCC(C(C(C1N)O)O[*])OC1OC2C(OC(C(C2O)N)[*])CO,93,5.933943510513271
Pair_98,OCC(C(C(C1N)O)O[*])OC1OC2C(OC(C(C2O)N)[*])CO,[H]N(C(O[*])=O)CCCCCCN(C(OCCCCO[*])=O)[H],94,5.628343760913853
Pair_99,COC(C(C[*])([*])C)=O,OCC(C(C(C1N)O)O[*])OC1OC2C(OC(C(C2O)N)[*])CO,95,6.0347685681727805
Pair_100,OCC(C(C(C1N)O)O[*])OC1OC2C(OC(C(C2O)N)[*])CO,[*]OC1OC(CO)C(OC2C(O)C(O)C([*])C(CO)O2)C(O)C1O,96,6.421121356842993
Pair_101,OCC(C(C(C1N)O)O[*])OC1OC2C(OC(C(C2O)N)[*])CO,[*]CC(C)(C(OCCO)=O)[*],97,3.767721717837255
Pair_102,OCC(C(C(C1N)O)O[*])OC1OC2C(OC(C(C2O)N)[*])CO,[*]C(N(CN(C(OCOC(N(CN(C(OCCO[*])=O)[H])[H])=O)=O)[H])[H])=O,98,5.071267645891486
Pair_103,O=C([*])CCCCCO[*],OCC(C(C(C1N)O)O[*])OC1OC2C(OC(C(C2O)N)[*])CO,99,5.68592913752859
Pair_104,O=C(N1C(C([*])=O)CC(O)C1)CNC(C2CCCN2[*])=O,OCC(C(C(C1N)O)O[*])OC1OC2C(OC(C(C2O)N)[*])CO,100,5.688660333760827
Pair_105,O=C(C(OC(C=O)OC1C(C(C(OC1C(O[Na])=O)O[*])O)O)C(C=O)[*])O[Na],OCC(C(C(C1N)O)O[*])OC1OC2C(OC(C(C2O)N)[*])CO,101,5.709709409448112
Pair_109,[*]C([H])([H])C(O)([H])[*],[H]N(C([H])([H])C(N([H])C(C)([H])C(N(C([H])([H])C([*])=O)[H])=O)=O)C(C(N([*])[H])(C)[H])=O,102,5.747257540006352
Pair_110,[*]C([H])([H])C(O)([H])[*],[*]OC1C(C(O)=O)OC(OC2C(NC(C)=O)C([*])OC(CO)C2O)C(O)C1O,103,5.77042226492344
Pair_111,[*]C([H])([H])C(O)([H])[*],[*]OCC[*],104,5.541256508801772
Pair_112,[*]C([H])([H])C(O)([H])[*],[*]C1C(C(C(OC1C(O[Na])=O)OC2C(C(O[Na])=O)OC(O[*])C(O)C2O)O)O,105,4.924628331883644
Pair_113,OC1C(OC(C(C1O)O)[*])CO[*],[*]C([H])([H])C(O)([H])[*],106,6.015981585192536
Pair_114,OCC1OC(C(C(C1[*])O)O)OC2C(C(C(OC2CO)O[*])O)O,[*]C([H])([H])C(O)([H])[*],107,6.118045120192746
Pair_115,[*]C([C@H](C)OC([C@H](C)O[*])=O)=O,[*]C([H])([H])C(O)([H])[*],108,6.166772564077308
Pair_116,[*]C([H])([H])C(O)([H])[*],[*]C1C(OC(C(C1O)O)OC2C(OC(C(C2O)O)OC3C(OC(C(C3O)O)O[*])CO)CO)CO,109,5.856863421471244
Pair_117,[*]C(CCCCCO[*])=O,[*]C([H])([H])C(O)([H])[*],110,5.373614524543771
Pair_118,[*]C([H])([H])C(O)([H])[*],[*]NC(C(O)=O)CCC([*])=O,111,5.830528683328745
Pair_119,[*]C(C)C(OCC(O[*])=O)=O,[*]C([H])([H])C(O)([H])[*],112,5.886172695766852
Pair_120,O=C(N([*])C([*])=O)CC=C,[*]C([H])([H])C(O)([H])[*],113,5.559424453921449
Pair_121,[*]C([H])([H])C(O)([H])[*],[*]C1=C(C=CN2)C2=C([*])C(O)=C1O,114,6.1645436046264965
Pair_122,O=C(C(C[*])[*])N,[*]C([H])([H])C(O)([H])[*],115,3.2382077363191515
Pair_123,OCC1OC(C(C(C1O[*])O)NC(C)=O)OC2C(O)C(C(OC2CO)[*])NC(C)=O,[*]C([H])([H])C(O)([H])[*],116,5.799877302445126
Pair_124,O=C(N)C([*])C[*],[*]C([H])([H])C(O)([H])[*],117,3.2382077363191515
Pair_125,[*]C([H])([H])C(O)([H])[*],[*]CC(C1=CC=C(C=C1)S(O)(=O)=O)[*],118,5.65193383069774
Pair_126,[*]C([H])([H])C(O)([H])[*],[*]NC(CCC([*])=O)C(O)=O,119,5.830528683328745
Pair_127,CC(NC1C(OC(C(C1OC2OC(C(C(C2OCC(COC(C(C)=C)=O)O)O)O[*])C([O-])=O)O)O)O[*])=O,[*]C([H])([H])C(O)([H])[*],120,5.5599944793347005
Pair_128,[*]C(C)(C(OCCN(C)C)=O)C[*],[*]C([H])([H])C(O)([H])[*],121,5.377359366361275
Pair_129,[*]C([H])([H])C(O)([H])[*],[*]OC1C(C(C(OC1C)OC2C(C(OC(C2O)COC(C)=O)OC3C(C(C(OC3C(O)=O)OC4C(C(C(OC4CO)O[*])O)O)O)O)OC(C(O)CO)=O)O)O,122,5.98829691466171
Pair_130,CC(NC1C([C@@H](C(O[C@H]1O[*])CO)O[C@@H]2OC([C@H]([C@@H](C2NC(C)=O)O)[*])CO)O)=O,[*]C([H])([H])C(O)([H])[*],123,6.473439550968539
Pair_131,O=C([*])C(C)O[*],[*]C([H])([H])C(O)([H])[*],124,6.12943263687821
Pair_132,COCC1OC(OC2C(CO)OC(O[*])C(OC)C2OC)C(OC)C(O)C1O[*],[*]C([H])([H])C(O)([H])[*],125,5.9394825354014635
Pair_133,[*]C([H])([H])C(O)([H])[*],[H]N(C(O[*])=O)CCCCCCN(C(OCCCCO[*])=O)[H],126,5.403878134498528
Pair_134,COC(C(C[*])([*])C)=O,[*]C([H])([H])C(O)([H])[*],127,5.890031722941824
Pair_135,[*]C([H])([H])C(O)([H])[*],[*]OC1OC(CO)C(OC2C(O)C(O)C([*])C(CO)O2)C(O)C1O,128,6.118045120192746
Pair_136,[*]C([H])([H])C(O)([H])[*],[*]CC(C)(C(OCCO)=O)[*],129,3.3687902864973047
Pair_137,[*]C(N(CN(C(OCOC(N(CN(C(OCCO[*])=O)[H])[H])=O)=O)[H])[H])=O,[*]C([H])([H])C(O)([H])[*],130,4.645102759385323
Pair_138,O=C([*])CCCCCO[*],[*]C([H])([H])C(O)([H])[*],131,5.373614524543771
Pair_139,O=C(N1C(C([*])=O)CC(O)C1)CNC(C2CCCN2[*])=O,[*]C([H])([H])C(O)([H])[*],132,4.924081532300587
Pair_140,O=C(C(OC(C=O)OC1C(C(C(OC1C(O[Na])=O)O[*])O)O)C(C=O)[*])O[Na],[*]C([H])([H])C(O)([H])[*],133,5.680006215099343
Pair_145,[*]OC1C(C(O)=O)OC(OC2C(NC(C)=O)C([*])OC(CO)C2O)C(O)C1O,[H]N(C([H])([H])C(N([H])C(C)([H])C(N(C([H])([H])C([*])=O)[H])=O)=O)C(C(N([*])[H])(C)[H])=O,134,5.639096230783654
Pair_146,[*]OCC[*],[H]N(C([H])([H])C(N([H])C(C)([H])C(N(C([H])([H])C([*])=O)[H])=O)=O)C(C(N([*])[H])(C)[H])=O,135,5.647221846356372
Pair_147,[*]C1C(C(C(OC1C(O[Na])=O)OC2C(C(O[Na])=O)OC(O[*])C(O)C2O)O)O,[H]N(C([H])([H])C(N([H])C(C)([H])C(N(C([H])([H])C([*])=O)[H])=O)=O)C(C(N([*])[H])(C)[H])=O,136,5.188396130002902
Pair_148,OC1C(OC(C(C1O)O)[*])CO[*],[H]N(C([H])([H])C(N([H])C(C)([H])C(N(C([H])([H])C([*])=O)[H])=O)=O)C(C(N([*])[H])(C)[H])=O,137,5.985621533577309
Pair_149,OCC1OC(C(C(C1[*])O)O)OC2C(C(C(OC2CO)O[*])O)O,[H]N(C([H])([H])C(N([H])C(C)([H])C(N(C([H])([H])C([*])=O)[H])=O)=O)C(C(N([*])[H])(C)[H])=O,138,6.196182688755801
Pair_150,[*]C([C@H](C)OC([C@H](C)O[*])=O)=O,[H]N(C([H])([H])C(N([H])C(C)([H])C(N(C([H])([H])C([*])=O)[H])=O)=O)C(C(N([*])[H])(C)[H])=O,139,5.886266719778331
Pair_151,[*]C1C(OC(C(C1O)O)OC2C(OC(C(C2O)O)OC3C(OC(C(C3O)O)O[*])CO)CO)CO,[H]N(C([H])([H])C(N([H])C(C)([H])C(N(C([H])([H])C([*])=O)[H])=O)=O)C(C(N([*])[H])(C)[H])=O,140,6.023645012057728
Pair_152,[*]C(CCCCCO[*])=O,[H]N(C([H])([H])C(N([H])C(C)([H])C(N(C([H])([H])C([*])=O)[H])=O)=O)C(C(N([*])[H])(C)[H])=O,141,5.5684962327497125
Pair_153,[*]NC(C(O)=O)CCC([*])=O,[H]N(C([H])([H])C(N([H])C(C)([H])C(N(C([H])([H])C([*])=O)[H])=O)=O)C(C(N([*])[H])(C)[H])=O,142,5.838975388320129
Pair_154,[*]C(C)C(OCC(O[*])=O)=O,[H]N(C([H])([H])C(N([H])C(C)([H])C(N(C([H])([H])C([*])=O)[H])=O)=O)C(C(N([*])[H])(C)[H])=O,143,6.331515968761517
Pair_155,O=C(N([*])C([*])=O)CC=C,[H]N(C([H])([H])C(N([H])C(C)([H])C(N(C([H])([H])C([*])=O)[H])=O)=O)C(C(N([*])[H])(C)[H])=O,144,5.571371211642916
Pair_156,[*]C1=C(C=CN2)C2=C([*])C(O)=C1O,[H]N(C([H])([H])C(N([H])C(C)([H])C(N(C([H])([H])C([*])=O)[H])=O)=O)C(C(N([*])[H])(C)[H])=O,145,6.008063531898332
Pair_157,O=C(C(C[*])[*])N,[H]N(C([H])([H])C(N([H])C(C)([H])C(N(C([H])([H])C([*])=O)[H])=O)=O)C(C(N([*])[H])(C)[H])=O,146,4.078945194720106
Pair_158,OCC1OC(C(C(C1O[*])O)NC(C)=O)OC2C(O)C(C(OC2CO)[*])NC(C)=O,[H]N(C([H])([H])C(N([H])C(C)([H])C(N(C([H])([H])C([*])=O)[H])=O)=O)C(C(N([*])[H])(C)[H])=O,147,5.70487207934075
Pair_159,O=C(N)C([*])C[*],[H]N(C([H])([H])C(N([H])C(C)([H])C(N(C([H])([H])C([*])=O)[H])=O)=O)C(C(N([*])[H])(C)[H])=O,148,4.078945194720106
Pair_160,[*]CC(C1=CC=C(C=C1)S(O)(=O)=O)[*],[H]N(C([H])([H])C(N([H])C(C)([H])C(N(C([H])([H])C([*])=O)[H])=O)=O)C(C(N([*])[H])(C)[H])=O,149,5.586222176667069
Pair_161,[*]NC(CCC([*])=O)C(O)=O,[H]N(C([H])([H])C(N([H])C(C)([H])C(N(C([H])([H])C([*])=O)[H])=O)=O)C(C(N([*])[H])(C)[H])=O,150,5.838975388320129
Pair_162,CC(NC1C(OC(C(C1OC2OC(C(C(C2OCC(COC(C(C)=C)=O)O)O)O[*])C([O-])=O)O)O)O[*])=O,[H]N(C([H])([H])C(N([H])C(C)([H])C(N(C([H])([H])C([*])=O)[H])=O)=O)C(C(N([*])[H])(C)[H])=O,151,5.570564203670788
Pair_163,[*]C(C)(C(OCCN(C)C)=O)C[*],[H]N(C([H])([H])C(N([H])C(C)([H])C(N(C([H])([H])C([*])=O)[H])=O)=O)C(C(N([*])[H])(C)[H])=O,152,5.454229001049571
Pair_164,[*]OC1C(C(C(OC1C)OC2C(C(OC(C2O)COC(C)=O)OC3C(C(C(OC3C(O)=O)OC4C(C(C(OC4CO)O[*])O)O)O)O)OC(C(O)CO)=O)O)O,[H]N(C([H])([H])C(N([H])C(C)([H])C(N(C([H])([H])C([*])=O)[H])=O)=O)C(C(N([*])[H])(C)[H])=O,153,5.920093014349855
Pair_165,CC(NC1C([C@@H](C(O[C@H]1O[*])CO)O[C@@H]2OC([C@H]([C@@H](C2NC(C)=O)O)[*])CO)O)=O,[H]N(C([H])([H])C(N([H])C(C)([H])C(N(C([H])([H])C([*])=O)[H])=O)=O)C(C(N([*])[H])(C)[H])=O,154,6.238655928614105
Pair_166,O=C([*])C(C)O[*],[H]N(C([H])([H])C(N([H])C(C)([H])C(N(C([H])([H])C([*])=O)[H])=O)=O)C(C(N([*])[H])(C)[H])=O,155,6.091690408796211
Pair_167,COCC1OC(OC2C(CO)OC(O[*])C(OC)C2OC)C(OC)C(O)C1O[*],[H]N(C([H])([H])C(N([H])C(C)([H])C(N(C([H])([H])C([*])=O)[H])=O)=O)C(C(N([*])[H])(C)[H])=O,156,5.862238358632046
Pair_168,[H]N(C(O[*])=O)CCCCCCN(C(OCCCCO[*])=O)[H],[H]N(C([H])([H])C(N([H])C(C)([H])C(N(C([H])([H])C([*])=O)[H])=O)=O)C(C(N([*])[H])(C)[H])=O,157,5.3212139048067355
Pair_169,COC(C(C[*])([*])C)=O,[H]N(C([H])([H])C(N([H])C(C)([H])C(N(C([H])([H])C([*])=O)[H])=O)=O)C(C(N([*])[H])(C)[H])=O,158,5.7364809689498575
Pair_170,[*]OC1OC(CO)C(OC2C(O)C(O)C([*])C(CO)O2)C(O)C1O,[H]N(C([H])([H])C(N([H])C(C)([H])C(N(C([H])([H])C([*])=O)[H])=O)=O)C(C(N([*])[H])(C)[H])=O,159,6.196182688755801
Pair_171,[*]CC(C)(C(OCCO)=O)[*],[H]N(C([H])([H])C(N([H])C(C)([H])C(N(C([H])([H])C([*])=O)[H])=O)=O)C(C(N([*])[H])(C)[H])=O,160,4.003394032837941
Pair_172,[*]C(N(CN(C(OCOC(N(CN(C(OCCO[*])=O)[H])[H])=O)=O)[H])[H])=O,[H]N(C([H])([H])C(N([H])C(C)([H])C(N(C([H])([H])C([*])=O)[H])=O)=O)C(C(N([*])[H])(C)[H])=O,161,4.98789852363312
Pair_173,O=C([*])CCCCCO[*],[H]N(C([H])([H])C(N([H])C(C)([H])C(N(C([H])([H])C([*])=O)[H])=O)=O)C(C(N([*])[H])(C)[H])=O,162,5.5684962327497125
Pair_174,O=C(N1C(C([*])=O)CC(O)C1)CNC(C2CCCN2[*])=O,[H]N(C([H])([H])C(N([H])C(C)([H])C(N(C([H])([H])C([*])=O)[H])=O)=O)C(C(N([*])[H])(C)[H])=O,163,4.901132703442359
Pair_175,O=C(C(OC(C=O)OC1C(C(C(OC1C(O[Na])=O)O[*])O)O)C(C=O)[*])O[Na],[H]N(C([H])([H])C(N([H])C(C)([H])C(N(C([H])([H])C([*])=O)[H])=O)=O)C(C(N([*])[H])(C)[H])=O,164,5.679526162208145
Pair_181,[*]OC1C(C(O)=O)OC(OC2C(NC(C)=O)C([*])OC(CO)C2O)C(O)C1O,[*]OCC[*],165,5.504557414309697
Pair_182,[*]C1C(C(C(OC1C(O[Na])=O)OC2C(C(O[Na])=O)OC(O[*])C(O)C2O)O)O,[*]OC1C(C(O)=O)OC(OC2C(NC(C)=O)C([*])OC(CO)C2O)C(O)C1O,166,4.934840935708467
Pair_183,OC1C(OC(C(C1O)O)[*])CO[*],[*]OC1C(C(O)=O)OC(OC2C(NC(C)=O)C([*])OC(CO)C2O)C(O)C1O,167,5.807549282296401
Pair_184,OCC1OC(C(C(C1[*])O)O)OC2C(C(C(OC2CO)O[*])O)O,[*]OC1C(C(O)=O)OC(OC2C(NC(C)=O)C([*])OC(CO)C2O)C(O)C1O,168,5.637342392927011
Pair_185,[*]C([C@H](C)OC([C@H](C)O[*])=O)=O,[*]OC1C(C(O)=O)OC(OC2C(NC(C)=O)C([*])OC(CO)C2O)C(O)C1O,169,5.976104351271543
Pair_186,[*]C1C(OC(C(C1O)O)OC2C(OC(C(C2O)O)OC3C(OC(C(C3O)O)O[*])CO)CO)CO,[*]OC1C(C(O)=O)OC(OC2C(NC(C)=O)C([*])OC(CO)C2O)C(O)C1O,170,5.408259832548438
Pair_187,[*]C(CCCCCO[*])=O,[*]OC1C(C(O)=O)OC(OC2C(NC(C)=O)C([*])OC(CO)C2O)C(O)C1O,171,5.318330147576962
Pair_188,[*]NC(C(O)=O)CCC([*])=O,[*]OC1C(C(O)=O)OC(OC2C(NC(C)=O)C([*])OC(CO)C2O)C(O)C1O,172,5.711469090622361
Pair_189,[*]C(C)C(OCC(O[*])=O)=O,[*]OC1C(C(O)=O)OC(OC2C(NC(C)=O)C([*])OC(CO)C2O)C(O)C1O,173,5.533051656606477
Pair_190,O=C(N([*])C([*])=O)CC=C,[*]OC1C(C(O)=O)OC(OC2C(NC(C)=O)C([*])OC(CO)C2O)C(O)C1O,174,5.598732497989756
Pair_191,[*]C1=C(C=CN2)C2=C([*])C(O)=C1O,[*]OC1C(C(O)=O)OC(OC2C(NC(C)=O)C([*])OC(CO)C2O)C(O)C1O,175,5.188075876811611
Pair_192,O=C(C(C[*])[*])N,[*]OC1C(C(O)=O)OC(OC2C(NC(C)=O)C([*])OC(CO)C2O)C(O)C1O,176,4.138144996036223
Pair_193,OCC1OC(C(C(C1O[*])O)NC(C)=O)OC2C(O)C(C(OC2CO)[*])NC(C)=O,[*]OC1C(C(O)=O)OC(OC2C(NC(C)=O)C([*])OC(CO)C2O)C(O)C1O,177,5.500883293816504
Pair_194,O=C(N)C([*])C[*],[*]OC1C(C(O)=O)OC(OC2C(NC(C)=O)C([*])OC(CO)C2O)C(O)C1O,178,4.138144996036223
Pair_195,[*]CC(C1=CC=C(C=C1)S(O)(=O)=O)[*],[*]OC1C(C(O)=O)OC(OC2C(NC(C)=O)C([*])OC(CO)C2O)C(O)C1O,179,5.606499562161172
Pair_196,[*]NC(CCC([*])=O)C(O)=O,[*]OC1C(C(O)=O)OC(OC2C(NC(C)=O)C([*])OC(CO)C2O)C(O)C1O,180,5.711469090622361
Pair_197,CC(NC1C(OC(C(C1OC2OC(C(C(C2OCC(COC(C(C)=C)=O)O)O)O[*])C([O-])=O)O)O)O[*])=O,[*]OC1C(C(O)=O)OC(OC2C(NC(C)=O)C([*])OC(CO)C2O)C(O)C1O,181,5.602994930679043
Pair_198,[*]C(C)(C(OCCN(C)C)=O)C[*],[*]OC1C(C(O)=O)OC(OC2C(NC(C)=O)C([*])OC(CO)C2O)C(O)C1O,182,5.5106770795380315
Pair_199,[*]OC1C(C(C(OC1C)OC2C(C(OC(C2O)COC(C)=O)OC3C(C(C(OC3C(O)=O)OC4C(C(C(OC4CO)O[*])O)O)O)O)OC(C(O)CO)=O)O)O,[*]OC1C(C(O)=O)OC(OC2C(NC(C)=O)C([*])OC(CO)C2O)C(O)C1O,183,5.871213796640243
Pair_200,CC(NC1C([C@@H](C(O[C@H]1O[*])CO)O[C@@H]2OC([C@H]([C@@H](C2NC(C)=O)O)[*])CO)O)=O,[*]OC1C(C(O)=O)OC(OC2C(NC(C)=O)C([*])OC(CO)C2O)C(O)C1O,184,6.011648654742772
Pair_201,O=C([*])C(C)O[*],[*]OC1C(C(O)=O)OC(OC2C(NC(C)=O)C([*])OC(CO)C2O)C(O)C1O,185,5.9330382007281735
Pair_202,COCC1OC(OC2C(CO)OC(O[*])C(OC)C2OC)C(OC)C(O)C1O[*],[*]OC1C(C(O)=O)OC(OC2C(NC(C)=O)C([*])OC(CO)C2O)C(O)C1O,186,5.7688791862091655
Pair_203,[*]OC1C(C(O)=O)OC(OC2C(NC(C)=O)C([*])OC(CO)C2O)C(O)C1O,[H]N(C(O[*])=O)CCCCCCN(C(OCCCCO[*])=O)[H],187,5.095300367448018
Pair_204,COC(C(C[*])([*])C)=O,[*]OC1C(C(O)=O)OC(OC2C(NC(C)=O)C([*])OC(CO)C2O)C(O)C1O,188,5.987977730044534
Pair_205,[*]OC1C(C(O)=O)OC(OC2C(NC(C)=O)C([*])OC(CO)C2O)C(O)C1O,[*]OC1OC(CO)C(OC2C(O)C(O)C([*])C(CO)O2)C(O)C1O,189,5.637342392927011
Pair_206,[*]CC(C)(C(OCCO)=O)[*],[*]OC1C(C(O)=O)OC(OC2C(NC(C)=O)C([*])OC(CO)C2O)C(O)C1O,190,4.2952890918760644
Pair_207,[*]C(N(CN(C(OCOC(N(CN(C(OCCO[*])=O)[H])[H])=O)=O)[H])[H])=O,[*]OC1C(C(O)=O)OC(OC2C(NC(C)=O)C([*])OC(CO)C2O)C(O)C1O,191,4.87796139897789
Pair_208,O=C([*])CCCCCO[*],[*]OC1C(C(O)=O)OC(OC2C(NC(C)=O)C([*])OC(CO)C2O)C(O)C1O,192,5.318330147576962
Pair_209,O=C(N1C(C([*])=O)CC(O)C1)CNC(C2CCCN2[*])=O,[*]OC1C(C(O)=O)OC(OC2C(NC(C)=O)C([*])OC(CO)C2O)C(O)C1O,193,5.3030919898789755
Pair_210,O=C(C(OC(C=O)OC1C(C(C(OC1C(O[Na])=O)O[*])O)O)C(C=O)[*])O[Na],[*]OC1C(C(O)=O)OC(OC2C(NC(C)=O)C([*])OC(CO)C2O)C(O)C1O,194,5.647893795262515
Pair_217,[*]C1C(C(C(OC1C(O[Na])=O)OC2C(C(O[Na])=O)OC(O[*])C(O)C2O)O)O,[*]OCC[*],195,4.814468507558246
Pair_218,OC1C(OC(C(C1O)O)[*])CO[*],[*]OCC[*],196,5.906429568497396
Pair_219,OCC1OC(C(C(C1[*])O)O)OC2C(C(C(OC2CO)O[*])O)O,[*]OCC[*],197,5.907573216701752
Pair_220,[*]C([C@H](C)OC([C@H](C)O[*])=O)=O,[*]OCC[*],198,6.005312378943286
Pair_221,[*]C1C(OC(C(C1O)O)OC2C(OC(C(C2O)O)OC3C(OC(C(C3O)O)O[*])CO)CO)CO,[*]OCC[*],199,5.650817755950138
Pair_222,[*]C(CCCCCO[*])=O,[*]OCC[*],200,5.14941847935644
Pair_223,[*]NC(C(O)=O)CCC([*])=O,[*]OCC[*],201,5.68938004691915
Pair_224,[*]C(C)C(OCC(O[*])=O)=O,[*]OCC[*],202,5.748613925636125
Pair_225,O=C(N([*])C([*])=O)CC=C,[*]OCC[*],203,5.55063852209591
Pair_226,[*]C1=C(C=CN2)C2=C([*])C(O)=C1O,[*]OCC[*],204,5.965970256566502
Pair_227,O=C(C(C[*])[*])N,[*]OCC[*],205,3.0347379498628984
Pair_228,OCC1OC(C(C(C1O[*])O)NC(C)=O)OC2C(O)C(C(OC2CO)[*])NC(C)=O,[*]OCC[*],206,5.717073885341621
Pair_229,O=C(N)C([*])C[*],[*]OCC[*],207,3.0347379498628984
Pair_230,[*]CC(C1=CC=C(C=C1)S(O)(=O)=O)[*],[*]OCC[*],208,5.48722184418532
Pair_231,[*]NC(CCC([*])=O)C(O)=O,[*]OCC[*],209,5.68938004691915
Pair_232,CC(NC1C(OC(C(C1OC2OC(C(C(C2OCC(COC(C(C)=C)=O)O)O)O[*])C([O-])=O)O)O)O[*])=O,[*]OCC[*],210,5.555041937516228
Pair_233,[*]C(C)(C(OCCN(C)C)=O)C[*],[*]OCC[*],211,5.3260468593895025
Pair_234,[*]OC1C(C(C(OC1C)OC2C(C(OC(C2O)COC(C)=O)OC3C(C(C(OC3C(O)=O)OC4C(C(C(OC4CO)O[*])O)O)O)O)OC(C(O)CO)=O)O)O,[*]OCC[*],212,5.996240257792036
Pair_235,CC(NC1C([C@@H](C(O[C@H]1O[*])CO)O[C@@H]2OC([C@H]([C@@H](C2NC(C)=O)O)[*])CO)O)=O,[*]OCC[*],213,6.385069367938329
Pair_236,O=C([*])C(C)O[*],[*]OCC[*],214,5.9392837149982345
Pair_237,COCC1OC(OC2C(CO)OC(O[*])C(OC)C2OC)C(OC)C(O)C1O[*],[*]OCC[*],215,5.894302559769691
Pair_238,[*]OCC[*],[H]N(C(O[*])=O)CCCCCCN(C(OCCCCO[*])=O)[H],216,5.187521039876126
Pair_239,COC(C(C[*])([*])C)=O,[*]OCC[*],217,5.720193421828517
Pair_240,[*]OC1OC(CO)C(OC2C(O)C(O)C([*])C(CO)O2)C(O)C1O,[*]OCC[*],218,5.907573216701752
Pair_241,[*]CC(C)(C(OCCO)=O)[*],[*]OCC[*],219,3.1911802485977785
Pair_242,[*]C(N(CN(C(OCOC(N(CN(C(OCCO[*])=O)[H])[H])=O)=O)[H])[H])=O,[*]OCC[*],220,4.467749861786409
Pair_243,O=C([*])CCCCCO[*],[*]OCC[*],221,5.14941847935644
Pair_244,O=C(N1C(C([*])=O)CC(O)C1)CNC(C2CCCN2[*])=O,[*]OCC[*],222,4.778918443644993
Pair_245,O=C(C(OC(C=O)OC1C(C(C(OC1C(O[Na])=O)O[*])O)O)C(C=O)[*])O[Na],[*]OCC[*],223,5.654844519448804
Pair_253,OC1C(OC(C(C1O)O)[*])CO[*],[*]C1C(C(C(OC1C(O[Na])=O)OC2C(C(O[Na])=O)OC(O[*])C(O)C2O)O)O,224,5.528445420614695
Pair_254,OCC1OC(C(C(C1[*])O)O)OC2C(C(C(OC2CO)O[*])O)O,[*]C1C(C(C(OC1C(O[Na])=O)OC2C(C(O[Na])=O)OC(O[*])C(O)C2O)O)O,225,5.369438376720342
Pair_255,[*]C([C@H](C)OC([C@H](C)O[*])=O)=O,[*]C1C(C(C(OC1C(O[Na])=O)OC2C(C(O[Na])=O)OC(O[*])C(O)C2O)O)O,226,5.361235889961272
Pair_256,[*]C1C(C(C(OC1C(O[Na])=O)OC2C(C(O[Na])=O)OC(O[*])C(O)C2O)O)O,[*]C1C(OC(C(C1O)O)OC2C(OC(C(C2O)O)OC3C(OC(C(C3O)O)O[*])CO)CO)CO,227,5.237119539093195
Pair_257,[*]C(CCCCCO[*])=O,[*]C1C(C(C(OC1C(O[Na])=O)OC2C(C(O[Na])=O)OC(O[*])C(O)C2O)O)O,228,4.695013705029267
Pair_258,[*]C1C(C(C(OC1C(O[Na])=O)OC2C(C(O[Na])=O)OC(O[*])C(O)C2O)O)O,[*]NC(C(O)=O)CCC([*])=O,229,5.1861816582008
Pair_259,[*]C(C)C(OCC(O[*])=O)=O,[*]C1C(C(C(OC1C(O[Na])=O)OC2C(C(O[Na])=O)OC(O[*])C(O)C2O)O)O,230,5.291132918568962
Pair_260,O=C(N([*])C([*])=O)CC=C,[*]C1C(C(C(OC1C(O[Na])=O)OC2C(C(O[Na])=O)OC(O[*])C(O)C2O)O)O,231,5.5718027833936485
Pair_261,[*]C1=C(C=CN2)C2=C([*])C(O)=C1O,[*]C1C(C(C(OC1C(O[Na])=O)OC2C(C(O[Na])=O)OC(O[*])C(O)C2O)O)O,232,5.484526132686723
Pair_262,O=C(C(C[*])[*])N,[*]C1C(C(C(OC1C(O[Na])=O)OC2C(C(O[Na])=O)OC(O[*])C(O)C2O)O)O,233,3.1544446782484425
Pair_263,OCC1OC(C(C(C1O[*])O)NC(C)=O)OC2C(O)C(C(OC2CO)[*])NC(C)=O,[*]C1C(C(C(OC1C(O[Na])=O)OC2C(C(O[Na])=O)OC(O[*])C(O)C2O)O)O,234,5.391518120298797
Pair_264,O=C(N)C([*])C[*],[*]C1C(C(C(OC1C(O[Na])=O)OC2C(C(O[Na])=O)OC(O[*])C(O)C2O)O)O,235,3.1544446782484425
Pair_265,[*]C1C(C(C(OC1C(O[Na])=O)OC2C(C(O[Na])=O)OC(O[*])C(O)C2O)O)O,[*]CC(C1=CC=C(C=C1)S(O)(=O)=O)[*],236,5.067289455776266
Pair_266,[*]C1C(C(C(OC1C(O[Na])=O)OC2C(C(O[Na])=O)OC(O[*])C(O)C2O)O)O,[*]NC(CCC([*])=O)C(O)=O,237,5.1861816582008
Pair_267,CC(NC1C(OC(C(C1OC2OC(C(C(C2OCC(COC(C(C)=C)=O)O)O)O[*])C([O-])=O)O)O)O[*])=O,[*]C1C(C(C(OC1C(O[Na])=O)OC2C(C(O[Na])=O)OC(O[*])C(O)C2O)O)O,238,5.588204991465961
Pair_268,[*]C(C)(C(OCCN(C)C)=O)C[*],[*]C1C(C(C(OC1C(O[Na])=O)OC2C(C(O[Na])=O)OC(O[*])C(O)C2O)O)O,239,5.313292571306556
Pair_269,[*]C1C(C(C(OC1C(O[Na])=O)OC2C(C(O[Na])=O)OC(O[*])C(O)C2O)O)O,[*]OC1C(C(C(OC1C)OC2C(C(OC(C2O)COC(C)=O)OC3C(C(C(OC3C(O)=O)OC4C(C(C(OC4CO)O[*])O)O)O)O)OC(C(O)CO)=O)O)O,240,5.89964699126091
Pair_270,CC(NC1C([C@@H](C(O[C@H]1O[*])CO)O[C@@H]2OC([C@H]([C@@H](C2NC(C)=O)O)[*])CO)O)=O,[*]C1C(C(C(OC1C(O[Na])=O)OC2C(C(O[Na])=O)OC(O[*])C(O)C2O)O)O,241,5.88881997789339
Pair_271,O=C([*])C(C)O[*],[*]C1C(C(C(OC1C(O[Na])=O)OC2C(C(O[Na])=O)OC(O[*])C(O)C2O)O)O,242,5.261936741499927
Pair_272,COCC1OC(OC2C(CO)OC(O[*])C(OC)C2OC)C(OC)C(O)C1O[*],[*]C1C(C(C(OC1C(O[Na])=O)OC2C(C(O[Na])=O)OC(O[*])C(O)C2O)O)O,243,5.678923984022513
Pair_273,[*]C1C(C(C(OC1C(O[Na])=O)OC2C(C(O[Na])=O)OC(O[*])C(O)C2O)O)O,[H]N(C(O[*])=O)CCCCCCN(C(OCCCCO[*])=O)[H],244,5.021538781684402
Pair_274,COC(C(C[*])([*])C)=O,[*]C1C(C(C(OC1C(O[Na])=O)OC2C(C(O[Na])=O)OC(O[*])C(O)C2O)O)O,245,5.299288746006785
Pair_275,[*]C1C(C(C(OC1C(O[Na])=O)OC2C(C(O[Na])=O)OC(O[*])C(O)C2O)O)O,[*]OC1OC(CO)C(OC2C(O)C(O)C([*])C(CO)O2)C(O)C1O,246,5.369438376720342
Pair_276,[*]C1C(C(C(OC1C(O[Na])=O)OC2C(C(O[Na])=O)OC(O[*])C(O)C2O)O)O,[*]CC(C)(C(OCCO)=O)[*],247,3.4513905744678377
Pair_277,[*]C(N(CN(C(OCOC(N(CN(C(OCCO[*])=O)[H])[H])=O)=O)[H])[H])=O,[*]C1C(C(C(OC1C(O[Na])=O)OC2C(C(O[Na])=O)OC(O[*])C(O)C2O)O)O,248,4.124250381758566
Pair_278,O=C([*])CCCCCO[*],[*]C1C(C(C(OC1C(O[Na])=O)OC2C(C(O[Na])=O)OC(O[*])C(O)C2O)O)O,249,4.695013705029267
Pair_279,O=C(N1C(C([*])=O)CC(O)C1)CNC(C2CCCN2[*])=O,[*]C1C(C(C(OC1C(O[Na])=O)OC2C(C(O[Na])=O)OC(O[*])C(O)C2O)O)O,250,4.361422375901679
Pair_280,O=C(C(OC(C=O)OC1C(C(C(OC1C(O[Na])=O)O[*])O)O)C(C=O)[*])O[Na],[*]C1C(C(C(OC1C(O[Na])=O)OC2C(C(O[Na])=O)OC(O[*])C(O)C2O)O)O,251,5.585869166195616
Pair_289,OC1C(OC(C(C1O)O)[*])CO[*],OCC1OC(C(C(C1[*])O)O)OC2C(C(C(OC2CO)O[*])O)O,252,6.265614584295081
Pair_290,OC1C(OC(C(C1O)O)[*])CO[*],[*]C([C@H](C)OC([C@H](C)O[*])=O)=O,253,6.216769746620978
Pair_291,OC1C(OC(C(C1O)O)[*])CO[*],[*]C1C(OC(C(C1O)O)OC2C(OC(C(C2O)O)OC3C(OC(C(C3O)O)O[*])CO)CO)CO,254,6.077086519892376
Pair_292,OC1C(OC(C(C1O)O)[*])CO[*],[*]C(CCCCCO[*])=O,255,5.808154773985447
Pair_293,OC1C(OC(C(C1O)O)[*])CO[*],[*]NC(C(O)=O)CCC([*])=O,256,6.044886181879084
Pair_294,OC1C(OC(C(C1O)O)[*])CO[*],[*]C(C)C(OCC(O[*])=O)=O,257,6.014242651737689
Pair_295,O=C(N([*])C([*])=O)CC=C,OC1C(OC(C(C1O)O)[*])CO[*],258,5.618186464872175
Pair_296,OC1C(OC(C(C1O)O)[*])CO[*],[*]C1=C(C=CN2)C2=C([*])C(O)=C1O,259,6.124120263129138
Pair_297,O=C(C(C[*])[*])N,OC1C(OC(C(C1O)O)[*])CO[*],260,4.496387713768896
Pair_298,OC1C(OC(C(C1O)O)[*])CO[*],OCC1OC(C(C(C1O[*])O)NC(C)=O)OC2C(O)C(C(OC2CO)[*])NC(C)=O,261,5.897594092939644
Pair_299,O=C(N)C([*])C[*],OC1C(OC(C(C1O)O)[*])CO[*],262,4.496387713768896
Pair_300,OC1C(OC(C(C1O)O)[*])CO[*],[*]CC(C1=CC=C(C=C1)S(O)(=O)=O)[*],263,5.910261830258754
Pair_301,OC1C(OC(C(C1O)O)[*])CO[*],[*]NC(CCC([*])=O)C(O)=O,264,6.044886181879084
Pair_302,CC(NC1C(OC(C(C1OC2OC(C(C(C2OCC(COC(C(C)=C)=O)O)O)O[*])C([O-])=O)O)O)O[*])=O,OC1C(OC(C(C1O)O)[*])CO[*],265,5.612241626968485
Pair_303,OC1C(OC(C(C1O)O)[*])CO[*],[*]C(C)(C(OCCN(C)C)=O)C[*],266,5.5760185786597445
Pair_304,OC1C(OC(C(C1O)O)[*])CO[*],[*]OC1C(C(C(OC1C)OC2C(C(OC(C2O)COC(C)=O)OC3C(C(C(OC3C(O)=O)OC4C(C(C(OC4CO)O[*])O)O)O)O)OC(C(O)CO)=O)O)O,267,5.871865700012727
Pair_305,CC(NC1C([C@@H](C(O[C@H]1O[*])CO)O[C@@H]2OC([C@H]([C@@H](C2NC(C)=O)O)[*])CO)O)=O,OC1C(OC(C(C1O)O)[*])CO[*],268,6.329559456369023
Pair_306,O=C([*])C(C)O[*],OC1C(OC(C(C1O)O)[*])CO[*],269,6.255447497439941
Pair_307,COCC1OC(OC2C(CO)OC(O[*])C(OC)C2OC)C(OC)C(O)C1O[*],OC1C(OC(C(C1O)O)[*])CO[*],270,5.929062566906874
Pair_308,OC1C(OC(C(C1O)O)[*])CO[*],[H]N(C(O[*])=O)CCCCCCN(C(OCCCCO[*])=O)[H],271,5.752241683192704
Pair_309,COC(C(C[*])([*])C)=O,OC1C(OC(C(C1O)O)[*])CO[*],272,6.070098861686708
Pair_310,OC1C(OC(C(C1O)O)[*])CO[*],[*]OC1OC(CO)C(OC2C(O)C(O)C([*])C(CO)O2)C(O)C1O,273,6.265614584295081
Pair_311,OC1C(OC(C(C1O)O)[*])CO[*],[*]CC(C)(C(OCCO)=O)[*],274,4.474046402312597
Pair_312,OC1C(OC(C(C1O)O)[*])CO[*],[*]C(N(CN(C(OCOC(N(CN(C(OCCO[*])=O)[H])[H])=O)=O)[H])[H])=O,275,5.272612301680754
Pair_313,O=C([*])CCCCCO[*],OC1C(OC(C(C1O)O)[*])CO[*],276,5.808154773985447
Pair_314,O=C(N1C(C([*])=O)CC(O)C1)CNC(C2CCCN2[*])=O,OC1C(OC(C(C1O)O)[*])CO[*],277,5.569480475322479
Pair_315,O=C(C(OC(C=O)OC1C(C(C(OC1C(O[Na])=O)O[*])O)O)C(C=O)[*])O[Na],OC1C(OC(C(C1O)O)[*])CO[*],278,5.726110132075616
Pair_325,OCC1OC(C(C(C1[*])O)O)OC2C(C(C(OC2CO)O[*])O)O,[*]C([C@H](C)OC([C@H](C)O[*])=O)=O,279,6.3407518803863505
Pair_326,OCC1OC(C(C(C1[*])O)O)OC2C(C(C(OC2CO)O[*])O)O,[*]C1C(OC(C(C1O)O)OC2C(OC(C(C2O)O)OC3C(OC(C(C3O)O)O[*])CO)CO)CO,280,5.757086325023606
Pair_327,OCC1OC(C(C(C1[*])O)O)OC2C(C(C(OC2CO)O[*])O)O,[*]C(CCCCCO[*])=O,281,5.853055595932444
Pair_328,OCC1OC(C(C(C1[*])O)O)OC2C(C(C(OC2CO)O[*])O)O,[*]NC(C(O)=O)CCC([*])=O,282,6.064985758592471
Pair_329,OCC1OC(C(C(C1[*])O)O)OC2C(C(C(OC2CO)O[*])O)O,[*]C(C)C(OCC(O[*])=O)=O,283,6.129441159706868
Pair_330,O=C(N([*])C([*])=O)CC=C,OCC1OC(C(C(C1[*])O)O)OC2C(C(C(OC2CO)O[*])O)O,284,5.575074182629896
Pair_331,OCC1OC(C(C(C1[*])O)O)OC2C(C(C(OC2CO)O[*])O)O,[*]C1=C(C=CN2)C2=C([*])C(O)=C1O,285,6.472264422714122
Pair_332,O=C(C(C[*])[*])N,OCC1OC(C(C(C1[*])O)O)OC2C(C(C(OC2CO)O[*])O)O,286,3.697865079698736
Pair_333,OCC1OC(C(C(C1O[*])O)NC(C)=O)OC2C(O)C(C(OC2CO)[*])NC(C)=O,OCC1OC(C(C(C1[*])O)O)OC2C(C(C(OC2CO)O[*])O)O,287,6.021778778006564
Pair_334,O=C(N)C([*])C[*],OCC1OC(C(C(C1[*])O)O)OC2C(C(C(OC2CO)O[*])O)O,288,3.697865079698736
Pair_335,OCC1OC(C(C(C1[*])O)O)OC2C(C(C(OC2CO)O[*])O)O,[*]CC(C1=CC=C(C=C1)S(O)(=O)=O)[*],289,5.987875429579615
Pair_336,OCC1OC(C(C(C1[*])O)O)OC2C(C(C(OC2CO)O[*])O)O,[*]NC(CCC([*])=O)C(O)=O,290,6.064985758592471
Pair_337,CC(NC1C(OC(C(C1OC2OC(C(C(C2OCC(COC(C(C)=C)=O)O)O)O[*])C([O-])=O)O)O)O[*])=O,OCC1OC(C(C(C1[*])O)O)OC2C(C(C(OC2CO)O[*])O)O,291,5.567318435315414
Pair_338,OCC1OC(C(C(C1[*])O)O)OC2C(C(C(OC2CO)O[*])O)O,[*]C(C)(C(OCCN(C)C)=O)C[*],292,5.481509140714032
Pair_339,OCC1OC(C(C(C1[*])O)O)OC2C(C(C(OC2CO)O[*])O)O,[*]OC1C(C(C(OC1C)OC2C(C(OC(C2O)COC(C)=O)OC3C(C(C(OC3C(O)=O)OC4C(C(C(OC4CO)O[*])O)O)O)O)OC(C(O)CO)=O)O)O,293,5.965385801695735
Pair_340,CC(NC1C([C@@H](C(O[C@H]1O[*])CO)O[C@@H]2OC([C@H]([C@@H](C2NC(C)=O)O)[*])CO)O)=O,OCC1OC(C(C(C1[*])O)O)OC2C(C(C(OC2CO)O[*])O)O,294,6.667932486664116
Pair_341,O=C([*])C(C)O[*],OCC1OC(C(C(C1[*])O)O)OC2C(C(C(OC2CO)O[*])O)O,295,6.431123004883497
Pair_342,COCC1OC(OC2C(CO)OC(O[*])C(OC)C2OC)C(OC)C(O)C1O[*],OCC1OC(C(C(C1[*])O)O)OC2C(C(C(OC2CO)O[*])O)O,296,6.004047910874221
Pair_343,OCC1OC(C(C(C1[*])O)O)OC2C(C(C(OC2CO)O[*])O)O,[H]N(C(O[*])=O)CCCCCCN(C(OCCCCO[*])=O)[H],297,5.886301149046466
Pair_344,COC(C(C[*])([*])C)=O,OCC1OC(C(C(C1[*])O)O)OC2C(C(C(OC2CO)O[*])O)O,298,6.19210718068928
Pair_345,OCC1OC(C(C(C1[*])O)O)OC2C(C(C(OC2CO)O[*])O)O,[*]OC1OC(CO)C(OC2C(O)C(O)C([*])C(CO)O2)C(O)C1O,299,6.160891758902794
Pair_346,OCC1OC(C(C(C1[*])O)O)OC2C(C(C(OC2CO)O[*])O)O,[*]CC(C)(C(OCCO)=O)[*],300,3.685469629700789
Pair_347,OCC1OC(C(C(C1[*])O)O)OC2C(C(C(OC2CO)O[*])O)O,[*]C(N(CN(C(OCOC(N(CN(C(OCCO[*])=O)[H])[H])=O)=O)[H])[H])=O,301,4.968963557830513
Pair_348,O=C([*])CCCCCO[*],OCC1OC(C(C(C1[*])O)O)OC2C(C(C(OC2CO)O[*])O)O,302,5.853055595932444
Pair_349,O=C(N1C(C([*])=O)CC(O)C1)CNC(C2CCCN2[*])=O,OCC1OC(C(C(C1[*])O)O)OC2C(C(C(OC2CO)O[*])O)O,303,5.612398661730648
Pair_350,O=C(C(OC(C=O)OC1C(C(C(OC1C(O[Na])=O)O[*])O)O)C(C=O)[*])O[Na],OCC1OC(C(C(C1[*])O)O)OC2C(C(C(OC2CO)O[*])O)O,304,5.7372346586997915
Pair_361,[*]C([C@H](C)OC([C@H](C)O[*])=O)=O,[*]C1C(OC(C(C1O)O)OC2C(OC(C(C2O)O)OC3C(OC(C(C3O)O)O[*])CO)CO)CO,305,6.06484568361752
Pair_362,[*]C(CCCCCO[*])=O,[*]C([C@H](C)OC([C@H](C)O[*])=O)=O,306,5.781820878110195
Pair_363,[*]C([C@H](C)OC([C@H](C)O[*])=O)=O,[*]NC(C(O)=O)CCC([*])=O,307,6.262857791595194
Pair_364,[*]C(C)C(OCC(O[*])=O)=O,[*]C([C@H](C)OC([C@H](C)O[*])=O)=O,308,6.102238357653807
Pair_365,O=C(N([*])C([*])=O)CC=C,[*]C([C@H](C)OC([C@H](C)O[*])=O)=O,309,5.58169762178637
Pair_366,[*]C([C@H](C)OC([C@H](C)O[*])=O)=O,[*]C1=C(C=CN2)C2=C([*])C(O)=C1O,310,6.246762058974622
Pair_367,O=C(C(C[*])[*])N,[*]C([C@H](C)OC([C@H](C)O[*])=O)=O,311,4.025912174564208
Pair_368,OCC1OC(C(C(C1O[*])O)NC(C)=O)OC2C(O)C(C(OC2CO)[*])NC(C)=O,[*]C([C@H](C)OC([C@H](C)O[*])=O)=O,312,5.921062845889315
Pair_369,O=C(N)C([*])C[*],[*]C([C@H](C)OC([C@H](C)O[*])=O)=O,313,4.025912174564208
Pair_370,[*]C([C@H](C)OC([C@H](C)O[*])=O)=O,[*]CC(C1=CC=C(C=C1)S(O)(=O)=O)[*],314,5.9567122455506
Pair_371,[*]C([C@H](C)OC([C@H](C)O[*])=O)=O,[*]NC(CCC([*])=O)C(O)=O,315,6.262857791595194
Pair_372,CC(NC1C(OC(C(C1OC2OC(C(C(C2OCC(COC(C(C)=C)=O)O)O)O[*])C([O-])=O)O)O)O[*])=O,[*]C([C@H](C)OC([C@H](C)O[*])=O)=O,316,5.574300789112201
Pair_373,[*]C(C)(C(OCCN(C)C)=O)C[*],[*]C([C@H](C)OC([C@H](C)O[*])=O)=O,317,5.491756628646279
Pair_374,[*]C([C@H](C)OC([C@H](C)O[*])=O)=O,[*]OC1C(C(C(OC1C)OC2C(C(OC(C2O)COC(C)=O)OC3C(C(C(OC3C(O)=O)OC4C(C(C(OC4CO)O[*])O)O)O)O)OC(C(O)CO)=O)O)O,318,5.944939645838116
Pair_375,CC(NC1C([C@@H](C(O[C@H]1O[*])CO)O[C@@H]2OC([C@H]([C@@H](C2NC(C)=O)O)[*])CO)O)=O,[*]C([C@H](C)OC([C@H](C)O[*])=O)=O,319,6.527993508304161
Pair_376,O=C([*])C(C)O[*],[*]C([C@H](C)OC([C@H](C)O[*])=O)=O,320,6.3789909093573405
Pair_377,COCC1OC(OC2C(CO)OC(O[*])C(OC)C2OC)C(OC)C(O)C1O[*],[*]C([C@H](C)OC([C@H](C)O[*])=O)=O,321,6.010257255629715
Pair_378,[*]C([C@H](C)OC([C@H](C)O[*])=O)=O,[H]N(C(O[*])=O)CCCCCCN(C(OCCCCO[*])=O)[H],322,5.947168098548665
Pair_379,COC(C(C[*])([*])C)=O,[*]C([C@H](C)OC([C@H](C)O[*])=O)=O,323,6.1831058880803065
Pair_380,[*]C([C@H](C)OC([C@H](C)O[*])=O)=O,[*]OC1OC(CO)C(OC2C(O)C(O)C([*])C(CO)O2)C(O)C1O,324,6.3407518803863505
Pair_381,[*]C([C@H](C)OC([C@H](C)O[*])=O)=O,[*]CC(C)(C(OCCO)=O)[*],325,3.778402298822914
Pair_382,[*]C(N(CN(C(OCOC(N(CN(C(OCCO[*])=O)[H])[H])=O)=O)[H])[H])=O,[*]C([C@H](C)OC([C@H](C)O[*])=O)=O,326,5.373493957935518
Pair_383,O=C([*])CCCCCO[*],[*]C([C@H](C)OC([C@H](C)O[*])=O)=O,327,5.781820878110195
Pair_384,O=C(N1C(C([*])=O)CC(O)C1)CNC(C2CCCN2[*])=O,[*]C([C@H](C)OC([C@H](C)O[*])=O)=O,328,5.556556807778029
Pair_385,O=C(C(OC(C=O)OC1C(C(C(OC1C(O[Na])=O)O[*])O)O)C(C=O)[*])O[Na],[*]C([C@H](C)OC([C@H](C)O[*])=O)=O,329,5.726119733166864
Pair_397,[*]C(CCCCCO[*])=O,[*]C1C(OC(C(C1O)O)OC2C(OC(C(C2O)O)OC3C(OC(C(C3O)O)O[*])CO)CO)CO,330,5.672381079382311
Pair_398,[*]C1C(OC(C(C1O)O)OC2C(OC(C(C2O)O)OC3C(OC(C(C3O)O)O[*])CO)CO)CO,[*]NC(C(O)=O)CCC([*])=O,331,5.835200846218202
Pair_399,[*]C(C)C(OCC(O[*])=O)=O,[*]C1C(OC(C(C1O)O)OC2C(OC(C(C2O)O)OC3C(OC(C(C3O)O)O[*])CO)CO)CO,332,5.923216400402563
Pair_400,O=C(N([*])C([*])=O)CC=C,[*]C1C(OC(C(C1O)O)OC2C(OC(C(C2O)O)OC3C(OC(C(C3O)O)O[*])CO)CO)CO,333,5.585675026229226
Pair_401,[*]C1=C(C=CN2)C2=C([*])C(O)=C1O,[*]C1C(OC(C(C1O)O)OC2C(OC(C(C2O)O)OC3C(OC(C(C3O)O)O[*])CO)CO)CO,334,6.330804387151493
Pair_402,O=C(C(C[*])[*])N,[*]C1C(OC(C(C1O)O)OC2C(OC(C(C2O)O)OC3C(OC(C(C3O)O)O[*])CO)CO)CO,335,3.7212236410762154
Pair_403,OCC1OC(C(C(C1O[*])O)NC(C)=O)OC2C(O)C(C(OC2CO)[*])NC(C)=O,[*]C1C(OC(C(C1O)O)OC2C(OC(C(C2O)O)OC3C(OC(C(C3O)O)O[*])CO)CO)CO,336,5.9011709289217595
Pair_404,O=C(N)C([*])C[*],[*]C1C(OC(C(C1O)O)OC2C(OC(C(C2O)O)OC3C(OC(C(C3O)O)O[*])CO)CO)CO,337,3.7212236410762154
Pair_405,[*]C1C(OC(C(C1O)O)OC2C(OC(C(C2O)O)OC3C(OC(C(C3O)O)O[*])CO)CO)CO,[*]CC(C1=CC=C(C=C1)S(O)(=O)=O)[*],338,5.802411806327892
Pair_406,[*]C1C(OC(C(C1O)O)OC2C(OC(C(C2O)O)OC3C(OC(C(C3O)O)O[*])CO)CO)CO,[*]NC(CCC([*])=O)C(O)=O,339,5.835200846218202
Pair_407,CC(NC1C(OC(C(C1OC2OC(C(C(C2OCC(COC(C(C)=C)=O)O)O)O[*])C([O-])=O)O)O)O[*])=O,[*]C1C(OC(C(C1O)O)OC2C(OC(C(C2O)O)OC3C(OC(C(C3O)O)O[*])CO)CO)CO,340,5.58285789730376
Pair_408,[*]C(C)(C(OCCN(C)C)=O)C[*],[*]C1C(OC(C(C1O)O)OC2C(OC(C(C2O)O)OC3C(OC(C(C3O)O)O[*])CO)CO)CO,341,5.45888320768509
Pair_409,[*]C1C(OC(C(C1O)O)OC2C(OC(C(C2O)O)OC3C(OC(C(C3O)O)O[*])CO)CO)CO,[*]OC1C(C(C(OC1C)OC2C(C(OC(C2O)COC(C)=O)OC3C(C(C(OC3C(O)=O)OC4C(C(C(OC4CO)O[*])O)O)O)O)OC(C(O)CO)=O)O)O,342,5.9272838457473975
Pair_410,CC(NC1C([C@@H](C(O[C@H]1O[*])CO)O[C@@H]2OC([C@H]([C@@H](C2NC(C)=O)O)[*])CO)O)=O,[*]C1C(OC(C(C1O)O)OC2C(OC(C(C2O)O)OC3C(OC(C(C3O)O)O[*])CO)CO)CO,343,6.448841717175635
Pair_411,O=C([*])C(C)O[*],[*]C1C(OC(C(C1O)O)OC2C(OC(C(C2O)O)OC3C(OC(C(C3O)O)O[*])CO)CO)CO,344,6.123322009833315
Pair_412,COCC1OC(OC2C(CO)OC(O[*])C(OC)C2OC)C(OC)C(O)C1O[*],[*]C1C(OC(C(C1O)O)OC2C(OC(C(C2O)O)OC3C(OC(C(C3O)O)O[*])CO)CO)CO,345,5.857866782376943
Pair_413,[*]C1C(OC(C(C1O)O)OC2C(OC(C(C2O)O)OC3C(OC(C(C3O)O)O[*])CO)CO)CO,[H]N(C(O[*])=O)CCCCCCN(C(OCCCCO[*])=O)[H],346,5.69329221953982
Pair_414,COC(C(C[*])([*])C)=O,[*]C1C(OC(C(C1O)O)OC2C(OC(C(C2O)O)OC3C(OC(C(C3O)O)O[*])CO)CO)CO,347,5.937697397423676
Pair_415,[*]C1C(OC(C(C1O)O)OC2C(OC(C(C2O)O)OC3C(OC(C(C3O)O)O[*])CO)CO)CO,[*]OC1OC(CO)C(OC2C(O)C(O)C([*])C(CO)O2)C(O)C1O,348,5.757086325023606
Pair_416,[*]C1C(OC(C(C1O)O)OC2C(OC(C(C2O)O)OC3C(OC(C(C3O)O)O[*])CO)CO)CO,[*]CC(C)(C(OCCO)=O)[*],349,3.7732654772293577
Pair_417,[*]C(N(CN(C(OCOC(N(CN(C(OCCO[*])=O)[H])[H])=O)=O)[H])[H])=O,[*]C1C(OC(C(C1O)O)OC2C(OC(C(C2O)O)OC3C(OC(C(C3O)O)O[*])CO)CO)CO,350,4.925479516423847
Pair_418,O=C([*])CCCCCO[*],[*]C1C(OC(C(C1O)O)OC2C(OC(C(C2O)O)OC3C(OC(C(C3O)O)O[*])CO)CO)CO,351,5.672381079382311
Pair_419,O=C(N1C(C([*])=O)CC(O)C1)CNC(C2CCCN2[*])=O,[*]C1C(OC(C(C1O)O)OC2C(OC(C(C2O)O)OC3C(OC(C(C3O)O)O[*])CO)CO)CO,352,5.631918363673931
Pair_420,O=C(C(OC(C=O)OC1C(C(C(OC1C(O[Na])=O)O[*])O)O)C(C=O)[*])O[Na],[*]C1C(OC(C(C1O)O)OC2C(OC(C(C2O)O)OC3C(OC(C(C3O)O)O[*])CO)CO)CO,353,5.710111838756897
Pair_433,[*]C(CCCCCO[*])=O,[*]NC(C(O)=O)CCC([*])=O,354,5.562560141734719
Pair_434,[*]C(C)C(OCC(O[*])=O)=O,[*]C(CCCCCO[*])=O,355,5.6217983068408905
Pair_435,O=C(N([*])C([*])=O)CC=C,[*]C(CCCCCO[*])=O,356,5.549744175889179
Pair_436,[*]C(CCCCCO[*])=O,[*]C1=C(C=CN2)C2=C([*])C(O)=C1O,357,5.844390232723806
Pair_437,O=C(C(C[*])[*])N,[*]C(CCCCCO[*])=O,358,2.98583670382855
Pair_438,OCC1OC(C(C(C1O[*])O)NC(C)=O)OC2C(O)C(C(OC2CO)[*])NC(C)=O,[*]C(CCCCCO[*])=O,359,5.65807775399393
Pair_439,O=C(N)C([*])C[*],[*]C(CCCCCO[*])=O,360,2.98583670382855
Pair_440,[*]C(CCCCCO[*])=O,[*]CC(C1=CC=C(C=C1)S(O)(=O)=O)[*],361,5.344325307339798
Pair_441,[*]C(CCCCCO[*])=O,[*]NC(CCC([*])=O)C(O)=O,362,5.562560141734719
Pair_442,CC(NC1C(OC(C(C1OC2OC(C(C(C2OCC(COC(C(C)=C)=O)O)O)O[*])C([O-])=O)O)O)O[*])=O,[*]C(CCCCCO[*])=O,363,5.556993455930786
Pair_443,[*]C(C)(C(OCCN(C)C)=O)C[*],[*]C(CCCCCO[*])=O,364,5.307706811254378
Pair_444,[*]C(CCCCCO[*])=O,[*]OC1C(C(C(OC1C)OC2C(C(OC(C2O)COC(C)=O)OC3C(C(C(OC3C(O)=O)OC4C(C(C(OC4CO)O[*])O)O)O)O)OC(C(O)CO)=O)O)O,365,5.987567210914646
Pair_445,CC(NC1C([C@@H](C(O[C@H]1O[*])CO)O[C@@H]2OC([C@H]([C@@H](C2NC(C)=O)O)[*])CO)O)=O,[*]C(CCCCCO[*])=O,366,6.288803630614438
Pair_446,O=C([*])C(C)O[*],[*]C(CCCCCO[*])=O,367,5.7742460462490435
Pair_447,COCC1OC(OC2C(CO)OC(O[*])C(OC)C2OC)C(OC)C(O)C1O[*],[*]C(CCCCCO[*])=O,368,5.850005911552254
Pair_448,[*]C(CCCCCO[*])=O,[H]N(C(O[*])=O)CCCCCCN(C(OCCCCO[*])=O)[H],369,4.883597797850467
Pair_449,COC(C(C[*])([*])C)=O,[*]C(CCCCCO[*])=O,370,5.61110736531991
Pair_450,[*]C(CCCCCO[*])=O,[*]OC1OC(CO)C(OC2C(O)C(O)C([*])C(CO)O2)C(O)C1O,371,5.853055595932444
Pair_451,[*]C(CCCCCO[*])=O,[*]CC(C)(C(OCCO)=O)[*],372,3.2020255105933733
Pair_452,[*]C(CCCCCO[*])=O,[*]C(N(CN(C(OCOC(N(CN(C(OCCO[*])=O)[H])[H])=O)=O)[H])[H])=O,373,4.348855168602359
Pair_453,O=C([*])CCCCCO[*],[*]C(CCCCCO[*])=O,374,4.9855887076686205
Pair_454,O=C(N1C(C([*])=O)CC(O)C1)CNC(C2CCCN2[*])=O,[*]C(CCCCCO[*])=O,375,4.637427396126463
Pair_455,O=C(C(OC(C=O)OC1C(C(C(OC1C(O[Na])=O)O[*])O)O)C(C=O)[*])O[Na],[*]C(CCCCCO[*])=O,376,5.632115771917018
Pair_469,[*]C(C)C(OCC(O[*])=O)=O,[*]NC(C(O)=O)CCC([*])=O,377,5.929650096476627
Pair_470,O=C(N([*])C([*])=O)CC=C,[*]NC(C(O)=O)CCC([*])=O,378,5.575265002124997
Pair_471,[*]C1=C(C=CN2)C2=C([*])C(O)=C1O,[*]NC(C(O)=O)CCC([*])=O,379,6.007159451744498
Pair_472,O=C(C(C[*])[*])N,[*]NC(C(O)=O)CCC([*])=O,380,3.9021942071951226
Pair_473,OCC1OC(C(C(C1O[*])O)NC(C)=O)OC2C(O)C(C(OC2CO)[*])NC(C)=O,[*]NC(C(O)=O)CCC([*])=O,381,5.80847642585233
Pair_474,O=C(N)C([*])C[*],[*]NC(C(O)=O)CCC([*])=O,382,3.9021942071951226
Pair_475,[*]CC(C1=CC=C(C=C1)S(O)(=O)=O)[*],[*]NC(C(O)=O)CCC([*])=O,383,5.736342076386313
Pair_476,[*]NC(C(O)=O)CCC([*])=O,[*]NC(CCC([*])=O)C(O)=O,384,5.967155656918981
Pair_477,CC(NC1C(OC(C(C1OC2OC(C(C(C2OCC(COC(C(C)=C)=O)O)O)O[*])C([O-])=O)O)O)O[*])=O,[*]NC(C(O)=O)CCC([*])=O,385,5.573104781352847
Pair_478,[*]C(C)(C(OCCN(C)C)=O)C[*],[*]NC(C(O)=O)CCC([*])=O,386,5.470524975376656
Pair_479,[*]NC(C(O)=O)CCC([*])=O,[*]OC1C(C(C(OC1C)OC2C(C(OC(C2O)COC(C)=O)OC3C(C(C(OC3C(O)=O)OC4C(C(C(OC4CO)O[*])O)O)O)O)OC(C(O)CO)=O)O)O,387,6.108552620834883
Pair_480,CC(NC1C([C@@H](C(O[C@H]1O[*])CO)O[C@@H]2OC([C@H]([C@@H](C2NC(C)=O)O)[*])CO)O)=O,[*]NC(C(O)=O)CCC([*])=O,388,6.31687231146748
Pair_481,O=C([*])C(C)O[*],[*]NC(C(O)=O)CCC([*])=O,389,6.174733015788356
Pair_482,COCC1OC(OC2C(CO)OC(O[*])C(OC)C2OC)C(OC)C(O)C1O[*],[*]NC(C(O)=O)CCC([*])=O,390,5.913102479222803
Pair_483,[*]NC(C(O)=O)CCC([*])=O,[H]N(C(O[*])=O)CCCCCCN(C(OCCCCO[*])=O)[H],391,5.517882230058345
Pair_484,COC(C(C[*])([*])C)=O,[*]NC(C(O)=O)CCC([*])=O,392,5.9422751783409415
Pair_485,[*]NC(C(O)=O)CCC([*])=O,[*]OC1OC(CO)C(OC2C(O)C(O)C([*])C(CO)O2)C(O)C1O,393,6.064985758592471
Pair_486,[*]CC(C)(C(OCCO)=O)[*],[*]NC(C(O)=O)CCC([*])=O,394,3.9514049126146413
Pair_487,[*]C(N(CN(C(OCOC(N(CN(C(OCCO[*])=O)[H])[H])=O)=O)[H])[H])=O,[*]NC(C(O)=O)CCC([*])=O,395,4.9595915506568184
Pair_488,O=C([*])CCCCCO[*],[*]NC(C(O)=O)CCC([*])=O,396,5.562560141734719
Pair_489,O=C(N1C(C([*])=O)CC(O)C1)CNC(C2CCCN2[*])=O,[*]NC(C(O)=O)CCC([*])=O,397,5.571646783767954
Pair_490,O=C(C(OC(C=O)OC1C(C(C(OC1C(O[Na])=O)O[*])O)O)C(C=O)[*])O[Na],[*]NC(C(O)=O)CCC([*])=O,398,5.69524411602091
Pair_505,O=C(N([*])C([*])=O)CC=C,[*]C(C)C(OCC(O[*])=O)=O,399,5.588206103746174
Pair_506,[*]C(C)C(OCC(O[*])=O)=O,[*]C1=C(C=CN2)C2=C([*])C(O)=C1O,400,6.01290241747108
Pair_507,O=C(C(C[*])[*])N,[*]C(C)C(OCC(O[*])=O)=O,401,4.198975547083586
Pair_508,OCC1OC(C(C(C1O[*])O)NC(C)=O)OC2C(O)C(C(OC2CO)[*])NC(C)=O,[*]C(C)C(OCC(O[*])=O)=O,402,5.779394320227139
Pair_509,O=C(N)C([*])C[*],[*]C(C)C(OCC(O[*])=O)=O,403,4.198975547083586
Pair_510,[*]C(C)C(OCC(O[*])=O)=O,[*]CC(C1=CC=C(C=C1)S(O)(=O)=O)[*],404,5.777718491297173
Pair_511,[*]C(C)C(OCC(O[*])=O)=O,[*]NC(CCC([*])=O)C(O)=O,405,5.929650096476627
Pair_512,CC(NC1C(OC(C(C1OC2OC(C(C(C2OCC(COC(C(C)=C)=O)O)O)O[*])C([O-])=O)O)O)O[*])=O,[*]C(C)C(OCC(O[*])=O)=O,406,5.585348120365702
Pair_513,[*]C(C)(C(OCCN(C)C)=O)C[*],[*]C(C)C(OCC(O[*])=O)=O,407,5.513316936737133
Pair_514,[*]C(C)C(OCC(O[*])=O)=O,[*]OC1C(C(C(OC1C)OC2C(C(OC(C2O)COC(C)=O)OC3C(C(C(OC3C(O)=O)OC4C(C(C(OC4CO)O[*])O)O)O)O)OC(C(O)CO)=O)O)O,408,5.895393493945291
Pair_515,CC(NC1C([C@@H](C(O[C@H]1O[*])CO)O[C@@H]2OC([C@H]([C@@H](C2NC(C)=O)O)[*])CO)O)=O,[*]C(C)C(OCC(O[*])=O)=O,409,6.263828335911431
Pair_516,O=C([*])C(C)O[*],[*]C(C)C(OCC(O[*])=O)=O,410,6.1612968687768355
Pair_517,COCC1OC(OC2C(CO)OC(O[*])C(OC)C2OC)C(OC)C(O)C1O[*],[*]C(C)C(OCC(O[*])=O)=O,411,5.896207715713798
Pair_518,[*]C(C)C(OCC(O[*])=O)=O,[H]N(C(O[*])=O)CCCCCCN(C(OCCCCO[*])=O)[H],412,5.453975581828214
Pair_519,COC(C(C[*])([*])C)=O,[*]C(C)C(OCC(O[*])=O)=O,413,5.995981516599092
Pair_520,[*]C(C)C(OCC(O[*])=O)=O,[*]OC1OC(CO)C(OC2C(O)C(O)C([*])C(CO)O2)C(O)C1O,414,6.129441159706868
Pair_521,[*]C(C)C(OCC(O[*])=O)=O,[*]CC(C)(C(OCCO)=O)[*],415,4.221086551232197
Pair_522,[*]C(C)C(OCC(O[*])=O)=O,[*]C(N(CN(C(OCOC(N(CN(C(OCCO[*])=O)[H])[H])=O)=O)[H])[H])=O,416,5.056813727915803
Pair_523,O=C([*])CCCCCO[*],[*]C(C)C(OCC(O[*])=O)=O,417,5.6217983068408905
Pair_524,O=C(N1C(C([*])=O)CC(O)C1)CNC(C2CCCN2[*])=O,[*]C(C)C(OCC(O[*])=O)=O,418,4.978038364761141
Pair_525,O=C(C(OC(C=O)OC1C(C(C(OC1C(O[Na])=O)O[*])O)O)C(C=O)[*])O[Na],[*]C(C)C(OCC(O[*])=O)=O,419,5.696722590520431
Pair_541,O=C(N([*])C([*])=O)CC=C,[*]C1=C(C=CN2)C2=C([*])C(O)=C1O,420,5.636287441426521
Pair_542,O=C(C(C[*])[*])N,O=C(N([*])C([*])=O)CC=C,421,5.5139770908063515
Pair_543,O=C(N([*])C([*])=O)CC=C,OCC1OC(C(C(C1O[*])O)NC(C)=O)OC2C(O)C(C(OC2CO)[*])NC(C)=O,422,5.62604278169133
Pair_544,O=C(N([*])C([*])=O)CC=C,O=C(N)C([*])C[*],423,5.5139770908063515
Pair_545,O=C(N([*])C([*])=O)CC=C,[*]CC(C1=CC=C(C=C1)S(O)(=O)=O)[*],424,5.574163025880342
Pair_546,O=C(N([*])C([*])=O)CC=C,[*]NC(CCC([*])=O)C(O)=O,425,5.575265002124997
Pair_547,CC(NC1C(OC(C(C1OC2OC(C(C(C2OCC(COC(C(C)=C)=O)O)O)O[*])C([O-])=O)O)O)O[*])=O,O=C(N([*])C([*])=O)CC=C,426,5.686831137001995
Pair_548,O=C(N([*])C([*])=O)CC=C,[*]C(C)(C(OCCN(C)C)=O)C[*],427,5.652103739414383
Pair_549,O=C(N([*])C([*])=O)CC=C,[*]OC1C(C(C(OC1C)OC2C(C(OC(C2O)COC(C)=O)OC3C(C(C(OC3C(O)=O)OC4C(C(C(OC4CO)O[*])O)O)O)O)OC(C(O)CO)=O)O)O,428,5.696542264798057
Pair_550,CC(NC1C([C@@H](C(O[C@H]1O[*])CO)O[C@@H]2OC([C@H]([C@@H](C2NC(C)=O)O)[*])CO)O)=O,O=C(N([*])C([*])=O)CC=C,429,5.630385211529828
Pair_551,O=C(N([*])C([*])=O)CC=C,O=C([*])C(C)O[*],430,5.564551029783669
Pair_552,COCC1OC(OC2C(CO)OC(O[*])C(OC)C2OC)C(OC)C(O)C1O[*],O=C(N([*])C([*])=O)CC=C,431,5.656526454351944
Pair_553,O=C(N([*])C([*])=O)CC=C,[H]N(C(O[*])=O)CCCCCCN(C(OCCCCO[*])=O)[H],432,5.571428620721939
Pair_554,COC(C(C[*])([*])C)=O,O=C(N([*])C([*])=O)CC=C,433,5.5784951058076215
Pair_555,O=C(N([*])C([*])=O)CC=C,[*]OC1OC(CO)C(OC2C(O)C(O)C([*])C(CO)O2)C(O)C1O,434,5.575074182629896
Pair_556,O=C(N([*])C([*])=O)CC=C,[*]CC(C)(C(OCCO)=O)[*],435,5.551520845948335
Pair_557,O=C(N([*])C([*])=O)CC=C,[*]C(N(CN(C(OCOC(N(CN(C(OCCO[*])=O)[H])[H])=O)=O)[H])[H])=O,436,5.57367053331511
Pair_558,O=C(N([*])C([*])=O)CC=C,O=C([*])CCCCCO[*],437,5.549744175889179
Pair_559,O=C(N([*])C([*])=O)CC=C,O=C(N1C(C([*])=O)CC(O)C1)CNC(C2CCCN2[*])=O,438,5.531878863717527
Pair_560,O=C(C(OC(C=O)OC1C(C(C(OC1C(O[Na])=O)O[*])O)O)C(C=O)[*])O[Na],O=C(N([*])C([*])=O)CC=C,439,5.669810829428733
Pair_577,O=C(C(C[*])[*])N,[*]C1=C(C=CN2)C2=C([*])C(O)=C1O,440,4.511277967590057
Pair_578,OCC1OC(C(C(C1O[*])O)NC(C)=O)OC2C(O)C(C(OC2CO)[*])NC(C)=O,[*]C1=C(C=CN2)C2=C([*])C(O)=C1O,441,5.830631269848123
Pair_579,O=C(N)C([*])C[*],[*]C1=C(C=CN2)C2=C([*])C(O)=C1O,442,4.511277967590057
Pair_580,[*]C1=C(C=CN2)C2=C([*])C(O)=C1O,[*]CC(C1=CC=C(C=C1)S(O)(=O)=O)[*],443,5.867668219973994
Pair_581,[*]C1=C(C=CN2)C2=C([*])C(O)=C1O,[*]NC(CCC([*])=O)C(O)=O,444,6.007159451744498
Pair_582,CC(NC1C(OC(C(C1OC2OC(C(C(C2OCC(COC(C(C)=C)=O)O)O)O[*])C([O-])=O)O)O)O[*])=O,[*]C1=C(C=CN2)C2=C([*])C(O)=C1O,445,5.626310686876515
Pair_583,[*]C(C)(C(OCCN(C)C)=O)C[*],[*]C1=C(C=CN2)C2=C([*])C(O)=C1O,446,5.625672103978835
Pair_584,[*]C1=C(C=CN2)C2=C([*])C(O)=C1O,[*]OC1C(C(C(OC1C)OC2C(C(OC(C2O)COC(C)=O)OC3C(C(C(OC3C(O)=O)OC4C(C(C(OC4CO)O[*])O)O)O)O)OC(C(O)CO)=O)O)O,447,5.837726832787088
Pair_585,CC(NC1C([C@@H](C(O[C@H]1O[*])CO)O[C@@H]2OC([C@H]([C@@H](C2NC(C)=O)O)[*])CO)O)=O,[*]C1=C(C=CN2)C2=C([*])C(O)=C1O,448,6.233119625702277
Pair_586,O=C([*])C(C)O[*],[*]C1=C(C=CN2)C2=C([*])C(O)=C1O,449,6.302209407828469
Pair_587,COCC1OC(OC2C(CO)OC(O[*])C(OC)C2OC)C(OC)C(O)C1O[*],[*]C1=C(C=CN2)C2=C([*])C(O)=C1O,450,5.931737887288191
Pair_588,[*]C1=C(C=CN2)C2=C([*])C(O)=C1O,[H]N(C(O[*])=O)CCCCCCN(C(OCCCCO[*])=O)[H],451,5.805805957393616
Pair_589,COC(C(C[*])([*])C)=O,[*]C1=C(C=CN2)C2=C([*])C(O)=C1O,452,6.13279514724285
Pair_590,[*]C1=C(C=CN2)C2=C([*])C(O)=C1O,[*]OC1OC(CO)C(OC2C(O)C(O)C([*])C(CO)O2)C(O)C1O,453,6.472264422714122
Pair_591,[*]C1=C(C=CN2)C2=C([*])C(O)=C1O,[*]CC(C)(C(OCCO)=O)[*],454,4.807241280670598
Pair_592,[*]C(N(CN(C(OCOC(N(CN(C(OCCO[*])=O)[H])[H])=O)=O)[H])[H])=O,[*]C1=C(C=CN2)C2=C([*])C(O)=C1O,455,5.4152685352272325
Pair_593,O=C([*])CCCCCO[*],[*]C1=C(C=CN2)C2=C([*])C(O)=C1O,456,5.844390232723806
Pair_594,O=C(N1C(C([*])=O)CC(O)C1)CNC(C2CCCN2[*])=O,[*]C1=C(C=CN2)C2=C([*])C(O)=C1O,457,5.545936606607503
Pair_595,O=C(C(OC(C=O)OC1C(C(C(OC1C(O[Na])=O)O[*])O)O)C(C=O)[*])O[Na],[*]C1=C(C=CN2)C2=C([*])C(O)=C1O,458,5.7390611456471525
Pair_613,O=C(C(C[*])[*])N,OCC1OC(C(C(C1O[*])O)NC(C)=O)OC2C(O)C(C(OC2CO)[*])NC(C)=O,459,4.707073194767018
Pair_614,O=C(C(C[*])[*])N,O=C(N)C([*])C[*],460,1.6126815812856252
Pair_615,O=C(C(C[*])[*])N,[*]CC(C1=CC=C(C=C1)S(O)(=O)=O)[*],461,3.697525354229942
Pair_616,O=C(C(C[*])[*])N,[*]NC(CCC([*])=O)C(O)=O,462,3.9021942071951226
Pair_617,CC(NC1C(OC(C(C1OC2OC(C(C(C2OCC(COC(C(C)=C)=O)O)O)O[*])C([O-])=O)O)O)O[*])=O,O=C(C(C[*])[*])N,463,5.564270315505131
Pair_618,O=C(C(C[*])[*])N,[*]C(C)(C(OCCN(C)C)=O)C[*],464,4.853816819888813
Pair_619,O=C(C(C[*])[*])N,[*]OC1C(C(C(OC1C)OC2C(C(OC(C2O)COC(C)=O)OC3C(C(C(OC3C(O)=O)OC4C(C(C(OC4CO)O[*])O)O)O)O)OC(C(O)CO)=O)O)O,465,5.970748479531579
Pair_620,CC(NC1C([C@@H](C(O[C@H]1O[*])CO)O[C@@H]2OC([C@H]([C@@H](C2NC(C)=O)O)[*])CO)O)=O,O=C(C(C[*])[*])N,466,5.213501509191929
Pair_621,O=C(C(C[*])[*])N,O=C([*])C(C)O[*],467,3.6211416719264506
Pair_622,COCC1OC(OC2C(CO)OC(O[*])C(OC)C2OC)C(OC)C(O)C1O[*],O=C(C(C[*])[*])N,468,5.277503418115288
Pair_623,O=C(C(C[*])[*])N,[H]N(C(O[*])=O)CCCCCCN(C(OCCCCO[*])=O)[H],469,3.5401456238578852
Pair_624,COC(C(C[*])([*])C)=O,O=C(C(C[*])[*])N,470,3.7291143225995578
Pair_625,O=C(C(C[*])[*])N,[*]OC1OC(CO)C(OC2C(O)C(O)C([*])C(CO)O2)C(O)C1O,471,3.697865079698736
Pair_626,O=C(C(C[*])[*])N,[*]CC(C)(C(OCCO)=O)[*],472,2.0226869816030133
Pair_627,O=C(C(C[*])[*])N,[*]C(N(CN(C(OCOC(N(CN(C(OCCO[*])=O)[H])[H])=O)=O)[H])[H])=O,473,3.145182111415094
Pair_628,O=C(C(C[*])[*])N,O=C([*])CCCCCO[*],474,2.98583670382855
Pair_629,O=C(C(C[*])[*])N,O=C(N1C(C([*])=O)CC(O)C1)CNC(C2CCCN2[*])=O,475,3.565356851842092
Pair_630,O=C(C(C[*])[*])N,O=C(C(OC(C=O)OC1C(C(C(OC1C(O[Na])=O)O[*])O)O)C(C=O)[*])O[Na],476,5.380360064989031
Pair_649,O=C(N)C([*])C[*],OCC1OC(C(C(C1O[*])O)NC(C)=O)OC2C(O)C(C(OC2CO)[*])NC(C)=O,477,4.707073194767018
Pair_650,OCC1OC(C(C(C1O[*])O)NC(C)=O)OC2C(O)C(C(OC2CO)[*])NC(C)=O,[*]CC(C1=CC=C(C=C1)S(O)(=O)=O)[*],478,5.723556002716035
Pair_651,OCC1OC(C(C(C1O[*])O)NC(C)=O)OC2C(O)C(C(OC2CO)[*])NC(C)=O,[*]NC(CCC([*])=O)C(O)=O,479,5.80847642585233
Pair_652,CC(NC1C(OC(C(C1OC2OC(C(C(C2OCC(COC(C(C)=C)=O)O)O)O[*])C([O-])=O)O)O)O[*])=O,OCC1OC(C(C(C1O[*])O)NC(C)=O)OC2C(O)C(C(OC2CO)[*])NC(C)=O,480,5.626020606911923
Pair_653,OCC1OC(C(C(C1O[*])O)NC(C)=O)OC2C(O)C(C(OC2CO)[*])NC(C)=O,[*]C(C)(C(OCCN(C)C)=O)C[*],481,5.571988810522884
Pair_654,OCC1OC(C(C(C1O[*])O)NC(C)=O)OC2C(O)C(C(OC2CO)[*])NC(C)=O,[*]OC1C(C(C(OC1C)OC2C(C(OC(C2O)COC(C)=O)OC3C(C(C(OC3C(O)=O)OC4C(C(C(OC4CO)O[*])O)O)O)O)OC(C(O)CO)=O)O)O,482,5.813508674461945
Pair_655,CC(NC1C([C@@H](C(O[C@H]1O[*])CO)O[C@@H]2OC([C@H]([C@@H](C2NC(C)=O)O)[*])CO)O)=O,OCC1OC(C(C(C1O[*])O)NC(C)=O)OC2C(O)C(C(OC2CO)[*])NC(C)=O,483,6.040670386253721
Pair_656,O=C([*])C(C)O[*],OCC1OC(C(C(C1O[*])O)NC(C)=O)OC2C(O)C(C(OC2CO)[*])NC(C)=O,484,5.960684083496205
Pair_657,COCC1OC(OC2C(CO)OC(O[*])C(OC)C2OC)C(OC)C(O)C1O[*],OCC1OC(C(C(C1O[*])O)NC(C)=O)OC2C(O)C(C(OC2CO)[*])NC(C)=O,485,5.827797049063774
Pair_658,OCC1OC(C(C(C1O[*])O)NC(C)=O)OC2C(O)C(C(OC2CO)[*])NC(C)=O,[H]N(C(O[*])=O)CCCCCCN(C(OCCCCO[*])=O)[H],486,5.610348479113794
Pair_659,COC(C(C[*])([*])C)=O,OCC1OC(C(C(C1O[*])O)NC(C)=O)OC2C(O)C(C(OC2CO)[*])NC(C)=O,487,5.895622776443051
Pair_660,OCC1OC(C(C(C1O[*])O)NC(C)=O)OC2C(O)C(C(OC2CO)[*])NC(C)=O,[*]OC1OC(CO)C(OC2C(O)C(O)C([*])C(CO)O2)C(O)C1O,488,6.021778778006564
Pair_661,OCC1OC(C(C(C1O[*])O)NC(C)=O)OC2C(O)C(C(OC2CO)[*])NC(C)=O,[*]CC(C)(C(OCCO)=O)[*],489,4.722333630964915
Pair_662,OCC1OC(C(C(C1O[*])O)NC(C)=O)OC2C(O)C(C(OC2CO)[*])NC(C)=O,[*]C(N(CN(C(OCOC(N(CN(C(OCCO[*])=O)[H])[H])=O)=O)[H])[H])=O,490,5.288007216595408
Pair_663,O=C([*])CCCCCO[*],OCC1OC(C(C(C1O[*])O)NC(C)=O)OC2C(O)C(C(OC2CO)[*])NC(C)=O,491,5.65807775399393
Pair_664,O=C(N1C(C([*])=O)CC(O)C1)CNC(C2CCCN2[*])=O,OCC1OC(C(C(C1O[*])O)NC(C)=O)OC2C(O)C(C(OC2CO)[*])NC(C)=O,492,5.374011180516928
Pair_665,O=C(C(OC(C=O)OC1C(C(C(OC1C(O[Na])=O)O[*])O)O)C(C=O)[*])O[Na],OCC1OC(C(C(C1O[*])O)NC(C)=O)OC2C(O)C(C(OC2CO)[*])NC(C)=O,493,5.6902257111705765
Pair_685,O=C(N)C([*])C[*],[*]CC(C1=CC=C(C=C1)S(O)(=O)=O)[*],494,3.697525354229942
Pair_686,O=C(N)C([*])C[*],[*]NC(CCC([*])=O)C(O)=O,495,3.9021942071951226
Pair_687,CC(NC1C(OC(C(C1OC2OC(C(C(C2OCC(COC(C(C)=C)=O)O)O)O[*])C([O-])=O)O)O)O[*])=O,O=C(N)C([*])C[*],496,5.564270315505131
Pair_688,O=C(N)C([*])C[*],[*]C(C)(C(OCCN(C)C)=O)C[*],497,4.853816819888813
Pair_689,O=C(N)C([*])C[*],[*]OC1C(C(C(OC1C)OC2C(C(OC(C2O)COC(C)=O)OC3C(C(C(OC3C(O)=O)OC4C(C(C(OC4CO)O[*])O)O)O)O)OC(C(O)CO)=O)O)O,498,5.970748479531579
Pair_690,CC(NC1C([C@@H](C(O[C@H]1O[*])CO)O[C@@H]2OC([C@H]([C@@H](C2NC(C)=O)O)[*])CO)O)=O,O=C(N)C([*])C[*],499,5.213501509191929
Pair_691,O=C(N)C([*])C[*],O=C([*])C(C)O[*],500,3.6211416719264506
Pair_692,COCC1OC(OC2C(CO)OC(O[*])C(OC)C2OC)C(OC)C(O)C1O[*],O=C(N)C([*])C[*],501,5.277503418115288
Pair_693,O=C(N)C([*])C[*],[H]N(C(O[*])=O)CCCCCCN(C(OCCCCO[*])=O)[H],502,3.5401456238578852
Pair_694,COC(C(C[*])([*])C)=O,O=C(N)C([*])C[*],503,3.7291143225995578
Pair_695,O=C(N)C([*])C[*],[*]OC1OC(CO)C(OC2C(O)C(O)C([*])C(CO)O2)C(O)C1O,504,3.697865079698736
Pair_696,O=C(N)C([*])C[*],[*]CC(C)(C(OCCO)=O)[*],505,2.0226869816030133
Pair_697,O=C(N)C([*])C[*],[*]C(N(CN(C(OCOC(N(CN(C(OCCO[*])=O)[H])[H])=O)=O)[H])[H])=O,506,3.145182111415094
Pair_698,O=C(N)C([*])C[*],O=C([*])CCCCCO[*],507,2.98583670382855
Pair_699,O=C(N)C([*])C[*],O=C(N1C(C([*])=O)CC(O)C1)CNC(C2CCCN2[*])=O,508,3.565356851842092
Pair_700,O=C(C(OC(C=O)OC1C(C(C(OC1C(O[Na])=O)O[*])O)O)C(C=O)[*])O[Na],O=C(N)C([*])C[*],509,5.380360064989031
Pair_721,[*]CC(C1=CC=C(C=C1)S(O)(=O)=O)[*],[*]NC(CCC([*])=O)C(O)=O,510,5.736342076386313
Pair_722,CC(NC1C(OC(C(C1OC2OC(C(C(C2OCC(COC(C(C)=C)=O)O)O)O[*])C([O-])=O)O)O)O[*])=O,[*]CC(C1=CC=C(C=C1)S(O)(=O)=O)[*],511,5.577273204616692
Pair_723,[*]C(C)(C(OCCN(C)C)=O)C[*],[*]CC(C1=CC=C(C=C1)S(O)(=O)=O)[*],512,5.425203600452477
Pair_724,[*]CC(C1=CC=C(C=C1)S(O)(=O)=O)[*],[*]OC1C(C(C(OC1C)OC2C(C(OC(C2O)COC(C)=O)OC3C(C(C(OC3C(O)=O)OC4C(C(C(OC4CO)O[*])O)O)O)O)OC(C(O)CO)=O)O)O,513,5.92750534194415
Pair_725,CC(NC1C([C@@H](C(O[C@H]1O[*])CO)O[C@@H]2OC([C@H]([C@@H](C2NC(C)=O)O)[*])CO)O)=O,[*]CC(C1=CC=C(C=C1)S(O)(=O)=O)[*],514,6.261072341618349
Pair_726,O=C([*])C(C)O[*],[*]CC(C1=CC=C(C=C1)S(O)(=O)=O)[*],515,5.942768500023807
Pair_727,COCC1OC(OC2C(CO)OC(O[*])C(OC)C2OC)C(OC)C(O)C1O[*],[*]CC(C1=CC=C(C=C1)S(O)(=O)=O)[*],516,5.866740193661491
Pair_728,[*]CC(C1=CC=C(C=C1)S(O)(=O)=O)[*],[H]N(C(O[*])=O)CCCCCCN(C(OCCCCO[*])=O)[H],517,5.4076587778237615
Pair_729,COC(C(C[*])([*])C)=O,[*]CC(C1=CC=C(C=C1)S(O)(=O)=O)[*],518,5.821872405066914
Pair_730,[*]CC(C1=CC=C(C=C1)S(O)(=O)=O)[*],[*]OC1OC(CO)C(OC2C(O)C(O)C([*])C(CO)O2)C(O)C1O,519,5.987875429579615
Pair_731,[*]CC(C)(C(OCCO)=O)[*],[*]CC(C1=CC=C(C=C1)S(O)(=O)=O)[*],520,3.8278184602854757
Pair_732,[*]C(N(CN(C(OCOC(N(CN(C(OCCO[*])=O)[H])[H])=O)=O)[H])[H])=O,[*]CC(C1=CC=C(C=C1)S(O)(=O)=O)[*],521,4.598157623102409
Pair_733,O=C([*])CCCCCO[*],[*]CC(C1=CC=C(C=C1)S(O)(=O)=O)[*],522,5.344325307339798
Pair_734,O=C(N1C(C([*])=O)CC(O)C1)CNC(C2CCCN2[*])=O,[*]CC(C1=CC=C(C=C1)S(O)(=O)=O)[*],523,5.020241566980873
Pair_735,O=C(C(OC(C=O)OC1C(C(C(OC1C(O[Na])=O)O[*])O)O)C(C=O)[*])O[Na],[*]CC(C1=CC=C(C=C1)S(O)(=O)=O)[*],524,5.666913216317594
Pair_757,CC(NC1C(OC(C(C1OC2OC(C(C(C2OCC(COC(C(C)=C)=O)O)O)O[*])C([O-])=O)O)O)O[*])=O,[*]NC(CCC([*])=O)C(O)=O,525,5.573104781352847
Pair_758,[*]C(C)(C(OCCN(C)C)=O)C[*],[*]NC(CCC([*])=O)C(O)=O,526,5.470524975376656
Pair_759,[*]NC(CCC([*])=O)C(O)=O,[*]OC1C(C(C(OC1C)OC2C(C(OC(C2O)COC(C)=O)OC3C(C(C(OC3C(O)=O)OC4C(C(C(OC4CO)O[*])O)O)O)O)OC(C(O)CO)=O)O)O,527,6.108552620834883
Pair_760,CC(NC1C([C@@H](C(O[C@H]1O[*])CO)O[C@@H]2OC([C@H]([C@@H](C2NC(C)=O)O)[*])CO)O)=O,[*]NC(CCC([*])=O)C(O)=O,528,6.31687231146748
Pair_761,O=C([*])C(C)O[*],[*]NC(CCC([*])=O)C(O)=O,529,6.174733015788356
Pair_762,COCC1OC(OC2C(CO)OC(O[*])C(OC)C2OC)C(OC)C(O)C1O[*],[*]NC(CCC([*])=O)C(O)=O,530,5.913102479222803
Pair_763,[*]NC(CCC([*])=O)C(O)=O,[H]N(C(O[*])=O)CCCCCCN(C(OCCCCO[*])=O)[H],531,5.517882230058345
Pair_764,COC(C(C[*])([*])C)=O,[*]NC(CCC([*])=O)C(O)=O,532,5.9422751783409415
Pair_765,[*]NC(CCC([*])=O)C(O)=O,[*]OC1OC(CO)C(OC2C(O)C(O)C([*])C(CO)O2)C(O)C1O,533,6.064985758592471
Pair_766,[*]CC(C)(C(OCCO)=O)[*],[*]NC(CCC([*])=O)C(O)=O,534,3.9514049126146413
Pair_767,[*]C(N(CN(C(OCOC(N(CN(C(OCCO[*])=O)[H])[H])=O)=O)[H])[H])=O,[*]NC(CCC([*])=O)C(O)=O,535,4.9595915506568184
Pair_768,O=C([*])CCCCCO[*],[*]NC(CCC([*])=O)C(O)=O,536,5.562560141734719
Pair_769,O=C(N1C(C([*])=O)CC(O)C1)CNC(C2CCCN2[*])=O,[*]NC(CCC([*])=O)C(O)=O,537,5.571646783767954
Pair_770,O=C(C(OC(C=O)OC1C(C(C(OC1C(O[Na])=O)O[*])O)O)C(C=O)[*])O[Na],[*]NC(CCC([*])=O)C(O)=O,538,5.69524411602091
Pair_793,CC(NC1C(OC(C(C1OC2OC(C(C(C2OCC(COC(C(C)=C)=O)O)O)O[*])C([O-])=O)O)O)O[*])=O,[*]C(C)(C(OCCN(C)C)=O)C[*],539,5.656483380327079
Pair_794,CC(NC1C(OC(C(C1OC2OC(C(C(C2OCC(COC(C(C)=C)=O)O)O)O[*])C([O-])=O)O)O)O[*])=O,[*]OC1C(C(C(OC1C)OC2C(C(OC(C2O)COC(C)=O)OC3C(C(C(OC3C(O)=O)OC4C(C(C(OC4CO)O[*])O)O)O)O)OC(C(O)CO)=O)O)O,540,5.69050618174377
Pair_795,CC(NC1C(OC(C(C1OC2OC(C(C(C2OCC(COC(C(C)=C)=O)O)O)O[*])C([O-])=O)O)O)O[*])=O,CC(NC1C([C@@H](C(O[C@H]1O[*])CO)O[C@@H]2OC([C@H]([C@@H](C2NC(C)=O)O)[*])CO)O)=O,541,5.616071529487801
Pair_796,CC(NC1C(OC(C(C1OC2OC(C(C(C2OCC(COC(C(C)=C)=O)O)O)O[*])C([O-])=O)O)O)O[*])=O,O=C([*])C(C)O[*],542,5.5574005071658785
Pair_797,CC(NC1C(OC(C(C1OC2OC(C(C(C2OCC(COC(C(C)=C)=O)O)O)O[*])C([O-])=O)O)O)O[*])=O,COCC1OC(OC2C(CO)OC(O[*])C(OC)C2OC)C(OC)C(O)C1O[*],543,5.652045936574592
Pair_798,CC(NC1C(OC(C(C1OC2OC(C(C(C2OCC(COC(C(C)=C)=O)O)O)O[*])C([O-])=O)O)O)O[*])=O,[H]N(C(O[*])=O)CCCCCCN(C(OCCCCO[*])=O)[H],544,5.578333209210372
Pair_799,CC(NC1C(OC(C(C1OC2OC(C(C(C2OCC(COC(C(C)=C)=O)O)O)O[*])C([O-])=O)O)O)O[*])=O,COC(C(C[*])([*])C)=O,545,5.5760646071394
Pair_800,CC(NC1C(OC(C(C1OC2OC(C(C(C2OCC(COC(C(C)=C)=O)O)O)O[*])C([O-])=O)O)O)O[*])=O,[*]OC1OC(CO)C(OC2C(O)C(O)C([*])C(CO)O2)C(O)C1O,546,5.567318435315414
Pair_801,CC(NC1C(OC(C(C1OC2OC(C(C(C2OCC(COC(C(C)=C)=O)O)O)O[*])C([O-])=O)O)O)O[*])=O,[*]CC(C)(C(OCCO)=O)[*],547,5.598912364534105
Pair_802,CC(NC1C(OC(C(C1OC2OC(C(C(C2OCC(COC(C(C)=C)=O)O)O)O[*])C([O-])=O)O)O)O[*])=O,[*]C(N(CN(C(OCOC(N(CN(C(OCCO[*])=O)[H])[H])=O)=O)[H])[H])=O,548,5.595198072213464
Pair_803,CC(NC1C(OC(C(C1OC2OC(C(C(C2OCC(COC(C(C)=C)=O)O)O)O[*])C([O-])=O)O)O)O[*])=O,O=C([*])CCCCCO[*],549,5.556993455930786
Pair_804,CC(NC1C(OC(C(C1OC2OC(C(C(C2OCC(COC(C(C)=C)=O)O)O)O[*])C([O-])=O)O)O)O[*])=O,O=C(N1C(C([*])=O)CC(O)C1)CNC(C2CCCN2[*])=O,550,5.5488872376790805
Pair_805,CC(NC1C(OC(C(C1OC2OC(C(C(C2OCC(COC(C(C)=C)=O)O)O)O[*])C([O-])=O)O)O)O[*])=O,O=C(C(OC(C=O)OC1C(C(C(OC1C(O[Na])=O)O[*])O)O)C(C=O)[*])O[Na],551,5.670257430096107
Pair_829,[*]C(C)(C(OCCN(C)C)=O)C[*],[*]OC1C(C(C(OC1C)OC2C(C(OC(C2O)COC(C)=O)OC3C(C(C(OC3C(O)=O)OC4C(C(C(OC4CO)O[*])O)O)O)O)OC(C(O)CO)=O)O)O,552,5.756979664671968
Pair_830,CC(NC1C([C@@H](C(O[C@H]1O[*])CO)O[C@@H]2OC([C@H]([C@@H](C2NC(C)=O)O)[*])CO)O)=O,[*]C(C)(C(OCCN(C)C)=O)C[*],553,5.706601337877638
Pair_831,O=C([*])C(C)O[*],[*]C(C)(C(OCCN(C)C)=O)C[*],554,5.4672306588666055
Pair_832,COCC1OC(OC2C(CO)OC(O[*])C(OC)C2OC)C(OC)C(O)C1O[*],[*]C(C)(C(OCCN(C)C)=O)C[*],555,5.664925265840655
Pair_833,[*]C(C)(C(OCCN(C)C)=O)C[*],[H]N(C(O[*])=O)CCCCCCN(C(OCCCCO[*])=O)[H],556,5.344232161999578
Pair_834,COC(C(C[*])([*])C)=O,[*]C(C)(C(OCCN(C)C)=O)C[*],557,5.425831808251011
Pair_835,[*]C(C)(C(OCCN(C)C)=O)C[*],[*]OC1OC(CO)C(OC2C(O)C(O)C([*])C(CO)O2)C(O)C1O,558,5.481509140714032
Pair_836,[*]C(C)(C(OCCN(C)C)=O)C[*],[*]CC(C)(C(OCCO)=O)[*],559,4.927287775793753
Pair_837,[*]C(C)(C(OCCN(C)C)=O)C[*],[*]C(N(CN(C(OCOC(N(CN(C(OCCO[*])=O)[H])[H])=O)=O)[H])[H])=O,560,5.29023755509596
Pair_838,O=C([*])CCCCCO[*],[*]C(C)(C(OCCN(C)C)=O)C[*],561,5.307706811254378
Pair_839,O=C(N1C(C([*])=O)CC(O)C1)CNC(C2CCCN2[*])=O,[*]C(C)(C(OCCN(C)C)=O)C[*],562,5.342655640145981
Pair_840,O=C(C(OC(C=O)OC1C(C(C(OC1C(O[Na])=O)O[*])O)O)C(C=O)[*])O[Na],[*]C(C)(C(OCCN(C)C)=O)C[*],563,5.651297065108128
Pair_865,CC(NC1C([C@@H](C(O[C@H]1O[*])CO)O[C@@H]2OC([C@H]([C@@H](C2NC(C)=O)O)[*])CO)O)=O,[*]OC1C(C(C(OC1C)OC2C(C(OC(C2O)COC(C)=O)OC3C(C(C(OC3C(O)=O)OC4C(C(C(OC4CO)O[*])O)O)O)O)OC(C(O)CO)=O)O)O,564,5.832923998020208
Pair_866,O=C([*])C(C)O[*],[*]OC1C(C(C(OC1C)OC2C(C(OC(C2O)COC(C)=O)OC3C(C(C(OC3C(O)=O)OC4C(C(C(OC4CO)O[*])O)O)O)O)OC(C(O)CO)=O)O)O,565,5.993820658508566
Pair_867,COCC1OC(OC2C(CO)OC(O[*])C(OC)C2OC)C(OC)C(O)C1O[*],[*]OC1C(C(C(OC1C)OC2C(C(OC(C2O)COC(C)=O)OC3C(C(C(OC3C(O)=O)OC4C(C(C(OC4CO)O[*])O)O)O)O)OC(C(O)CO)=O)O)O,566,5.765129172541143
Pair_868,[*]OC1C(C(C(OC1C)OC2C(C(OC(C2O)COC(C)=O)OC3C(C(C(OC3C(O)=O)OC4C(C(C(OC4CO)O[*])O)O)O)O)OC(C(O)CO)=O)O)O,[H]N(C(O[*])=O)CCCCCCN(C(OCCCCO[*])=O)[H],567,5.918475552664963
Pair_869,COC(C(C[*])([*])C)=O,[*]OC1C(C(C(OC1C)OC2C(C(OC(C2O)COC(C)=O)OC3C(C(C(OC3C(O)=O)OC4C(C(C(OC4CO)O[*])O)O)O)O)OC(C(O)CO)=O)O)O,568,5.9493300503419135
Pair_870,[*]OC1C(C(C(OC1C)OC2C(C(OC(C2O)COC(C)=O)OC3C(C(C(OC3C(O)=O)OC4C(C(C(OC4CO)O[*])O)O)O)O)OC(C(O)CO)=O)O)O,[*]OC1OC(CO)C(OC2C(O)C(O)C([*])C(CO)O2)C(O)C1O,569,5.965385801695735
Pair_871,[*]CC(C)(C(OCCO)=O)[*],[*]OC1C(C(C(OC1C)OC2C(C(OC(C2O)COC(C)=O)OC3C(C(C(OC3C(O)=O)OC4C(C(C(OC4CO)O[*])O)O)O)O)OC(C(O)CO)=O)O)O,570,5.874987690872553
Pair_872,[*]C(N(CN(C(OCOC(N(CN(C(OCCO[*])=O)[H])[H])=O)=O)[H])[H])=O,[*]OC1C(C(C(OC1C)OC2C(C(OC(C2O)COC(C)=O)OC3C(C(C(OC3C(O)=O)OC4C(C(C(OC4CO)O[*])O)O)O)O)OC(C(O)CO)=O)O)O,571,5.87912184044626
Pair_873,O=C([*])CCCCCO[*],[*]OC1C(C(C(OC1C)OC2C(C(OC(C2O)COC(C)=O)OC3C(C(C(OC3C(O)=O)OC4C(C(C(OC4CO)O[*])O)O)O)O)OC(C(O)CO)=O)O)O,572,5.987567210914646
Pair_874,O=C(N1C(C([*])=O)CC(O)C1)CNC(C2CCCN2[*])=O,[*]OC1C(C(C(OC1C)OC2C(C(OC(C2O)COC(C)=O)OC3C(C(C(OC3C(O)=O)OC4C(C(C(OC4CO)O[*])O)O)O)O)OC(C(O)CO)=O)O)O,573,5.872742756213415
Pair_875,O=C(C(OC(C=O)OC1C(C(C(OC1C(O[Na])=O)O[*])O)O)C(C=O)[*])O[Na],[*]OC1C(C(C(OC1C)OC2C(C(OC(C2O)COC(C)=O)OC3C(C(C(OC3C(O)=O)OC4C(C(C(OC4CO)O[*])O)O)O)O)OC(C(O)CO)=O)O)O,574,5.72553593463519
Pair_901,CC(NC1C([C@@H](C(O[C@H]1O[*])CO)O[C@@H]2OC([C@H]([C@@H](C2NC(C)=O)O)[*])CO)O)=O,O=C([*])C(C)O[*],575,6.6780720928119734
Pair_902,CC(NC1C([C@@H](C(O[C@H]1O[*])CO)O[C@@H]2OC([C@H]([C@@H](C2NC(C)=O)O)[*])CO)O)=O,COCC1OC(OC2C(CO)OC(O[*])C(OC)C2OC)C(OC)C(O)C1O[*],576,6.0117043584240015
Pair_903,CC(NC1C([C@@H](C(O[C@H]1O[*])CO)O[C@@H]2OC([C@H]([C@@H](C2NC(C)=O)O)[*])CO)O)=O,[H]N(C(O[*])=O)CCCCCCN(C(OCCCCO[*])=O)[H],577,6.108517899074758
Pair_904,CC(NC1C([C@@H](C(O[C@H]1O[*])CO)O[C@@H]2OC([C@H]([C@@H](C2NC(C)=O)O)[*])CO)O)=O,COC(C(C[*])([*])C)=O,578,6.468357690014934
Pair_905,CC(NC1C([C@@H](C(O[C@H]1O[*])CO)O[C@@H]2OC([C@H]([C@@H](C2NC(C)=O)O)[*])CO)O)=O,[*]OC1OC(CO)C(OC2C(O)C(O)C([*])C(CO)O2)C(O)C1O,579,6.667932486664116
Pair_906,CC(NC1C([C@@H](C(O[C@H]1O[*])CO)O[C@@H]2OC([C@H]([C@@H](C2NC(C)=O)O)[*])CO)O)=O,[*]CC(C)(C(OCCO)=O)[*],580,5.039340874336573
Pair_907,CC(NC1C([C@@H](C(O[C@H]1O[*])CO)O[C@@H]2OC([C@H]([C@@H](C2NC(C)=O)O)[*])CO)O)=O,[*]C(N(CN(C(OCOC(N(CN(C(OCCO[*])=O)[H])[H])=O)=O)[H])[H])=O,581,5.684419022101866
Pair_908,CC(NC1C([C@@H](C(O[C@H]1O[*])CO)O[C@@H]2OC([C@H]([C@@H](C2NC(C)=O)O)[*])CO)O)=O,O=C([*])CCCCCO[*],582,6.288803630614438
Pair_909,CC(NC1C([C@@H](C(O[C@H]1O[*])CO)O[C@@H]2OC([C@H]([C@@H](C2NC(C)=O)O)[*])CO)O)=O,O=C(N1C(C([*])=O)CC(O)C1)CNC(C2CCCN2[*])=O,583,5.777335636956659
Pair_910,CC(NC1C([C@@H](C(O[C@H]1O[*])CO)O[C@@H]2OC([C@H]([C@@H](C2NC(C)=O)O)[*])CO)O)=O,O=C(C(OC(C=O)OC1C(C(C(OC1C(O[Na])=O)O[*])O)O)C(C=O)[*])O[Na],584,5.771330456259353
Pair_937,COCC1OC(OC2C(CO)OC(O[*])C(OC)C2OC)C(OC)C(O)C1O[*],O=C([*])C(C)O[*],585,6.044856170841915
Pair_938,O=C([*])C(C)O[*],[H]N(C(O[*])=O)CCCCCCN(C(OCCCCO[*])=O)[H],586,5.775489903666451
Pair_939,COC(C(C[*])([*])C)=O,O=C([*])C(C)O[*],587,6.2365107435827145
Pair_940,O=C([*])C(C)O[*],[*]OC1OC(CO)C(OC2C(O)C(O)C([*])C(CO)O2)C(O)C1O,588,6.431123004883497
Pair_941,O=C([*])C(C)O[*],[*]CC(C)(C(OCCO)=O)[*],589,3.591229801442301
Pair_942,O=C([*])C(C)O[*],[*]C(N(CN(C(OCOC(N(CN(C(OCCO[*])=O)[H])[H])=O)=O)[H])[H])=O,590,5.0335724367899095
Pair_943,O=C([*])C(C)O[*],O=C([*])CCCCCO[*],591,5.7742460462490435
Pair_944,O=C(N1C(C([*])=O)CC(O)C1)CNC(C2CCCN2[*])=O,O=C([*])C(C)O[*],592,5.250449550398537
Pair_945,O=C(C(OC(C=O)OC1C(C(C(OC1C(O[Na])=O)O[*])O)O)C(C=O)[*])O[Na],O=C([*])C(C)O[*],593,5.727790394579054
Pair_973,COCC1OC(OC2C(CO)OC(O[*])C(OC)C2OC)C(OC)C(O)C1O[*],[H]N(C(O[*])=O)CCCCCCN(C(OCCCCO[*])=O)[H],594,5.792718837167719
Pair_974,COC(C(C[*])([*])C)=O,COCC1OC(OC2C(CO)OC(O[*])C(OC)C2OC)C(OC)C(O)C1O[*],595,5.9627476850270185
Pair_975,COCC1OC(OC2C(CO)OC(O[*])C(OC)C2OC)C(OC)C(O)C1O[*],[*]OC1OC(CO)C(OC2C(O)C(O)C([*])C(CO)O2)C(O)C1O,596,6.004047910874221
Pair_976,COCC1OC(OC2C(CO)OC(O[*])C(OC)C2OC)C(OC)C(O)C1O[*],[*]CC(C)(C(OCCO)=O)[*],597,5.237333810676931
Pair_977,COCC1OC(OC2C(CO)OC(O[*])C(OC)C2OC)C(OC)C(O)C1O[*],[*]C(N(CN(C(OCOC(N(CN(C(OCCO[*])=O)[H])[H])=O)=O)[H])[H])=O,598,5.5779746567629145
Pair_978,COCC1OC(OC2C(CO)OC(O[*])C(OC)C2OC)C(OC)C(O)C1O[*],O=C([*])CCCCCO[*],599,5.850005911552254
Pair_979,COCC1OC(OC2C(CO)OC(O[*])C(OC)C2OC)C(OC)C(O)C1O[*],O=C(N1C(C([*])=O)CC(O)C1)CNC(C2CCCN2[*])=O,600,5.682614536106059
Pair_980,COCC1OC(OC2C(CO)OC(O[*])C(OC)C2OC)C(OC)C(O)C1O[*],O=C(C(OC(C=O)OC1C(C(C(OC1C(O[Na])=O)O[*])O)O)C(C=O)[*])O[Na],601,5.71718368600923
Pair_1009,COC(C(C[*])([*])C)=O,[H]N(C(O[*])=O)CCCCCCN(C(OCCCCO[*])=O)[H],602,5.518795134398049
Pair_1010,[*]OC1OC(CO)C(OC2C(O)C(O)C([*])C(CO)O2)C(O)C1O,[H]N(C(O[*])=O)CCCCCCN(C(OCCCCO[*])=O)[H],603,5.886301149046466
Pair_1011,[*]CC(C)(C(OCCO)=O)[*],[H]N(C(O[*])=O)CCCCCCN(C(OCCCCO[*])=O)[H],604,3.539238539951771
Pair_1012,[*]C(N(CN(C(OCOC(N(CN(C(OCCO[*])=O)[H])[H])=O)=O)[H])[H])=O,[H]N(C(O[*])=O)CCCCCCN(C(OCCCCO[*])=O)[H],605,4.298106782097808
Pair_1013,O=C([*])CCCCCO[*],[H]N(C(O[*])=O)CCCCCCN(C(OCCCCO[*])=O)[H],606,4.883597797850467
Pair_1014,O=C(N1C(C([*])=O)CC(O)C1)CNC(C2CCCN2[*])=O,[H]N(C(O[*])=O)CCCCCCN(C(OCCCCO[*])=O)[H],607,4.339678734392492
Pair_1015,O=C(C(OC(C=O)OC1C(C(C(OC1C(O[Na])=O)O[*])O)O)C(C=O)[*])O[Na],[H]N(C(O[*])=O)CCCCCCN(C(OCCCCO[*])=O)[H],608,5.6339672037622455
Pair_1045,COC(C(C[*])([*])C)=O,[*]OC1OC(CO)C(OC2C(O)C(O)C([*])C(CO)O2)C(O)C1O,609,6.19210718068928
Pair_1046,COC(C(C[*])([*])C)=O,[*]CC(C)(C(OCCO)=O)[*],610,3.5679319574009725
Pair_1047,COC(C(C[*])([*])C)=O,[*]C(N(CN(C(OCOC(N(CN(C(OCCO[*])=O)[H])[H])=O)=O)[H])[H])=O,611,5.086955915480182
Pair_1048,COC(C(C[*])([*])C)=O,O=C([*])CCCCCO[*],612,5.61110736531991
Pair_1049,COC(C(C[*])([*])C)=O,O=C(N1C(C([*])=O)CC(O)C1)CNC(C2CCCN2[*])=O,613,5.1992940998533195
Pair_1050,COC(C(C[*])([*])C)=O,O=C(C(OC(C=O)OC1C(C(C(OC1C(O[Na])=O)O[*])O)O)C(C=O)[*])O[Na],614,5.7153520440673
Pair_1081,[*]CC(C)(C(OCCO)=O)[*],[*]OC1OC(CO)C(OC2C(O)C(O)C([*])C(CO)O2)C(O)C1O,615,3.685469629700789
Pair_1082,[*]C(N(CN(C(OCOC(N(CN(C(OCCO[*])=O)[H])[H])=O)=O)[H])[H])=O,[*]OC1OC(CO)C(OC2C(O)C(O)C([*])C(CO)O2)C(O)C1O,616,4.968963557830513
Pair_1083,O=C([*])CCCCCO[*],[*]OC1OC(CO)C(OC2C(O)C(O)C([*])C(CO)O2)C(O)C1O,617,5.853055595932444
Pair_1084,O=C(N1C(C([*])=O)CC(O)C1)CNC(C2CCCN2[*])=O,[*]OC1OC(CO)C(OC2C(O)C(O)C([*])C(CO)O2)C(O)C1O,618,5.612398661730648
Pair_1085,O=C(C(OC(C=O)OC1C(C(C(OC1C(O[Na])=O)O[*])O)O)C(C=O)[*])O[Na],[*]OC1OC(CO)C(OC2C(O)C(O)C([*])C(CO)O2)C(O)C1O,619,5.7372346586997915
Pair_1117,[*]C(N(CN(C(OCOC(N(CN(C(OCCO[*])=O)[H])[H])=O)=O)[H])[H])=O,[*]CC(C)(C(OCCO)=O)[*],620,3.5790982087764154
Pair_1118,O=C([*])CCCCCO[*],[*]CC(C)(C(OCCO)=O)[*],621,3.2020255105933733
Pair_1119,O=C(N1C(C([*])=O)CC(O)C1)CNC(C2CCCN2[*])=O,[*]CC(C)(C(OCCO)=O)[*],622,3.81554295191997
Pair_1120,O=C(C(OC(C=O)OC1C(C(C(OC1C(O[Na])=O)O[*])O)O)C(C=O)[*])O[Na],[*]CC(C)(C(OCCO)=O)[*],623,5.402817218060125
Pair_1153,O=C([*])CCCCCO[*],[*]C(N(CN(C(OCOC(N(CN(C(OCCO[*])=O)[H])[H])=O)=O)[H])[H])=O,624,4.348855168602359
Pair_1154,O=C(N1C(C([*])=O)CC(O)C1)CNC(C2CCCN2[*])=O,[*]C(N(CN(C(OCOC(N(CN(C(OCCO[*])=O)[H])[H])=O)=O)[H])[H])=O,625,4.504584991615697
Pair_1155,O=C(C(OC(C=O)OC1C(C(C(OC1C(O[Na])=O)O[*])O)O)C(C=O)[*])O[Na],[*]C(N(CN(C(OCOC(N(CN(C(OCCO[*])=O)[H])[H])=O)=O)[H])[H])=O,626,5.541151662211672
Pair_1189,O=C(N1C(C([*])=O)CC(O)C1)CNC(C2CCCN2[*])=O,O=C([*])CCCCCO[*],627,4.637427396126463
Pair_1190,O=C(C(OC(C=O)OC1C(C(C(OC1C(O[Na])=O)O[*])O)O)C(C=O)[*])O[Na],O=C([*])CCCCCO[*],628,5.632115771917018
Pair_1225,O=C(C(OC(C=O)OC1C(C(C(OC1C(O[Na])=O)O[*])O)O)C(C=O)[*])O[Na],O=C(N1C(C([*])=O)CC(O)C1)CNC(C2CCCN2[*])=O,629,5.578207204756809
