params,R2_gcv_mean
"{'n_estimators': 300, 'max_depth': 10, 'min_samples_split': 12, 'min_samples_leaf': 2, 'max_features': 0.1}",0.487292
"{'n_estimators': 300, 'max_depth': 10, 'min_samples_split': 12, 'min_samples_leaf': 2, 'max_features': 0.2}",0.492616
"{'n_estimators': 300, 'max_depth': 10, 'min_samples_split': 12, 'min_samples_leaf': 4, 'max_features': 0.1}",0.488149
"{'n_estimators': 300, 'max_depth': 10, 'min_samples_split': 12, 'min_samples_leaf': 4, 'max_features': 0.2}",0.495802
"{'n_estimators': 300, 'max_depth': 10, 'min_samples_split': 16, 'min_samples_leaf': 2, 'max_features': 0.1}",0.488484
"{'n_estimators': 300, 'max_depth': 10, 'min_samples_split': 16, 'min_samples_leaf': 2, 'max_features': 0.2}",0.492522
"{'n_estimators': 300, 'max_depth': 10, 'min_samples_split': 16, 'min_samples_leaf': 4, 'max_features': 0.1}",0.487742
"{'n_estimators': 300, 'max_depth': 10, 'min_samples_split': 16, 'min_samples_leaf': 4, 'max_features': 0.2}",0.494469
"{'n_estimators': 300, 'max_depth': 15, 'min_samples_split': 12, 'min_samples_leaf': 2, 'max_features': 0.1}",0.502492
"{'n_estimators': 300, 'max_depth': 15, 'min_samples_split': 12, 'min_samples_leaf': 2, 'max_features': 0.2}",0.504944
"{'n_estimators': 300, 'max_depth': 15, 'min_samples_split': 12, 'min_samples_leaf': 4, 'max_features': 0.1}",0.502775
"{'n_estimators': 300, 'max_depth': 15, 'min_samples_split': 12, 'min_samples_leaf': 4, 'max_features': 0.2}",0.506954
"{'n_estimators': 300, 'max_depth': 15, 'min_samples_split': 16, 'min_samples_leaf': 2, 'max_features': 0.1}",0.502416
"{'n_estimators': 300, 'max_depth': 15, 'min_samples_split': 16, 'min_samples_leaf': 2, 'max_features': 0.2}",0.505916
"{'n_estimators': 300, 'max_depth': 15, 'min_samples_split': 16, 'min_samples_leaf': 4, 'max_features': 0.1}",0.499792
"{'n_estimators': 300, 'max_depth': 15, 'min_samples_split': 16, 'min_samples_leaf': 4, 'max_features': 0.2}",0.504014
"{'n_estimators': 300, 'max_depth': 20, 'min_samples_split': 12, 'min_samples_leaf': 2, 'max_features': 0.1}",0.506396
"{'n_estimators': 300, 'max_depth': 20, 'min_samples_split': 12, 'min_samples_leaf': 2, 'max_features': 0.2}",0.506492
"{'n_estimators': 300, 'max_depth': 20, 'min_samples_split': 12, 'min_samples_leaf': 4, 'max_features': 0.1}",0.50381
"{'n_estimators': 300, 'max_depth': 20, 'min_samples_split': 12, 'min_samples_leaf': 4, 'max_features': 0.2}",0.505471
"{'n_estimators': 300, 'max_depth': 20, 'min_samples_split': 16, 'min_samples_leaf': 2, 'max_features': 0.1}",0.50635
"{'n_estimators': 300, 'max_depth': 20, 'min_samples_split': 16, 'min_samples_leaf': 2, 'max_features': 0.2}",0.507898
"{'n_estimators': 300, 'max_depth': 20, 'min_samples_split': 16, 'min_samples_leaf': 4, 'max_features': 0.1}",0.501605
"{'n_estimators': 300, 'max_depth': 20, 'min_samples_split': 16, 'min_samples_leaf': 4, 'max_features': 0.2}",0.507205
"{'n_estimators': 300, 'max_depth': 25, 'min_samples_split': 12, 'min_samples_leaf': 2, 'max_features': 0.1}",0.507341
"{'n_estimators': 300, 'max_depth': 25, 'min_samples_split': 12, 'min_samples_leaf': 2, 'max_features': 0.2}",0.505933
"{'n_estimators': 300, 'max_depth': 25, 'min_samples_split': 12, 'min_samples_leaf': 4, 'max_features': 0.1}",0.503704
"{'n_estimators': 300, 'max_depth': 25, 'min_samples_split': 12, 'min_samples_leaf': 4, 'max_features': 0.2}",0.50725
"{'n_estimators': 300, 'max_depth': 25, 'min_samples_split': 16, 'min_samples_leaf': 2, 'max_features': 0.1}",0.506103
"{'n_estimators': 300, 'max_depth': 25, 'min_samples_split': 16, 'min_samples_leaf': 2, 'max_features': 0.2}",0.505363
"{'n_estimators': 300, 'max_depth': 25, 'min_samples_split': 16, 'min_samples_leaf': 4, 'max_features': 0.1}",0.500902
"{'n_estimators': 300, 'max_depth': 25, 'min_samples_split': 16, 'min_samples_leaf': 4, 'max_features': 0.2}",0.505193
"{'n_estimators': 400, 'max_depth': 10, 'min_samples_split': 12, 'min_samples_leaf': 2, 'max_features': 0.1}",0.487665
"{'n_estimators': 400, 'max_depth': 10, 'min_samples_split': 12, 'min_samples_leaf': 2, 'max_features': 0.2}",0.493731
"{'n_estimators': 400, 'max_depth': 10, 'min_samples_split': 12, 'min_samples_leaf': 4, 'max_features': 0.1}",0.489173
"{'n_estimators': 400, 'max_depth': 10, 'min_samples_split': 12, 'min_samples_leaf': 4, 'max_features': 0.2}",0.495981
"{'n_estimators': 400, 'max_depth': 10, 'min_samples_split': 16, 'min_samples_leaf': 2, 'max_features': 0.1}",0.488199
"{'n_estimators': 400, 'max_depth': 10, 'min_samples_split': 16, 'min_samples_leaf': 2, 'max_features': 0.2}",0.493042
"{'n_estimators': 400, 'max_depth': 10, 'min_samples_split': 16, 'min_samples_leaf': 4, 'max_features': 0.1}",0.488092
"{'n_estimators': 400, 'max_depth': 10, 'min_samples_split': 16, 'min_samples_leaf': 4, 'max_features': 0.2}",0.494484
"{'n_estimators': 400, 'max_depth': 15, 'min_samples_split': 12, 'min_samples_leaf': 2, 'max_features': 0.1}",0.503203
"{'n_estimators': 400, 'max_depth': 15, 'min_samples_split': 12, 'min_samples_leaf': 2, 'max_features': 0.2}",0.505569
"{'n_estimators': 400, 'max_depth': 15, 'min_samples_split': 12, 'min_samples_leaf': 4, 'max_features': 0.1}",0.503165
"{'n_estimators': 400, 'max_depth': 15, 'min_samples_split': 12, 'min_samples_leaf': 4, 'max_features': 0.2}",0.506934
"{'n_estimators': 400, 'max_depth': 15, 'min_samples_split': 16, 'min_samples_leaf': 2, 'max_features': 0.1}",0.501911
"{'n_estimators': 400, 'max_depth': 15, 'min_samples_split': 16, 'min_samples_leaf': 2, 'max_features': 0.2}",0.506069
"{'n_estimators': 400, 'max_depth': 15, 'min_samples_split': 16, 'min_samples_leaf': 4, 'max_features': 0.1}",0.499685
"{'n_estimators': 400, 'max_depth': 15, 'min_samples_split': 16, 'min_samples_leaf': 4, 'max_features': 0.2}",0.504771
"{'n_estimators': 400, 'max_depth': 20, 'min_samples_split': 12, 'min_samples_leaf': 2, 'max_features': 0.1}",0.506617
"{'n_estimators': 400, 'max_depth': 20, 'min_samples_split': 12, 'min_samples_leaf': 2, 'max_features': 0.2}",0.506327
"{'n_estimators': 400, 'max_depth': 20, 'min_samples_split': 12, 'min_samples_leaf': 4, 'max_features': 0.1}",0.50452
"{'n_estimators': 400, 'max_depth': 20, 'min_samples_split': 12, 'min_samples_leaf': 4, 'max_features': 0.2}",0.506946
"{'n_estimators': 400, 'max_depth': 20, 'min_samples_split': 16, 'min_samples_leaf': 2, 'max_features': 0.1}",0.506282
"{'n_estimators': 400, 'max_depth': 20, 'min_samples_split': 16, 'min_samples_leaf': 2, 'max_features': 0.2}",0.508485
"{'n_estimators': 400, 'max_depth': 20, 'min_samples_split': 16, 'min_samples_leaf': 4, 'max_features': 0.1}",0.501932
"{'n_estimators': 400, 'max_depth': 20, 'min_samples_split': 16, 'min_samples_leaf': 4, 'max_features': 0.2}",0.506718
"{'n_estimators': 400, 'max_depth': 25, 'min_samples_split': 12, 'min_samples_leaf': 2, 'max_features': 0.1}",0.506091
"{'n_estimators': 400, 'max_depth': 25, 'min_samples_split': 12, 'min_samples_leaf': 2, 'max_features': 0.2}",0.506349
"{'n_estimators': 400, 'max_depth': 25, 'min_samples_split': 12, 'min_samples_leaf': 4, 'max_features': 0.1}",0.502986
"{'n_estimators': 400, 'max_depth': 25, 'min_samples_split': 12, 'min_samples_leaf': 4, 'max_features': 0.2}",0.507613
"{'n_estimators': 400, 'max_depth': 25, 'min_samples_split': 16, 'min_samples_leaf': 2, 'max_features': 0.1}",0.505293
"{'n_estimators': 400, 'max_depth': 25, 'min_samples_split': 16, 'min_samples_leaf': 2, 'max_features': 0.2}",0.505206
"{'n_estimators': 400, 'max_depth': 25, 'min_samples_split': 16, 'min_samples_leaf': 4, 'max_features': 0.1}",0.500802
"{'n_estimators': 400, 'max_depth': 25, 'min_samples_split': 16, 'min_samples_leaf': 4, 'max_features': 0.2}",0.506029
"{'n_estimators': 600, 'max_depth': 10, 'min_samples_split': 12, 'min_samples_leaf': 2, 'max_features': 0.1}",0.488603
"{'n_estimators': 600, 'max_depth': 10, 'min_samples_split': 12, 'min_samples_leaf': 2, 'max_features': 0.2}",0.493797
"{'n_estimators': 600, 'max_depth': 10, 'min_samples_split': 12, 'min_samples_leaf': 4, 'max_features': 0.1}",0.489088
"{'n_estimators': 600, 'max_depth': 10, 'min_samples_split': 12, 'min_samples_leaf': 4, 'max_features': 0.2}",0.495975
"{'n_estimators': 600, 'max_depth': 10, 'min_samples_split': 16, 'min_samples_leaf': 2, 'max_features': 0.1}",0.4881
"{'n_estimators': 600, 'max_depth': 10, 'min_samples_split': 16, 'min_samples_leaf': 2, 'max_features': 0.2}",0.493598
"{'n_estimators': 600, 'max_depth': 10, 'min_samples_split': 16, 'min_samples_leaf': 4, 'max_features': 0.1}",0.486983
"{'n_estimators': 600, 'max_depth': 10, 'min_samples_split': 16, 'min_samples_leaf': 4, 'max_features': 0.2}",0.494331
"{'n_estimators': 600, 'max_depth': 15, 'min_samples_split': 12, 'min_samples_leaf': 2, 'max_features': 0.1}",0.503658
"{'n_estimators': 600, 'max_depth': 15, 'min_samples_split': 12, 'min_samples_leaf': 2, 'max_features': 0.2}",0.505558
"{'n_estimators': 600, 'max_depth': 15, 'min_samples_split': 12, 'min_samples_leaf': 4, 'max_features': 0.1}",0.502318
"{'n_estimators': 600, 'max_depth': 15, 'min_samples_split': 12, 'min_samples_leaf': 4, 'max_features': 0.2}",0.50732
"{'n_estimators': 600, 'max_depth': 15, 'min_samples_split': 16, 'min_samples_leaf': 2, 'max_features': 0.1}",0.502059
"{'n_estimators': 600, 'max_depth': 15, 'min_samples_split': 16, 'min_samples_leaf': 2, 'max_features': 0.2}",0.506454
"{'n_estimators': 600, 'max_depth': 15, 'min_samples_split': 16, 'min_samples_leaf': 4, 'max_features': 0.1}",0.499353
"{'n_estimators': 600, 'max_depth': 15, 'min_samples_split': 16, 'min_samples_leaf': 4, 'max_features': 0.2}",0.504928
"{'n_estimators': 600, 'max_depth': 20, 'min_samples_split': 12, 'min_samples_leaf': 2, 'max_features': 0.1}",0.506842
"{'n_estimators': 600, 'max_depth': 20, 'min_samples_split': 12, 'min_samples_leaf': 2, 'max_features': 0.2}",0.506824
"{'n_estimators': 600, 'max_depth': 20, 'min_samples_split': 12, 'min_samples_leaf': 4, 'max_features': 0.1}",0.503246
"{'n_estimators': 600, 'max_depth': 20, 'min_samples_split': 12, 'min_samples_leaf': 4, 'max_features': 0.2}",0.507119
"{'n_estimators': 600, 'max_depth': 20, 'min_samples_split': 16, 'min_samples_leaf': 2, 'max_features': 0.1}",0.505784
"{'n_estimators': 600, 'max_depth': 20, 'min_samples_split': 16, 'min_samples_leaf': 2, 'max_features': 0.2}",0.508059
"{'n_estimators': 600, 'max_depth': 20, 'min_samples_split': 16, 'min_samples_leaf': 4, 'max_features': 0.1}",0.501544
"{'n_estimators': 600, 'max_depth': 20, 'min_samples_split': 16, 'min_samples_leaf': 4, 'max_features': 0.2}",0.506907
"{'n_estimators': 600, 'max_depth': 25, 'min_samples_split': 12, 'min_samples_leaf': 2, 'max_features': 0.1}",0.505662
"{'n_estimators': 600, 'max_depth': 25, 'min_samples_split': 12, 'min_samples_leaf': 2, 'max_features': 0.2}",0.507423
"{'n_estimators': 600, 'max_depth': 25, 'min_samples_split': 12, 'min_samples_leaf': 4, 'max_features': 0.1}",0.501974
"{'n_estimators': 600, 'max_depth': 25, 'min_samples_split': 12, 'min_samples_leaf': 4, 'max_features': 0.2}",0.507354
"{'n_estimators': 600, 'max_depth': 25, 'min_samples_split': 16, 'min_samples_leaf': 2, 'max_features': 0.1}",0.504298
"{'n_estimators': 600, 'max_depth': 25, 'min_samples_split': 16, 'min_samples_leaf': 2, 'max_features': 0.2}",0.505848
"{'n_estimators': 600, 'max_depth': 25, 'min_samples_split': 16, 'min_samples_leaf': 4, 'max_features': 0.1}",0.499697
"{'n_estimators': 600, 'max_depth': 25, 'min_samples_split': 16, 'min_samples_leaf': 4, 'max_features': 0.2}",0.505752
